[2017-11-11 14:33:02] local.ERROR: exception 'Symfony\Component\Console\Exception\CommandNotFoundException' with message 'Command "seve" is not defined.

Did you mean this?
    serve' in C:\Users\Thorn\Desktop\epq\vendor\symfony\console\Application.php:578
Stack trace:
#0 C:\Users\Thorn\Desktop\epq\vendor\symfony\console\Application.php(199): Symfony\Component\Console\Application->find('seve')
#1 C:\Users\Thorn\Desktop\epq\vendor\symfony\console\Application.php(122): Symfony\Component\Console\Application->doRun(Object(Symfony\Component\Console\Input\ArgvInput), Object(Symfony\Component\Console\Output\ConsoleOutput))
#2 C:\Users\Thorn\Desktop\epq\vendor\laravel\framework\src\Illuminate\Foundation\Console\Kernel.php(122): Symfony\Component\Console\Application->run(Object(Symfony\Component\Console\Input\ArgvInput), Object(Symfony\Component\Console\Output\ConsoleOutput))
#3 C:\Users\Thorn\Desktop\epq\artisan(36): Illuminate\Foundation\Console\Kernel->handle(Object(Symfony\Component\Console\Input\ArgvInput), Object(Symfony\Component\Console\Output\ConsoleOutput))
#4 {main}  
[2017-11-11 14:49:36] local.ERROR: exception 'Symfony\Component\Console\Exception\CommandNotFoundException' with message 'There are no commands defined in the "create" namespace.' in C:\Users\Thorn\Desktop\epq\vendor\symfony\console\Application.php:530
Stack trace:
#0 C:\Users\Thorn\Desktop\epq\vendor\symfony\console\Application.php(564): Symfony\Component\Console\Application->findNamespace('create')
#1 C:\Users\Thorn\Desktop\epq\vendor\symfony\console\Application.php(199): Symfony\Component\Console\Application->find('create:auth')
#2 C:\Users\Thorn\Desktop\epq\vendor\symfony\console\Application.php(122): Symfony\Component\Console\Application->doRun(Object(Symfony\Component\Console\Input\ArgvInput), Object(Symfony\Component\Console\Output\ConsoleOutput))
#3 C:\Users\Thorn\Desktop\epq\vendor\laravel\framework\src\Illuminate\Foundation\Console\Kernel.php(122): Symfony\Component\Console\Application->run(Object(Symfony\Component\Console\Input\ArgvInput), Object(Symfony\Component\Console\Output\ConsoleOutput))
#4 C:\Users\Thorn\Desktop\epq\artisan(36): Illuminate\Foundation\Console\Kernel->handle(Object(Symfony\Component\Console\Input\ArgvInput), Object(Symfony\Component\Console\Output\ConsoleOutput))
#5 {main}  
[2017-11-11 14:49:41] local.ERROR: exception 'Symfony\Component\Console\Exception\CommandNotFoundException' with message 'Command "create" is not defined.' in C:\Users\Thorn\Desktop\epq\vendor\symfony\console\Application.php:578
Stack trace:
#0 C:\Users\Thorn\Desktop\epq\vendor\symfony\console\Application.php(199): Symfony\Component\Console\Application->find('create')
#1 C:\Users\Thorn\Desktop\epq\vendor\symfony\console\Application.php(122): Symfony\Component\Console\Application->doRun(Object(Symfony\Component\Console\Input\ArgvInput), Object(Symfony\Component\Console\Output\ConsoleOutput))
#2 C:\Users\Thorn\Desktop\epq\vendor\laravel\framework\src\Illuminate\Foundation\Console\Kernel.php(122): Symfony\Component\Console\Application->run(Object(Symfony\Component\Console\Input\ArgvInput), Object(Symfony\Component\Console\Output\ConsoleOutput))
#3 C:\Users\Thorn\Desktop\epq\artisan(36): Illuminate\Foundation\Console\Kernel->handle(Object(Symfony\Component\Console\Input\ArgvInput), Object(Symfony\Component\Console\Output\ConsoleOutput))
#4 {main}  
[2017-11-11 14:49:50] local.ERROR: exception 'Symfony\Component\Console\Exception\CommandNotFoundException' with message 'Command "make" is not defined.

Did you mean one of these?
    make:auth
    make:command
    make:controller
    make:event
    make:job
    make:listener
    make:mail
    make:middleware
    make:migration
    make:model
    make:notification
    make:policy
    make:provider
    make:request
    make:seeder
    make:test' in C:\Users\Thorn\Desktop\epq\vendor\symfony\console\Application.php:578
Stack trace:
#0 C:\Users\Thorn\Desktop\epq\vendor\symfony\console\Application.php(199): Symfony\Component\Console\Application->find('make')
#1 C:\Users\Thorn\Desktop\epq\vendor\symfony\console\Application.php(122): Symfony\Component\Console\Application->doRun(Object(Symfony\Component\Console\Input\ArgvInput), Object(Symfony\Component\Console\Output\ConsoleOutput))
#2 C:\Users\Thorn\Desktop\epq\vendor\laravel\framework\src\Illuminate\Foundation\Console\Kernel.php(122): Symfony\Component\Console\Application->run(Object(Symfony\Component\Console\Input\ArgvInput), Object(Symfony\Component\Console\Output\ConsoleOutput))
#3 C:\Users\Thorn\Desktop\epq\artisan(36): Illuminate\Foundation\Console\Kernel->handle(Object(Symfony\Component\Console\Input\ArgvInput), Object(Symfony\Component\Console\Output\ConsoleOutput))
#4 {main}  
[2017-11-11 16:46:51] local.ERROR: exception 'Symfony\Component\Debug\Exception\FatalErrorException' with message 'Class 'App\Providers\Schema' not found' in C:\Users\Thorn\Desktop\epq\app\Providers\AppServiceProvider.php:17
Stack trace:
#0 {main}  
[2017-11-11 16:47:15] local.ERROR: exception 'Symfony\Component\Debug\Exception\FatalErrorException' with message 'Class 'App\Providers\Schema' not found' in C:\Users\Thorn\Desktop\epq\app\Providers\AppServiceProvider.php:17
Stack trace:
#0 {main}  
[2017-11-11 16:48:04] local.ERROR: exception 'PDOException' with message 'SQLSTATE[HY000] [2002] No connection could be made because the target machine actively refused it.
' in C:\Users\Thorn\Desktop\epq\vendor\laravel\framework\src\Illuminate\Database\Connectors\Connector.php:68
Stack trace:
#0 C:\Users\Thorn\Desktop\epq\vendor\laravel\framework\src\Illuminate\Database\Connectors\Connector.php(68): PDO->__construct('mysql:host=127....', 'root', '', Array)
#1 C:\Users\Thorn\Desktop\epq\vendor\laravel\framework\src\Illuminate\Database\Connectors\Connector.php(45): Illuminate\Database\Connectors\Connector->createPdoConnection('mysql:host=127....', 'root', '', Array)
#2 C:\Users\Thorn\Desktop\epq\vendor\laravel\framework\src\Illuminate\Database\Connectors\MySqlConnector.php(24): Illuminate\Database\Connectors\Connector->createConnection('mysql:host=127....', Array, Array)
#3 C:\Users\Thorn\Desktop\epq\vendor\laravel\framework\src\Illuminate\Database\Connectors\ConnectionFactory.php(183): Illuminate\Database\Connectors\MySqlConnector->connect(Array)
#4 [internal function]: Illuminate\Database\Connectors\ConnectionFactory->Illuminate\Database\Connectors\{closure}()
#5 C:\Users\Thorn\Desktop\epq\vendor\laravel\framework\src\Illuminate\Database\Connection.php(883): call_user_func(Object(Closure))
#6 C:\Users\Thorn\Desktop\epq\vendor\laravel\framework\src\Illuminate\Database\Connection.php(904): Illuminate\Database\Connection->getPdo()
#7 C:\Users\Thorn\Desktop\epq\vendor\laravel\framework\src\Illuminate\Database\Connection.php(392): Illuminate\Database\Connection->getReadPdo()
#8 C:\Users\Thorn\Desktop\epq\vendor\laravel\framework\src\Illuminate\Database\Connection.php(318): Illuminate\Database\Connection->getPdoForSelect(true)
#9 C:\Users\Thorn\Desktop\epq\vendor\laravel\framework\src\Illuminate\Database\Connection.php(640): Illuminate\Database\Connection->Illuminate\Database\{closure}('select * from i...', Array)
#10 C:\Users\Thorn\Desktop\epq\vendor\laravel\framework\src\Illuminate\Database\Connection.php(607): Illuminate\Database\Connection->runQueryCallback('select * from i...', Array, Object(Closure))
#11 C:\Users\Thorn\Desktop\epq\vendor\laravel\framework\src\Illuminate\Database\Connection.php(326): Illuminate\Database\Connection->run('select * from i...', Array, Object(Closure))
#12 C:\Users\Thorn\Desktop\epq\vendor\laravel\framework\src\Illuminate\Database\Schema\MySqlBuilder.php(19): Illuminate\Database\Connection->select('select * from i...', Array)
#13 C:\Users\Thorn\Desktop\epq\vendor\laravel\framework\src\Illuminate\Database\Migrations\DatabaseMigrationRepository.php(154): Illuminate\Database\Schema\MySqlBuilder->hasTable('migrations')
#14 C:\Users\Thorn\Desktop\epq\vendor\laravel\framework\src\Illuminate\Database\Migrations\Migrator.php(544): Illuminate\Database\Migrations\DatabaseMigrationRepository->repositoryExists()
#15 C:\Users\Thorn\Desktop\epq\vendor\laravel\framework\src\Illuminate\Database\Console\Migrations\MigrateCommand.php(96): Illuminate\Database\Migrations\Migrator->repositoryExists()
#16 C:\Users\Thorn\Desktop\epq\vendor\laravel\framework\src\Illuminate\Database\Console\Migrations\MigrateCommand.php(62): Illuminate\Database\Console\Migrations\MigrateCommand->prepareDatabase()
#17 [internal function]: Illuminate\Database\Console\Migrations\MigrateCommand->fire()
#18 C:\Users\Thorn\Desktop\epq\vendor\laravel\framework\src\Illuminate\Container\BoundMethod.php(30): call_user_func_array(Array, Array)
#19 C:\Users\Thorn\Desktop\epq\vendor\laravel\framework\src\Illuminate\Container\BoundMethod.php(87): Illuminate\Container\BoundMethod::Illuminate\Container\{closure}()
#20 C:\Users\Thorn\Desktop\epq\vendor\laravel\framework\src\Illuminate\Container\BoundMethod.php(31): Illuminate\Container\BoundMethod::callBoundMethod(Object(Illuminate\Foundation\Application), Array, Object(Closure))
#21 C:\Users\Thorn\Desktop\epq\vendor\laravel\framework\src\Illuminate\Container\Container.php(539): Illuminate\Container\BoundMethod::call(Object(Illuminate\Foundation\Application), Array, Array, NULL)
#22 C:\Users\Thorn\Desktop\epq\vendor\laravel\framework\src\Illuminate\Console\Command.php(182): Illuminate\Container\Container->call(Array)
#23 C:\Users\Thorn\Desktop\epq\vendor\symfony\console\Command\Command.php(240): Illuminate\Console\Command->execute(Object(Symfony\Component\Console\Input\ArgvInput), Object(Illuminate\Console\OutputStyle))
#24 C:\Users\Thorn\Desktop\epq\vendor\laravel\framework\src\Illuminate\Console\Command.php(168): Symfony\Component\Console\Command\Command->run(Object(Symfony\Component\Console\Input\ArgvInput), Object(Illuminate\Console\OutputStyle))
#25 C:\Users\Thorn\Desktop\epq\vendor\symfony\console\Application.php(860): Illuminate\Console\Command->run(Object(Symfony\Component\Console\Input\ArgvInput), Object(Symfony\Component\Console\Output\ConsoleOutput))
#26 C:\Users\Thorn\Desktop\epq\vendor\symfony\console\Application.php(218): Symfony\Component\Console\Application->doRunCommand(Object(Illuminate\Database\Console\Migrations\MigrateCommand), Object(Symfony\Component\Console\Input\ArgvInput), Object(Symfony\Component\Console\Output\ConsoleOutput))
#27 C:\Users\Thorn\Desktop\epq\vendor\symfony\console\Application.php(122): Symfony\Component\Console\Application->doRun(Object(Symfony\Component\Console\Input\ArgvInput), Object(Symfony\Component\Console\Output\ConsoleOutput))
#28 C:\Users\Thorn\Desktop\epq\vendor\laravel\framework\src\Illuminate\Foundation\Console\Kernel.php(122): Symfony\Component\Console\Application->run(Object(Symfony\Component\Console\Input\ArgvInput), Object(Symfony\Component\Console\Output\ConsoleOutput))
#29 C:\Users\Thorn\Desktop\epq\artisan(36): Illuminate\Foundation\Console\Kernel->handle(Object(Symfony\Component\Console\Input\ArgvInput), Object(Symfony\Component\Console\Output\ConsoleOutput))
#30 {main}  
[2017-11-11 16:48:04] local.ERROR: exception 'PDOException' with message 'SQLSTATE[HY000] [2002] No connection could be made because the target machine actively refused it.
' in C:\Users\Thorn\Desktop\epq\vendor\laravel\framework\src\Illuminate\Database\Connectors\Connector.php:68
Stack trace:
#0 C:\Users\Thorn\Desktop\epq\vendor\laravel\framework\src\Illuminate\Database\Connectors\Connector.php(68): PDO->__construct('mysql:host=127....', 'root', '', Array)
#1 C:\Users\Thorn\Desktop\epq\vendor\laravel\framework\src\Illuminate\Database\Connectors\Connector.php(45): Illuminate\Database\Connectors\Connector->createPdoConnection('mysql:host=127....', 'root', '', Array)
#2 C:\Users\Thorn\Desktop\epq\vendor\laravel\framework\src\Illuminate\Database\Connectors\MySqlConnector.php(24): Illuminate\Database\Connectors\Connector->createConnection('mysql:host=127....', Array, Array)
#3 C:\Users\Thorn\Desktop\epq\vendor\laravel\framework\src\Illuminate\Database\Connectors\ConnectionFactory.php(183): Illuminate\Database\Connectors\MySqlConnector->connect(Array)
#4 [internal function]: Illuminate\Database\Connectors\ConnectionFactory->Illuminate\Database\Connectors\{closure}()
#5 C:\Users\Thorn\Desktop\epq\vendor\laravel\framework\src\Illuminate\Database\Connection.php(883): call_user_func(Object(Closure))
#6 C:\Users\Thorn\Desktop\epq\vendor\laravel\framework\src\Illuminate\Database\Connection.php(904): Illuminate\Database\Connection->getPdo()
#7 C:\Users\Thorn\Desktop\epq\vendor\laravel\framework\src\Illuminate\Database\Connection.php(392): Illuminate\Database\Connection->getReadPdo()
#8 C:\Users\Thorn\Desktop\epq\vendor\laravel\framework\src\Illuminate\Database\Connection.php(318): Illuminate\Database\Connection->getPdoForSelect(true)
#9 C:\Users\Thorn\Desktop\epq\vendor\laravel\framework\src\Illuminate\Database\Connection.php(640): Illuminate\Database\Connection->Illuminate\Database\{closure}('select * from i...', Array)
#10 C:\Users\Thorn\Desktop\epq\vendor\laravel\framework\src\Illuminate\Database\Connection.php(607): Illuminate\Database\Connection->runQueryCallback('select * from i...', Array, Object(Closure))
#11 C:\Users\Thorn\Desktop\epq\vendor\laravel\framework\src\Illuminate\Database\Connection.php(326): Illuminate\Database\Connection->run('select * from i...', Array, Object(Closure))
#12 C:\Users\Thorn\Desktop\epq\vendor\laravel\framework\src\Illuminate\Database\Schema\MySqlBuilder.php(19): Illuminate\Database\Connection->select('select * from i...', Array)
#13 C:\Users\Thorn\Desktop\epq\vendor\laravel\framework\src\Illuminate\Database\Migrations\DatabaseMigrationRepository.php(154): Illuminate\Database\Schema\MySqlBuilder->hasTable('migrations')
#14 C:\Users\Thorn\Desktop\epq\vendor\laravel\framework\src\Illuminate\Database\Migrations\Migrator.php(544): Illuminate\Database\Migrations\DatabaseMigrationRepository->repositoryExists()
#15 C:\Users\Thorn\Desktop\epq\vendor\laravel\framework\src\Illuminate\Database\Console\Migrations\MigrateCommand.php(96): Illuminate\Database\Migrations\Migrator->repositoryExists()
#16 C:\Users\Thorn\Desktop\epq\vendor\laravel\framework\src\Illuminate\Database\Console\Migrations\MigrateCommand.php(62): Illuminate\Database\Console\Migrations\MigrateCommand->prepareDatabase()
#17 [internal function]: Illuminate\Database\Console\Migrations\MigrateCommand->fire()
#18 C:\Users\Thorn\Desktop\epq\vendor\laravel\framework\src\Illuminate\Container\BoundMethod.php(30): call_user_func_array(Array, Array)
#19 C:\Users\Thorn\Desktop\epq\vendor\laravel\framework\src\Illuminate\Container\BoundMethod.php(87): Illuminate\Container\BoundMethod::Illuminate\Container\{closure}()
#20 C:\Users\Thorn\Desktop\epq\vendor\laravel\framework\src\Illuminate\Container\BoundMethod.php(31): Illuminate\Container\BoundMethod::callBoundMethod(Object(Illuminate\Foundation\Application), Array, Object(Closure))
#21 C:\Users\Thorn\Desktop\epq\vendor\laravel\framework\src\Illuminate\Container\Container.php(539): Illuminate\Container\BoundMethod::call(Object(Illuminate\Foundation\Application), Array, Array, NULL)
#22 C:\Users\Thorn\Desktop\epq\vendor\laravel\framework\src\Illuminate\Console\Command.php(182): Illuminate\Container\Container->call(Array)
#23 C:\Users\Thorn\Desktop\epq\vendor\symfony\console\Command\Command.php(240): Illuminate\Console\Command->execute(Object(Symfony\Component\Console\Input\ArgvInput), Object(Illuminate\Console\OutputStyle))
#24 C:\Users\Thorn\Desktop\epq\vendor\laravel\framework\src\Illuminate\Console\Command.php(168): Symfony\Component\Console\Command\Command->run(Object(Symfony\Component\Console\Input\ArgvInput), Object(Illuminate\Console\OutputStyle))
#25 C:\Users\Thorn\Desktop\epq\vendor\symfony\console\Application.php(860): Illuminate\Console\Command->run(Object(Symfony\Component\Console\Input\ArgvInput), Object(Symfony\Component\Console\Output\ConsoleOutput))
#26 C:\Users\Thorn\Desktop\epq\vendor\symfony\console\Application.php(218): Symfony\Component\Console\Application->doRunCommand(Object(Illuminate\Database\Console\Migrations\MigrateCommand), Object(Symfony\Component\Console\Input\ArgvInput), Object(Symfony\Component\Console\Output\ConsoleOutput))
#27 C:\Users\Thorn\Desktop\epq\vendor\symfony\console\Application.php(122): Symfony\Component\Console\Application->doRun(Object(Symfony\Component\Console\Input\ArgvInput), Object(Symfony\Component\Console\Output\ConsoleOutput))
#28 C:\Users\Thorn\Desktop\epq\vendor\laravel\framework\src\Illuminate\Foundation\Console\Kernel.php(122): Symfony\Component\Console\Application->run(Object(Symfony\Component\Console\Input\ArgvInput), Object(Symfony\Component\Console\Output\ConsoleOutput))
#29 C:\Users\Thorn\Desktop\epq\artisan(36): Illuminate\Foundation\Console\Kernel->handle(Object(Symfony\Component\Console\Input\ArgvInput), Object(Symfony\Component\Console\Output\ConsoleOutput))
#30 {main}

Next exception 'Illuminate\Database\QueryException' with message 'SQLSTATE[HY000] [2002] No connection could be made because the target machine actively refused it.
 (SQL: select * from information_schema.tables where table_schema = epq and table_name = migrations)' in C:\Users\Thorn\Desktop\epq\vendor\laravel\framework\src\Illuminate\Database\Connection.php:647
Stack trace:
#0 C:\Users\Thorn\Desktop\epq\vendor\laravel\framework\src\Illuminate\Database\Connection.php(607): Illuminate\Database\Connection->runQueryCallback('select * from i...', Array, Object(Closure))
#1 C:\Users\Thorn\Desktop\epq\vendor\laravel\framework\src\Illuminate\Database\Connection.php(326): Illuminate\Database\Connection->run('select * from i...', Array, Object(Closure))
#2 C:\Users\Thorn\Desktop\epq\vendor\laravel\framework\src\Illuminate\Database\Schema\MySqlBuilder.php(19): Illuminate\Database\Connection->select('select * from i...', Array)
#3 C:\Users\Thorn\Desktop\epq\vendor\laravel\framework\src\Illuminate\Database\Migrations\DatabaseMigrationRepository.php(154): Illuminate\Database\Schema\MySqlBuilder->hasTable('migrations')
#4 C:\Users\Thorn\Desktop\epq\vendor\laravel\framework\src\Illuminate\Database\Migrations\Migrator.php(544): Illuminate\Database\Migrations\DatabaseMigrationRepository->repositoryExists()
#5 C:\Users\Thorn\Desktop\epq\vendor\laravel\framework\src\Illuminate\Database\Console\Migrations\MigrateCommand.php(96): Illuminate\Database\Migrations\Migrator->repositoryExists()
#6 C:\Users\Thorn\Desktop\epq\vendor\laravel\framework\src\Illuminate\Database\Console\Migrations\MigrateCommand.php(62): Illuminate\Database\Console\Migrations\MigrateCommand->prepareDatabase()
#7 [internal function]: Illuminate\Database\Console\Migrations\MigrateCommand->fire()
#8 C:\Users\Thorn\Desktop\epq\vendor\laravel\framework\src\Illuminate\Container\BoundMethod.php(30): call_user_func_array(Array, Array)
#9 C:\Users\Thorn\Desktop\epq\vendor\laravel\framework\src\Illuminate\Container\BoundMethod.php(87): Illuminate\Container\BoundMethod::Illuminate\Container\{closure}()
#10 C:\Users\Thorn\Desktop\epq\vendor\laravel\framework\src\Illuminate\Container\BoundMethod.php(31): Illuminate\Container\BoundMethod::callBoundMethod(Object(Illuminate\Foundation\Application), Array, Object(Closure))
#11 C:\Users\Thorn\Desktop\epq\vendor\laravel\framework\src\Illuminate\Container\Container.php(539): Illuminate\Container\BoundMethod::call(Object(Illuminate\Foundation\Application), Array, Array, NULL)
#12 C:\Users\Thorn\Desktop\epq\vendor\laravel\framework\src\Illuminate\Console\Command.php(182): Illuminate\Container\Container->call(Array)
#13 C:\Users\Thorn\Desktop\epq\vendor\symfony\console\Command\Command.php(240): Illuminate\Console\Command->execute(Object(Symfony\Component\Console\Input\ArgvInput), Object(Illuminate\Console\OutputStyle))
#14 C:\Users\Thorn\Desktop\epq\vendor\laravel\framework\src\Illuminate\Console\Command.php(168): Symfony\Component\Console\Command\Command->run(Object(Symfony\Component\Console\Input\ArgvInput), Object(Illuminate\Console\OutputStyle))
#15 C:\Users\Thorn\Desktop\epq\vendor\symfony\console\Application.php(860): Illuminate\Console\Command->run(Object(Symfony\Component\Console\Input\ArgvInput), Object(Symfony\Component\Console\Output\ConsoleOutput))
#16 C:\Users\Thorn\Desktop\epq\vendor\symfony\console\Application.php(218): Symfony\Component\Console\Application->doRunCommand(Object(Illuminate\Database\Console\Migrations\MigrateCommand), Object(Symfony\Component\Console\Input\ArgvInput), Object(Symfony\Component\Console\Output\ConsoleOutput))
#17 C:\Users\Thorn\Desktop\epq\vendor\symfony\console\Application.php(122): Symfony\Component\Console\Application->doRun(Object(Symfony\Component\Console\Input\ArgvInput), Object(Symfony\Component\Console\Output\ConsoleOutput))
#18 C:\Users\Thorn\Desktop\epq\vendor\laravel\framework\src\Illuminate\Foundation\Console\Kernel.php(122): Symfony\Component\Console\Application->run(Object(Symfony\Component\Console\Input\ArgvInput), Object(Symfony\Component\Console\Output\ConsoleOutput))
#19 C:\Users\Thorn\Desktop\epq\artisan(36): Illuminate\Foundation\Console\Kernel->handle(Object(Symfony\Component\Console\Input\ArgvInput), Object(Symfony\Component\Console\Output\ConsoleOutput))
#20 {main}  
[2017-12-10 14:47:25] local.ERROR: exception 'PDOException' with message 'SQLSTATE[HY000] [2002] No connection could be made because the target machine actively refused it.
' in C:\Users\Thorn\Desktop\epq\vendor\laravel\framework\src\Illuminate\Database\Connectors\Connector.php:68
Stack trace:
#0 C:\Users\Thorn\Desktop\epq\vendor\laravel\framework\src\Illuminate\Database\Connectors\Connector.php(68): PDO->__construct('mysql:host=127....', 'root', '', Array)
#1 C:\Users\Thorn\Desktop\epq\vendor\laravel\framework\src\Illuminate\Database\Connectors\Connector.php(45): Illuminate\Database\Connectors\Connector->createPdoConnection('mysql:host=127....', 'root', '', Array)
#2 C:\Users\Thorn\Desktop\epq\vendor\laravel\framework\src\Illuminate\Database\Connectors\MySqlConnector.php(24): Illuminate\Database\Connectors\Connector->createConnection('mysql:host=127....', Array, Array)
#3 C:\Users\Thorn\Desktop\epq\vendor\laravel\framework\src\Illuminate\Database\Connectors\ConnectionFactory.php(183): Illuminate\Database\Connectors\MySqlConnector->connect(Array)
#4 [internal function]: Illuminate\Database\Connectors\ConnectionFactory->Illuminate\Database\Connectors\{closure}()
#5 C:\Users\Thorn\Desktop\epq\vendor\laravel\framework\src\Illuminate\Database\Connection.php(883): call_user_func(Object(Closure))
#6 C:\Users\Thorn\Desktop\epq\vendor\laravel\framework\src\Illuminate\Database\Connection.php(904): Illuminate\Database\Connection->getPdo()
#7 C:\Users\Thorn\Desktop\epq\vendor\laravel\framework\src\Illuminate\Database\Connection.php(392): Illuminate\Database\Connection->getReadPdo()
#8 C:\Users\Thorn\Desktop\epq\vendor\laravel\framework\src\Illuminate\Database\Connection.php(318): Illuminate\Database\Connection->getPdoForSelect(true)
#9 C:\Users\Thorn\Desktop\epq\vendor\laravel\framework\src\Illuminate\Database\Connection.php(640): Illuminate\Database\Connection->Illuminate\Database\{closure}('select * from `...', Array)
#10 C:\Users\Thorn\Desktop\epq\vendor\laravel\framework\src\Illuminate\Database\Connection.php(607): Illuminate\Database\Connection->runQueryCallback('select * from `...', Array, Object(Closure))
#11 C:\Users\Thorn\Desktop\epq\vendor\laravel\framework\src\Illuminate\Database\Connection.php(326): Illuminate\Database\Connection->run('select * from `...', Array, Object(Closure))
#12 C:\Users\Thorn\Desktop\epq\vendor\laravel\framework\src\Illuminate\Database\Query\Builder.php(1706): Illuminate\Database\Connection->select('select * from `...', Array, true)
#13 C:\Users\Thorn\Desktop\epq\vendor\laravel\framework\src\Illuminate\Database\Query\Builder.php(1690): Illuminate\Database\Query\Builder->runSelect()
#14 C:\Users\Thorn\Desktop\epq\vendor\laravel\framework\src\Illuminate\Database\Eloquent\Builder.php(462): Illuminate\Database\Query\Builder->get(Array)
#15 C:\Users\Thorn\Desktop\epq\vendor\laravel\framework\src\Illuminate\Database\Eloquent\Builder.php(446): Illuminate\Database\Eloquent\Builder->getModels(Array)
#16 C:\Users\Thorn\Desktop\epq\vendor\laravel\framework\src\Illuminate\Database\Concerns\BuildsQueries.php(75): Illuminate\Database\Eloquent\Builder->get(Array)
#17 C:\Users\Thorn\Desktop\epq\vendor\laravel\framework\src\Illuminate\Auth\EloquentUserProvider.php(114): Illuminate\Database\Eloquent\Builder->first()
#18 C:\Users\Thorn\Desktop\epq\vendor\laravel\framework\src\Illuminate\Auth\SessionGuard.php(352): Illuminate\Auth\EloquentUserProvider->retrieveByCredentials(Array)
#19 C:\Users\Thorn\Desktop\epq\vendor\laravel\framework\src\Illuminate\Foundation\Auth\AuthenticatesUsers.php(77): Illuminate\Auth\SessionGuard->attempt(Array, false)
#20 C:\Users\Thorn\Desktop\epq\vendor\laravel\framework\src\Illuminate\Foundation\Auth\AuthenticatesUsers.php(41): App\Http\Controllers\Auth\LoginController->attemptLogin(Object(Illuminate\Http\Request))
#21 [internal function]: App\Http\Controllers\Auth\LoginController->login(Object(Illuminate\Http\Request))
#22 C:\Users\Thorn\Desktop\epq\vendor\laravel\framework\src\Illuminate\Routing\Controller.php(55): call_user_func_array(Array, Array)
#23 C:\Users\Thorn\Desktop\epq\vendor\laravel\framework\src\Illuminate\Routing\ControllerDispatcher.php(44): Illuminate\Routing\Controller->callAction('login', Array)
#24 C:\Users\Thorn\Desktop\epq\vendor\laravel\framework\src\Illuminate\Routing\Route.php(204): Illuminate\Routing\ControllerDispatcher->dispatch(Object(Illuminate\Routing\Route), Object(App\Http\Controllers\Auth\LoginController), 'login')
#25 C:\Users\Thorn\Desktop\epq\vendor\laravel\framework\src\Illuminate\Routing\Route.php(160): Illuminate\Routing\Route->runController()
#26 C:\Users\Thorn\Desktop\epq\vendor\laravel\framework\src\Illuminate\Routing\Router.php(572): Illuminate\Routing\Route->run()
#27 C:\Users\Thorn\Desktop\epq\vendor\laravel\framework\src\Illuminate\Routing\Pipeline.php(30): Illuminate\Routing\Router->Illuminate\Routing\{closure}(Object(Illuminate\Http\Request))
#28 C:\Users\Thorn\Desktop\epq\app\Http\Middleware\RedirectIfAuthenticated.php(24): Illuminate\Routing\Pipeline->Illuminate\Routing\{closure}(Object(Illuminate\Http\Request))
#29 C:\Users\Thorn\Desktop\epq\vendor\laravel\framework\src\Illuminate\Pipeline\Pipeline.php(148): App\Http\Middleware\RedirectIfAuthenticated->handle(Object(Illuminate\Http\Request), Object(Closure))
#30 C:\Users\Thorn\Desktop\epq\vendor\laravel\framework\src\Illuminate\Routing\Pipeline.php(53): Illuminate\Pipeline\Pipeline->Illuminate\Pipeline\{closure}(Object(Illuminate\Http\Request))
#31 C:\Users\Thorn\Desktop\epq\vendor\laravel\framework\src\Illuminate\Routing\Middleware\SubstituteBindings.php(41): Illuminate\Routing\Pipeline->Illuminate\Routing\{closure}(Object(Illuminate\Http\Request))
#32 C:\Users\Thorn\Desktop\epq\vendor\laravel\framework\src\Illuminate\Pipeline\Pipeline.php(148): Illuminate\Routing\Middleware\SubstituteBindings->handle(Object(Illuminate\Http\Request), Object(Closure))
#33 C:\Users\Thorn\Desktop\epq\vendor\laravel\framework\src\Illuminate\Routing\Pipeline.php(53): Illuminate\Pipeline\Pipeline->Illuminate\Pipeline\{closure}(Object(Illuminate\Http\Request))
#34 C:\Users\Thorn\Desktop\epq\vendor\laravel\framework\src\Illuminate\Foundation\Http\Middleware\VerifyCsrfToken.php(65): Illuminate\Routing\Pipeline->Illuminate\Routing\{closure}(Object(Illuminate\Http\Request))
#35 C:\Users\Thorn\Desktop\epq\vendor\laravel\framework\src\Illuminate\Pipeline\Pipeline.php(148): Illuminate\Foundation\Http\Middleware\VerifyCsrfToken->handle(Object(Illuminate\Http\Request), Object(Closure))
#36 C:\Users\Thorn\Desktop\epq\vendor\laravel\framework\src\Illuminate\Routing\Pipeline.php(53): Illuminate\Pipeline\Pipeline->Illuminate\Pipeline\{closure}(Object(Illuminate\Http\Request))
#37 C:\Users\Thorn\Desktop\epq\vendor\laravel\framework\src\Illuminate\View\Middleware\ShareErrorsFromSession.php(49): Illuminate\Routing\Pipeline->Illuminate\Routing\{closure}(Object(Illuminate\Http\Request))
#38 C:\Users\Thorn\Desktop\epq\vendor\laravel\framework\src\Illuminate\Pipeline\Pipeline.php(148): Illuminate\View\Middleware\ShareErrorsFromSession->handle(Object(Illuminate\Http\Request), Object(Closure))
#39 C:\Users\Thorn\Desktop\epq\vendor\laravel\framework\src\Illuminate\Routing\Pipeline.php(53): Illuminate\Pipeline\Pipeline->Illuminate\Pipeline\{closure}(Object(Illuminate\Http\Request))
#40 C:\Users\Thorn\Desktop\epq\vendor\laravel\framework\src\Illuminate\Session\Middleware\StartSession.php(64): Illuminate\Routing\Pipeline->Illuminate\Routing\{closure}(Object(Illuminate\Http\Request))
#41 C:\Users\Thorn\Desktop\epq\vendor\laravel\framework\src\Illuminate\Pipeline\Pipeline.php(148): Illuminate\Session\Middleware\StartSession->handle(Object(Illuminate\Http\Request), Object(Closure))
#42 C:\Users\Thorn\Desktop\epq\vendor\laravel\framework\src\Illuminate\Routing\Pipeline.php(53): Illuminate\Pipeline\Pipeline->Illuminate\Pipeline\{closure}(Object(Illuminate\Http\Request))
#43 C:\Users\Thorn\Desktop\epq\vendor\laravel\framework\src\Illuminate\Cookie\Middleware\AddQueuedCookiesToResponse.php(37): Illuminate\Routing\Pipeline->Illuminate\Routing\{closure}(Object(Illuminate\Http\Request))
#44 C:\Users\Thorn\Desktop\epq\vendor\laravel\framework\src\Illuminate\Pipeline\Pipeline.php(148): Illuminate\Cookie\Middleware\AddQueuedCookiesToResponse->handle(Object(Illuminate\Http\Request), Object(Closure))
#45 C:\Users\Thorn\Desktop\epq\vendor\laravel\framework\src\Illuminate\Routing\Pipeline.php(53): Illuminate\Pipeline\Pipeline->Illuminate\Pipeline\{closure}(Object(Illuminate\Http\Request))
#46 C:\Users\Thorn\Desktop\epq\vendor\laravel\framework\src\Illuminate\Cookie\Middleware\EncryptCookies.php(59): Illuminate\Routing\Pipeline->Illuminate\Routing\{closure}(Object(Illuminate\Http\Request))
#47 C:\Users\Thorn\Desktop\epq\vendor\laravel\framework\src\Illuminate\Pipeline\Pipeline.php(148): Illuminate\Cookie\Middleware\EncryptCookies->handle(Object(Illuminate\Http\Request), Object(Closure))
#48 C:\Users\Thorn\Desktop\epq\vendor\laravel\framework\src\Illuminate\Routing\Pipeline.php(53): Illuminate\Pipeline\Pipeline->Illuminate\Pipeline\{closure}(Object(Illuminate\Http\Request))
#49 C:\Users\Thorn\Desktop\epq\vendor\laravel\framework\src\Illuminate\Pipeline\Pipeline.php(102): Illuminate\Routing\Pipeline->Illuminate\Routing\{closure}(Object(Illuminate\Http\Request))
#50 C:\Users\Thorn\Desktop\epq\vendor\laravel\framework\src\Illuminate\Routing\Router.php(574): Illuminate\Pipeline\Pipeline->then(Object(Closure))
#51 C:\Users\Thorn\Desktop\epq\vendor\laravel\framework\src\Illuminate\Routing\Router.php(533): Illuminate\Routing\Router->runRouteWithinStack(Object(Illuminate\Routing\Route), Object(Illuminate\Http\Request))
#52 C:\Users\Thorn\Desktop\epq\vendor\laravel\framework\src\Illuminate\Routing\Router.php(511): Illuminate\Routing\Router->dispatchToRoute(Object(Illuminate\Http\Request))
#53 C:\Users\Thorn\Desktop\epq\vendor\laravel\framework\src\Illuminate\Foundation\Http\Kernel.php(176): Illuminate\Routing\Router->dispatch(Object(Illuminate\Http\Request))
#54 C:\Users\Thorn\Desktop\epq\vendor\laravel\framework\src\Illuminate\Routing\Pipeline.php(30): Illuminate\Foundation\Http\Kernel->Illuminate\Foundation\Http\{closure}(Object(Illuminate\Http\Request))
#55 C:\Users\Thorn\Desktop\epq\vendor\laravel\framework\src\Illuminate\Foundation\Http\Middleware\TransformsRequest.php(30): Illuminate\Routing\Pipeline->Illuminate\Routing\{closure}(Object(Illuminate\Http\Request))
#56 C:\Users\Thorn\Desktop\epq\vendor\laravel\framework\src\Illuminate\Pipeline\Pipeline.php(148): Illuminate\Foundation\Http\Middleware\TransformsRequest->handle(Object(Illuminate\Http\Request), Object(Closure))
#57 C:\Users\Thorn\Desktop\epq\vendor\laravel\framework\src\Illuminate\Routing\Pipeline.php(53): Illuminate\Pipeline\Pipeline->Illuminate\Pipeline\{closure}(Object(Illuminate\Http\Request))
#58 C:\Users\Thorn\Desktop\epq\vendor\laravel\framework\src\Illuminate\Foundation\Http\Middleware\TransformsRequest.php(30): Illuminate\Routing\Pipeline->Illuminate\Routing\{closure}(Object(Illuminate\Http\Request))
#59 C:\Users\Thorn\Desktop\epq\vendor\laravel\framework\src\Illuminate\Pipeline\Pipeline.php(148): Illuminate\Foundation\Http\Middleware\TransformsRequest->handle(Object(Illuminate\Http\Request), Object(Closure))
#60 C:\Users\Thorn\Desktop\epq\vendor\laravel\framework\src\Illuminate\Routing\Pipeline.php(53): Illuminate\Pipeline\Pipeline->Illuminate\Pipeline\{closure}(Object(Illuminate\Http\Request))
#61 C:\Users\Thorn\Desktop\epq\vendor\laravel\framework\src\Illuminate\Foundation\Http\Middleware\ValidatePostSize.php(27): Illuminate\Routing\Pipeline->Illuminate\Routing\{closure}(Object(Illuminate\Http\Request))
#62 C:\Users\Thorn\Desktop\epq\vendor\laravel\framework\src\Illuminate\Pipeline\Pipeline.php(148): Illuminate\Foundation\Http\Middleware\ValidatePostSize->handle(Object(Illuminate\Http\Request), Object(Closure))
#63 C:\Users\Thorn\Desktop\epq\vendor\laravel\framework\src\Illuminate\Routing\Pipeline.php(53): Illuminate\Pipeline\Pipeline->Illuminate\Pipeline\{closure}(Object(Illuminate\Http\Request))
#64 C:\Users\Thorn\Desktop\epq\vendor\laravel\framework\src\Illuminate\Foundation\Http\Middleware\CheckForMaintenanceMode.php(46): Illuminate\Routing\Pipeline->Illuminate\Routing\{closure}(Object(Illuminate\Http\Request))
#65 C:\Users\Thorn\Desktop\epq\vendor\laravel\framework\src\Illuminate\Pipeline\Pipeline.php(148): Illuminate\Foundation\Http\Middleware\CheckForMaintenanceMode->handle(Object(Illuminate\Http\Request), Object(Closure))
#66 C:\Users\Thorn\Desktop\epq\vendor\laravel\framework\src\Illuminate\Routing\Pipeline.php(53): Illuminate\Pipeline\Pipeline->Illuminate\Pipeline\{closure}(Object(Illuminate\Http\Request))
#67 C:\Users\Thorn\Desktop\epq\vendor\laravel\framework\src\Illuminate\Pipeline\Pipeline.php(102): Illuminate\Routing\Pipeline->Illuminate\Routing\{closure}(Object(Illuminate\Http\Request))
#68 C:\Users\Thorn\Desktop\epq\vendor\laravel\framework\src\Illuminate\Foundation\Http\Kernel.php(151): Illuminate\Pipeline\Pipeline->then(Object(Closure))
#69 C:\Users\Thorn\Desktop\epq\vendor\laravel\framework\src\Illuminate\Foundation\Http\Kernel.php(116): Illuminate\Foundation\Http\Kernel->sendRequestThroughRouter(Object(Illuminate\Http\Request))
#70 C:\Users\Thorn\Desktop\epq\public\index.php(54): Illuminate\Foundation\Http\Kernel->handle(Object(Illuminate\Http\Request))
#71 C:\Users\Thorn\Desktop\epq\server.php(21): require_once('C:\\Users\\Thorn\\...')
#72 {main}  
[2017-12-10 14:47:25] local.ERROR: exception 'PDOException' with message 'SQLSTATE[HY000] [2002] No connection could be made because the target machine actively refused it.
' in C:\Users\Thorn\Desktop\epq\vendor\laravel\framework\src\Illuminate\Database\Connectors\Connector.php:68
Stack trace:
#0 C:\Users\Thorn\Desktop\epq\vendor\laravel\framework\src\Illuminate\Database\Connectors\Connector.php(68): PDO->__construct('mysql:host=127....', 'root', '', Array)
#1 C:\Users\Thorn\Desktop\epq\vendor\laravel\framework\src\Illuminate\Database\Connectors\Connector.php(45): Illuminate\Database\Connectors\Connector->createPdoConnection('mysql:host=127....', 'root', '', Array)
#2 C:\Users\Thorn\Desktop\epq\vendor\laravel\framework\src\Illuminate\Database\Connectors\MySqlConnector.php(24): Illuminate\Database\Connectors\Connector->createConnection('mysql:host=127....', Array, Array)
#3 C:\Users\Thorn\Desktop\epq\vendor\laravel\framework\src\Illuminate\Database\Connectors\ConnectionFactory.php(183): Illuminate\Database\Connectors\MySqlConnector->connect(Array)
#4 [internal function]: Illuminate\Database\Connectors\ConnectionFactory->Illuminate\Database\Connectors\{closure}()
#5 C:\Users\Thorn\Desktop\epq\vendor\laravel\framework\src\Illuminate\Database\Connection.php(883): call_user_func(Object(Closure))
#6 C:\Users\Thorn\Desktop\epq\vendor\laravel\framework\src\Illuminate\Database\Connection.php(904): Illuminate\Database\Connection->getPdo()
#7 C:\Users\Thorn\Desktop\epq\vendor\laravel\framework\src\Illuminate\Database\Connection.php(392): Illuminate\Database\Connection->getReadPdo()
#8 C:\Users\Thorn\Desktop\epq\vendor\laravel\framework\src\Illuminate\Database\Connection.php(318): Illuminate\Database\Connection->getPdoForSelect(true)
#9 C:\Users\Thorn\Desktop\epq\vendor\laravel\framework\src\Illuminate\Database\Connection.php(640): Illuminate\Database\Connection->Illuminate\Database\{closure}('select * from `...', Array)
#10 C:\Users\Thorn\Desktop\epq\vendor\laravel\framework\src\Illuminate\Database\Connection.php(607): Illuminate\Database\Connection->runQueryCallback('select * from `...', Array, Object(Closure))
#11 C:\Users\Thorn\Desktop\epq\vendor\laravel\framework\src\Illuminate\Database\Connection.php(326): Illuminate\Database\Connection->run('select * from `...', Array, Object(Closure))
#12 C:\Users\Thorn\Desktop\epq\vendor\laravel\framework\src\Illuminate\Database\Query\Builder.php(1706): Illuminate\Database\Connection->select('select * from `...', Array, true)
#13 C:\Users\Thorn\Desktop\epq\vendor\laravel\framework\src\Illuminate\Database\Query\Builder.php(1690): Illuminate\Database\Query\Builder->runSelect()
#14 C:\Users\Thorn\Desktop\epq\vendor\laravel\framework\src\Illuminate\Database\Eloquent\Builder.php(462): Illuminate\Database\Query\Builder->get(Array)
#15 C:\Users\Thorn\Desktop\epq\vendor\laravel\framework\src\Illuminate\Database\Eloquent\Builder.php(446): Illuminate\Database\Eloquent\Builder->getModels(Array)
#16 C:\Users\Thorn\Desktop\epq\vendor\laravel\framework\src\Illuminate\Database\Concerns\BuildsQueries.php(75): Illuminate\Database\Eloquent\Builder->get(Array)
#17 C:\Users\Thorn\Desktop\epq\vendor\laravel\framework\src\Illuminate\Auth\EloquentUserProvider.php(114): Illuminate\Database\Eloquent\Builder->first()
#18 C:\Users\Thorn\Desktop\epq\vendor\laravel\framework\src\Illuminate\Auth\SessionGuard.php(352): Illuminate\Auth\EloquentUserProvider->retrieveByCredentials(Array)
#19 C:\Users\Thorn\Desktop\epq\vendor\laravel\framework\src\Illuminate\Foundation\Auth\AuthenticatesUsers.php(77): Illuminate\Auth\SessionGuard->attempt(Array, false)
#20 C:\Users\Thorn\Desktop\epq\vendor\laravel\framework\src\Illuminate\Foundation\Auth\AuthenticatesUsers.php(41): App\Http\Controllers\Auth\LoginController->attemptLogin(Object(Illuminate\Http\Request))
#21 [internal function]: App\Http\Controllers\Auth\LoginController->login(Object(Illuminate\Http\Request))
#22 C:\Users\Thorn\Desktop\epq\vendor\laravel\framework\src\Illuminate\Routing\Controller.php(55): call_user_func_array(Array, Array)
#23 C:\Users\Thorn\Desktop\epq\vendor\laravel\framework\src\Illuminate\Routing\ControllerDispatcher.php(44): Illuminate\Routing\Controller->callAction('login', Array)
#24 C:\Users\Thorn\Desktop\epq\vendor\laravel\framework\src\Illuminate\Routing\Route.php(204): Illuminate\Routing\ControllerDispatcher->dispatch(Object(Illuminate\Routing\Route), Object(App\Http\Controllers\Auth\LoginController), 'login')
#25 C:\Users\Thorn\Desktop\epq\vendor\laravel\framework\src\Illuminate\Routing\Route.php(160): Illuminate\Routing\Route->runController()
#26 C:\Users\Thorn\Desktop\epq\vendor\laravel\framework\src\Illuminate\Routing\Router.php(572): Illuminate\Routing\Route->run()
#27 C:\Users\Thorn\Desktop\epq\vendor\laravel\framework\src\Illuminate\Routing\Pipeline.php(30): Illuminate\Routing\Router->Illuminate\Routing\{closure}(Object(Illuminate\Http\Request))
#28 C:\Users\Thorn\Desktop\epq\app\Http\Middleware\RedirectIfAuthenticated.php(24): Illuminate\Routing\Pipeline->Illuminate\Routing\{closure}(Object(Illuminate\Http\Request))
#29 C:\Users\Thorn\Desktop\epq\vendor\laravel\framework\src\Illuminate\Pipeline\Pipeline.php(148): App\Http\Middleware\RedirectIfAuthenticated->handle(Object(Illuminate\Http\Request), Object(Closure))
#30 C:\Users\Thorn\Desktop\epq\vendor\laravel\framework\src\Illuminate\Routing\Pipeline.php(53): Illuminate\Pipeline\Pipeline->Illuminate\Pipeline\{closure}(Object(Illuminate\Http\Request))
#31 C:\Users\Thorn\Desktop\epq\vendor\laravel\framework\src\Illuminate\Routing\Middleware\SubstituteBindings.php(41): Illuminate\Routing\Pipeline->Illuminate\Routing\{closure}(Object(Illuminate\Http\Request))
#32 C:\Users\Thorn\Desktop\epq\vendor\laravel\framework\src\Illuminate\Pipeline\Pipeline.php(148): Illuminate\Routing\Middleware\SubstituteBindings->handle(Object(Illuminate\Http\Request), Object(Closure))
#33 C:\Users\Thorn\Desktop\epq\vendor\laravel\framework\src\Illuminate\Routing\Pipeline.php(53): Illuminate\Pipeline\Pipeline->Illuminate\Pipeline\{closure}(Object(Illuminate\Http\Request))
#34 C:\Users\Thorn\Desktop\epq\vendor\laravel\framework\src\Illuminate\Foundation\Http\Middleware\VerifyCsrfToken.php(65): Illuminate\Routing\Pipeline->Illuminate\Routing\{closure}(Object(Illuminate\Http\Request))
#35 C:\Users\Thorn\Desktop\epq\vendor\laravel\framework\src\Illuminate\Pipeline\Pipeline.php(148): Illuminate\Foundation\Http\Middleware\VerifyCsrfToken->handle(Object(Illuminate\Http\Request), Object(Closure))
#36 C:\Users\Thorn\Desktop\epq\vendor\laravel\framework\src\Illuminate\Routing\Pipeline.php(53): Illuminate\Pipeline\Pipeline->Illuminate\Pipeline\{closure}(Object(Illuminate\Http\Request))
#37 C:\Users\Thorn\Desktop\epq\vendor\laravel\framework\src\Illuminate\View\Middleware\ShareErrorsFromSession.php(49): Illuminate\Routing\Pipeline->Illuminate\Routing\{closure}(Object(Illuminate\Http\Request))
#38 C:\Users\Thorn\Desktop\epq\vendor\laravel\framework\src\Illuminate\Pipeline\Pipeline.php(148): Illuminate\View\Middleware\ShareErrorsFromSession->handle(Object(Illuminate\Http\Request), Object(Closure))
#39 C:\Users\Thorn\Desktop\epq\vendor\laravel\framework\src\Illuminate\Routing\Pipeline.php(53): Illuminate\Pipeline\Pipeline->Illuminate\Pipeline\{closure}(Object(Illuminate\Http\Request))
#40 C:\Users\Thorn\Desktop\epq\vendor\laravel\framework\src\Illuminate\Session\Middleware\StartSession.php(64): Illuminate\Routing\Pipeline->Illuminate\Routing\{closure}(Object(Illuminate\Http\Request))
#41 C:\Users\Thorn\Desktop\epq\vendor\laravel\framework\src\Illuminate\Pipeline\Pipeline.php(148): Illuminate\Session\Middleware\StartSession->handle(Object(Illuminate\Http\Request), Object(Closure))
#42 C:\Users\Thorn\Desktop\epq\vendor\laravel\framework\src\Illuminate\Routing\Pipeline.php(53): Illuminate\Pipeline\Pipeline->Illuminate\Pipeline\{closure}(Object(Illuminate\Http\Request))
#43 C:\Users\Thorn\Desktop\epq\vendor\laravel\framework\src\Illuminate\Cookie\Middleware\AddQueuedCookiesToResponse.php(37): Illuminate\Routing\Pipeline->Illuminate\Routing\{closure}(Object(Illuminate\Http\Request))
#44 C:\Users\Thorn\Desktop\epq\vendor\laravel\framework\src\Illuminate\Pipeline\Pipeline.php(148): Illuminate\Cookie\Middleware\AddQueuedCookiesToResponse->handle(Object(Illuminate\Http\Request), Object(Closure))
#45 C:\Users\Thorn\Desktop\epq\vendor\laravel\framework\src\Illuminate\Routing\Pipeline.php(53): Illuminate\Pipeline\Pipeline->Illuminate\Pipeline\{closure}(Object(Illuminate\Http\Request))
#46 C:\Users\Thorn\Desktop\epq\vendor\laravel\framework\src\Illuminate\Cookie\Middleware\EncryptCookies.php(59): Illuminate\Routing\Pipeline->Illuminate\Routing\{closure}(Object(Illuminate\Http\Request))
#47 C:\Users\Thorn\Desktop\epq\vendor\laravel\framework\src\Illuminate\Pipeline\Pipeline.php(148): Illuminate\Cookie\Middleware\EncryptCookies->handle(Object(Illuminate\Http\Request), Object(Closure))
#48 C:\Users\Thorn\Desktop\epq\vendor\laravel\framework\src\Illuminate\Routing\Pipeline.php(53): Illuminate\Pipeline\Pipeline->Illuminate\Pipeline\{closure}(Object(Illuminate\Http\Request))
#49 C:\Users\Thorn\Desktop\epq\vendor\laravel\framework\src\Illuminate\Pipeline\Pipeline.php(102): Illuminate\Routing\Pipeline->Illuminate\Routing\{closure}(Object(Illuminate\Http\Request))
#50 C:\Users\Thorn\Desktop\epq\vendor\laravel\framework\src\Illuminate\Routing\Router.php(574): Illuminate\Pipeline\Pipeline->then(Object(Closure))
#51 C:\Users\Thorn\Desktop\epq\vendor\laravel\framework\src\Illuminate\Routing\Router.php(533): Illuminate\Routing\Router->runRouteWithinStack(Object(Illuminate\Routing\Route), Object(Illuminate\Http\Request))
#52 C:\Users\Thorn\Desktop\epq\vendor\laravel\framework\src\Illuminate\Routing\Router.php(511): Illuminate\Routing\Router->dispatchToRoute(Object(Illuminate\Http\Request))
#53 C:\Users\Thorn\Desktop\epq\vendor\laravel\framework\src\Illuminate\Foundation\Http\Kernel.php(176): Illuminate\Routing\Router->dispatch(Object(Illuminate\Http\Request))
#54 C:\Users\Thorn\Desktop\epq\vendor\laravel\framework\src\Illuminate\Routing\Pipeline.php(30): Illuminate\Foundation\Http\Kernel->Illuminate\Foundation\Http\{closure}(Object(Illuminate\Http\Request))
#55 C:\Users\Thorn\Desktop\epq\vendor\laravel\framework\src\Illuminate\Foundation\Http\Middleware\TransformsRequest.php(30): Illuminate\Routing\Pipeline->Illuminate\Routing\{closure}(Object(Illuminate\Http\Request))
#56 C:\Users\Thorn\Desktop\epq\vendor\laravel\framework\src\Illuminate\Pipeline\Pipeline.php(148): Illuminate\Foundation\Http\Middleware\TransformsRequest->handle(Object(Illuminate\Http\Request), Object(Closure))
#57 C:\Users\Thorn\Desktop\epq\vendor\laravel\framework\src\Illuminate\Routing\Pipeline.php(53): Illuminate\Pipeline\Pipeline->Illuminate\Pipeline\{closure}(Object(Illuminate\Http\Request))
#58 C:\Users\Thorn\Desktop\epq\vendor\laravel\framework\src\Illuminate\Foundation\Http\Middleware\TransformsRequest.php(30): Illuminate\Routing\Pipeline->Illuminate\Routing\{closure}(Object(Illuminate\Http\Request))
#59 C:\Users\Thorn\Desktop\epq\vendor\laravel\framework\src\Illuminate\Pipeline\Pipeline.php(148): Illuminate\Foundation\Http\Middleware\TransformsRequest->handle(Object(Illuminate\Http\Request), Object(Closure))
#60 C:\Users\Thorn\Desktop\epq\vendor\laravel\framework\src\Illuminate\Routing\Pipeline.php(53): Illuminate\Pipeline\Pipeline->Illuminate\Pipeline\{closure}(Object(Illuminate\Http\Request))
#61 C:\Users\Thorn\Desktop\epq\vendor\laravel\framework\src\Illuminate\Foundation\Http\Middleware\ValidatePostSize.php(27): Illuminate\Routing\Pipeline->Illuminate\Routing\{closure}(Object(Illuminate\Http\Request))
#62 C:\Users\Thorn\Desktop\epq\vendor\laravel\framework\src\Illuminate\Pipeline\Pipeline.php(148): Illuminate\Foundation\Http\Middleware\ValidatePostSize->handle(Object(Illuminate\Http\Request), Object(Closure))
#63 C:\Users\Thorn\Desktop\epq\vendor\laravel\framework\src\Illuminate\Routing\Pipeline.php(53): Illuminate\Pipeline\Pipeline->Illuminate\Pipeline\{closure}(Object(Illuminate\Http\Request))
#64 C:\Users\Thorn\Desktop\epq\vendor\laravel\framework\src\Illuminate\Foundation\Http\Middleware\CheckForMaintenanceMode.php(46): Illuminate\Routing\Pipeline->Illuminate\Routing\{closure}(Object(Illuminate\Http\Request))
#65 C:\Users\Thorn\Desktop\epq\vendor\laravel\framework\src\Illuminate\Pipeline\Pipeline.php(148): Illuminate\Foundation\Http\Middleware\CheckForMaintenanceMode->handle(Object(Illuminate\Http\Request), Object(Closure))
#66 C:\Users\Thorn\Desktop\epq\vendor\laravel\framework\src\Illuminate\Routing\Pipeline.php(53): Illuminate\Pipeline\Pipeline->Illuminate\Pipeline\{closure}(Object(Illuminate\Http\Request))
#67 C:\Users\Thorn\Desktop\epq\vendor\laravel\framework\src\Illuminate\Pipeline\Pipeline.php(102): Illuminate\Routing\Pipeline->Illuminate\Routing\{closure}(Object(Illuminate\Http\Request))
#68 C:\Users\Thorn\Desktop\epq\vendor\laravel\framework\src\Illuminate\Foundation\Http\Kernel.php(151): Illuminate\Pipeline\Pipeline->then(Object(Closure))
#69 C:\Users\Thorn\Desktop\epq\vendor\laravel\framework\src\Illuminate\Foundation\Http\Kernel.php(116): Illuminate\Foundation\Http\Kernel->sendRequestThroughRouter(Object(Illuminate\Http\Request))
#70 C:\Users\Thorn\Desktop\epq\public\index.php(54): Illuminate\Foundation\Http\Kernel->handle(Object(Illuminate\Http\Request))
#71 C:\Users\Thorn\Desktop\epq\server.php(21): require_once('C:\\Users\\Thorn\\...')
#72 {main}

Next exception 'Illuminate\Database\QueryException' with message 'SQLSTATE[HY000] [2002] No connection could be made because the target machine actively refused it.
 (SQL: select * from `users` where `email` = 11bthornton@gmail.com limit 1)' in C:\Users\Thorn\Desktop\epq\vendor\laravel\framework\src\Illuminate\Database\Connection.php:647
Stack trace:
#0 C:\Users\Thorn\Desktop\epq\vendor\laravel\framework\src\Illuminate\Database\Connection.php(607): Illuminate\Database\Connection->runQueryCallback('select * from `...', Array, Object(Closure))
#1 C:\Users\Thorn\Desktop\epq\vendor\laravel\framework\src\Illuminate\Database\Connection.php(326): Illuminate\Database\Connection->run('select * from `...', Array, Object(Closure))
#2 C:\Users\Thorn\Desktop\epq\vendor\laravel\framework\src\Illuminate\Database\Query\Builder.php(1706): Illuminate\Database\Connection->select('select * from `...', Array, true)
#3 C:\Users\Thorn\Desktop\epq\vendor\laravel\framework\src\Illuminate\Database\Query\Builder.php(1690): Illuminate\Database\Query\Builder->runSelect()
#4 C:\Users\Thorn\Desktop\epq\vendor\laravel\framework\src\Illuminate\Database\Eloquent\Builder.php(462): Illuminate\Database\Query\Builder->get(Array)
#5 C:\Users\Thorn\Desktop\epq\vendor\laravel\framework\src\Illuminate\Database\Eloquent\Builder.php(446): Illuminate\Database\Eloquent\Builder->getModels(Array)
#6 C:\Users\Thorn\Desktop\epq\vendor\laravel\framework\src\Illuminate\Database\Concerns\BuildsQueries.php(75): Illuminate\Database\Eloquent\Builder->get(Array)
#7 C:\Users\Thorn\Desktop\epq\vendor\laravel\framework\src\Illuminate\Auth\EloquentUserProvider.php(114): Illuminate\Database\Eloquent\Builder->first()
#8 C:\Users\Thorn\Desktop\epq\vendor\laravel\framework\src\Illuminate\Auth\SessionGuard.php(352): Illuminate\Auth\EloquentUserProvider->retrieveByCredentials(Array)
#9 C:\Users\Thorn\Desktop\epq\vendor\laravel\framework\src\Illuminate\Foundation\Auth\AuthenticatesUsers.php(77): Illuminate\Auth\SessionGuard->attempt(Array, false)
#10 C:\Users\Thorn\Desktop\epq\vendor\laravel\framework\src\Illuminate\Foundation\Auth\AuthenticatesUsers.php(41): App\Http\Controllers\Auth\LoginController->attemptLogin(Object(Illuminate\Http\Request))
#11 [internal function]: App\Http\Controllers\Auth\LoginController->login(Object(Illuminate\Http\Request))
#12 C:\Users\Thorn\Desktop\epq\vendor\laravel\framework\src\Illuminate\Routing\Controller.php(55): call_user_func_array(Array, Array)
#13 C:\Users\Thorn\Desktop\epq\vendor\laravel\framework\src\Illuminate\Routing\ControllerDispatcher.php(44): Illuminate\Routing\Controller->callAction('login', Array)
#14 C:\Users\Thorn\Desktop\epq\vendor\laravel\framework\src\Illuminate\Routing\Route.php(204): Illuminate\Routing\ControllerDispatcher->dispatch(Object(Illuminate\Routing\Route), Object(App\Http\Controllers\Auth\LoginController), 'login')
#15 C:\Users\Thorn\Desktop\epq\vendor\laravel\framework\src\Illuminate\Routing\Route.php(160): Illuminate\Routing\Route->runController()
#16 C:\Users\Thorn\Desktop\epq\vendor\laravel\framework\src\Illuminate\Routing\Router.php(572): Illuminate\Routing\Route->run()
#17 C:\Users\Thorn\Desktop\epq\vendor\laravel\framework\src\Illuminate\Routing\Pipeline.php(30): Illuminate\Routing\Router->Illuminate\Routing\{closure}(Object(Illuminate\Http\Request))
#18 C:\Users\Thorn\Desktop\epq\app\Http\Middleware\RedirectIfAuthenticated.php(24): Illuminate\Routing\Pipeline->Illuminate\Routing\{closure}(Object(Illuminate\Http\Request))
#19 C:\Users\Thorn\Desktop\epq\vendor\laravel\framework\src\Illuminate\Pipeline\Pipeline.php(148): App\Http\Middleware\RedirectIfAuthenticated->handle(Object(Illuminate\Http\Request), Object(Closure))
#20 C:\Users\Thorn\Desktop\epq\vendor\laravel\framework\src\Illuminate\Routing\Pipeline.php(53): Illuminate\Pipeline\Pipeline->Illuminate\Pipeline\{closure}(Object(Illuminate\Http\Request))
#21 C:\Users\Thorn\Desktop\epq\vendor\laravel\framework\src\Illuminate\Routing\Middleware\SubstituteBindings.php(41): Illuminate\Routing\Pipeline->Illuminate\Routing\{closure}(Object(Illuminate\Http\Request))
#22 C:\Users\Thorn\Desktop\epq\vendor\laravel\framework\src\Illuminate\Pipeline\Pipeline.php(148): Illuminate\Routing\Middleware\SubstituteBindings->handle(Object(Illuminate\Http\Request), Object(Closure))
#23 C:\Users\Thorn\Desktop\epq\vendor\laravel\framework\src\Illuminate\Routing\Pipeline.php(53): Illuminate\Pipeline\Pipeline->Illuminate\Pipeline\{closure}(Object(Illuminate\Http\Request))
#24 C:\Users\Thorn\Desktop\epq\vendor\laravel\framework\src\Illuminate\Foundation\Http\Middleware\VerifyCsrfToken.php(65): Illuminate\Routing\Pipeline->Illuminate\Routing\{closure}(Object(Illuminate\Http\Request))
#25 C:\Users\Thorn\Desktop\epq\vendor\laravel\framework\src\Illuminate\Pipeline\Pipeline.php(148): Illuminate\Foundation\Http\Middleware\VerifyCsrfToken->handle(Object(Illuminate\Http\Request), Object(Closure))
#26 C:\Users\Thorn\Desktop\epq\vendor\laravel\framework\src\Illuminate\Routing\Pipeline.php(53): Illuminate\Pipeline\Pipeline->Illuminate\Pipeline\{closure}(Object(Illuminate\Http\Request))
#27 C:\Users\Thorn\Desktop\epq\vendor\laravel\framework\src\Illuminate\View\Middleware\ShareErrorsFromSession.php(49): Illuminate\Routing\Pipeline->Illuminate\Routing\{closure}(Object(Illuminate\Http\Request))
#28 C:\Users\Thorn\Desktop\epq\vendor\laravel\framework\src\Illuminate\Pipeline\Pipeline.php(148): Illuminate\View\Middleware\ShareErrorsFromSession->handle(Object(Illuminate\Http\Request), Object(Closure))
#29 C:\Users\Thorn\Desktop\epq\vendor\laravel\framework\src\Illuminate\Routing\Pipeline.php(53): Illuminate\Pipeline\Pipeline->Illuminate\Pipeline\{closure}(Object(Illuminate\Http\Request))
#30 C:\Users\Thorn\Desktop\epq\vendor\laravel\framework\src\Illuminate\Session\Middleware\StartSession.php(64): Illuminate\Routing\Pipeline->Illuminate\Routing\{closure}(Object(Illuminate\Http\Request))
#31 C:\Users\Thorn\Desktop\epq\vendor\laravel\framework\src\Illuminate\Pipeline\Pipeline.php(148): Illuminate\Session\Middleware\StartSession->handle(Object(Illuminate\Http\Request), Object(Closure))
#32 C:\Users\Thorn\Desktop\epq\vendor\laravel\framework\src\Illuminate\Routing\Pipeline.php(53): Illuminate\Pipeline\Pipeline->Illuminate\Pipeline\{closure}(Object(Illuminate\Http\Request))
#33 C:\Users\Thorn\Desktop\epq\vendor\laravel\framework\src\Illuminate\Cookie\Middleware\AddQueuedCookiesToResponse.php(37): Illuminate\Routing\Pipeline->Illuminate\Routing\{closure}(Object(Illuminate\Http\Request))
#34 C:\Users\Thorn\Desktop\epq\vendor\laravel\framework\src\Illuminate\Pipeline\Pipeline.php(148): Illuminate\Cookie\Middleware\AddQueuedCookiesToResponse->handle(Object(Illuminate\Http\Request), Object(Closure))
#35 C:\Users\Thorn\Desktop\epq\vendor\laravel\framework\src\Illuminate\Routing\Pipeline.php(53): Illuminate\Pipeline\Pipeline->Illuminate\Pipeline\{closure}(Object(Illuminate\Http\Request))
#36 C:\Users\Thorn\Desktop\epq\vendor\laravel\framework\src\Illuminate\Cookie\Middleware\EncryptCookies.php(59): Illuminate\Routing\Pipeline->Illuminate\Routing\{closure}(Object(Illuminate\Http\Request))
#37 C:\Users\Thorn\Desktop\epq\vendor\laravel\framework\src\Illuminate\Pipeline\Pipeline.php(148): Illuminate\Cookie\Middleware\EncryptCookies->handle(Object(Illuminate\Http\Request), Object(Closure))
#38 C:\Users\Thorn\Desktop\epq\vendor\laravel\framework\src\Illuminate\Routing\Pipeline.php(53): Illuminate\Pipeline\Pipeline->Illuminate\Pipeline\{closure}(Object(Illuminate\Http\Request))
#39 C:\Users\Thorn\Desktop\epq\vendor\laravel\framework\src\Illuminate\Pipeline\Pipeline.php(102): Illuminate\Routing\Pipeline->Illuminate\Routing\{closure}(Object(Illuminate\Http\Request))
#40 C:\Users\Thorn\Desktop\epq\vendor\laravel\framework\src\Illuminate\Routing\Router.php(574): Illuminate\Pipeline\Pipeline->then(Object(Closure))
#41 C:\Users\Thorn\Desktop\epq\vendor\laravel\framework\src\Illuminate\Routing\Router.php(533): Illuminate\Routing\Router->runRouteWithinStack(Object(Illuminate\Routing\Route), Object(Illuminate\Http\Request))
#42 C:\Users\Thorn\Desktop\epq\vendor\laravel\framework\src\Illuminate\Routing\Router.php(511): Illuminate\Routing\Router->dispatchToRoute(Object(Illuminate\Http\Request))
#43 C:\Users\Thorn\Desktop\epq\vendor\laravel\framework\src\Illuminate\Foundation\Http\Kernel.php(176): Illuminate\Routing\Router->dispatch(Object(Illuminate\Http\Request))
#44 C:\Users\Thorn\Desktop\epq\vendor\laravel\framework\src\Illuminate\Routing\Pipeline.php(30): Illuminate\Foundation\Http\Kernel->Illuminate\Foundation\Http\{closure}(Object(Illuminate\Http\Request))
#45 C:\Users\Thorn\Desktop\epq\vendor\laravel\framework\src\Illuminate\Foundation\Http\Middleware\TransformsRequest.php(30): Illuminate\Routing\Pipeline->Illuminate\Routing\{closure}(Object(Illuminate\Http\Request))
#46 C:\Users\Thorn\Desktop\epq\vendor\laravel\framework\src\Illuminate\Pipeline\Pipeline.php(148): Illuminate\Foundation\Http\Middleware\TransformsRequest->handle(Object(Illuminate\Http\Request), Object(Closure))
#47 C:\Users\Thorn\Desktop\epq\vendor\laravel\framework\src\Illuminate\Routing\Pipeline.php(53): Illuminate\Pipeline\Pipeline->Illuminate\Pipeline\{closure}(Object(Illuminate\Http\Request))
#48 C:\Users\Thorn\Desktop\epq\vendor\laravel\framework\src\Illuminate\Foundation\Http\Middleware\TransformsRequest.php(30): Illuminate\Routing\Pipeline->Illuminate\Routing\{closure}(Object(Illuminate\Http\Request))
#49 C:\Users\Thorn\Desktop\epq\vendor\laravel\framework\src\Illuminate\Pipeline\Pipeline.php(148): Illuminate\Foundation\Http\Middleware\TransformsRequest->handle(Object(Illuminate\Http\Request), Object(Closure))
#50 C:\Users\Thorn\Desktop\epq\vendor\laravel\framework\src\Illuminate\Routing\Pipeline.php(53): Illuminate\Pipeline\Pipeline->Illuminate\Pipeline\{closure}(Object(Illuminate\Http\Request))
#51 C:\Users\Thorn\Desktop\epq\vendor\laravel\framework\src\Illuminate\Foundation\Http\Middleware\ValidatePostSize.php(27): Illuminate\Routing\Pipeline->Illuminate\Routing\{closure}(Object(Illuminate\Http\Request))
#52 C:\Users\Thorn\Desktop\epq\vendor\laravel\framework\src\Illuminate\Pipeline\Pipeline.php(148): Illuminate\Foundation\Http\Middleware\ValidatePostSize->handle(Object(Illuminate\Http\Request), Object(Closure))
#53 C:\Users\Thorn\Desktop\epq\vendor\laravel\framework\src\Illuminate\Routing\Pipeline.php(53): Illuminate\Pipeline\Pipeline->Illuminate\Pipeline\{closure}(Object(Illuminate\Http\Request))
#54 C:\Users\Thorn\Desktop\epq\vendor\laravel\framework\src\Illuminate\Foundation\Http\Middleware\CheckForMaintenanceMode.php(46): Illuminate\Routing\Pipeline->Illuminate\Routing\{closure}(Object(Illuminate\Http\Request))
#55 C:\Users\Thorn\Desktop\epq\vendor\laravel\framework\src\Illuminate\Pipeline\Pipeline.php(148): Illuminate\Foundation\Http\Middleware\CheckForMaintenanceMode->handle(Object(Illuminate\Http\Request), Object(Closure))
#56 C:\Users\Thorn\Desktop\epq\vendor\laravel\framework\src\Illuminate\Routing\Pipeline.php(53): Illuminate\Pipeline\Pipeline->Illuminate\Pipeline\{closure}(Object(Illuminate\Http\Request))
#57 C:\Users\Thorn\Desktop\epq\vendor\laravel\framework\src\Illuminate\Pipeline\Pipeline.php(102): Illuminate\Routing\Pipeline->Illuminate\Routing\{closure}(Object(Illuminate\Http\Request))
#58 C:\Users\Thorn\Desktop\epq\vendor\laravel\framework\src\Illuminate\Foundation\Http\Kernel.php(151): Illuminate\Pipeline\Pipeline->then(Object(Closure))
#59 C:\Users\Thorn\Desktop\epq\vendor\laravel\framework\src\Illuminate\Foundation\Http\Kernel.php(116): Illuminate\Foundation\Http\Kernel->sendRequestThroughRouter(Object(Illuminate\Http\Request))
#60 C:\Users\Thorn\Desktop\epq\public\index.php(54): Illuminate\Foundation\Http\Kernel->handle(Object(Illuminate\Http\Request))
#61 C:\Users\Thorn\Desktop\epq\server.php(21): require_once('C:\\Users\\Thorn\\...')
#62 {main}  
[2017-12-13 16:26:14] local.ERROR: exception 'Symfony\Component\Debug\Exception\FatalErrorException' with message 'Call to undefined function get()' in C:\Users\Thorn\Desktop\epq\routes\web.php:21
Stack trace:
#0 {main}  
[2017-12-13 16:26:24] local.ERROR: exception 'UnexpectedValueException' with message 'Invalid route action: [App\Http\Controllers\create.blade].' in C:\Users\Thorn\Desktop\epq\vendor\laravel\framework\src\Illuminate\Routing\RouteAction.php:84
Stack trace:
#0 C:\Users\Thorn\Desktop\epq\vendor\laravel\framework\src\Illuminate\Routing\RouteAction.php(43): Illuminate\Routing\RouteAction::makeInvokable('App\\Http\\Contro...')
#1 C:\Users\Thorn\Desktop\epq\vendor\laravel\framework\src\Illuminate\Routing\Route.php(146): Illuminate\Routing\RouteAction::parse('poll/create', Array)
#2 C:\Users\Thorn\Desktop\epq\vendor\laravel\framework\src\Illuminate\Routing\Route.php(125): Illuminate\Routing\Route->parseAction(Array)
#3 C:\Users\Thorn\Desktop\epq\vendor\laravel\framework\src\Illuminate\Routing\Router.php(459): Illuminate\Routing\Route->__construct(Array, 'poll/create', Array)
#4 C:\Users\Thorn\Desktop\epq\vendor\laravel\framework\src\Illuminate\Routing\Router.php(379): Illuminate\Routing\Router->newRoute(Array, 'poll/create', Array)
#5 C:\Users\Thorn\Desktop\epq\vendor\laravel\framework\src\Illuminate\Routing\Router.php(357): Illuminate\Routing\Router->createRoute(Array, '/poll/create', 'create.blade')
#6 C:\Users\Thorn\Desktop\epq\vendor\laravel\framework\src\Illuminate\Routing\Router.php(134): Illuminate\Routing\Router->addRoute(Array, '/poll/create', 'create.blade')
#7 C:\Users\Thorn\Desktop\epq\vendor\laravel\framework\src\Illuminate\Support\Facades\Facade.php(221): Illuminate\Routing\Router->get('/poll/create', 'create.blade')
#8 C:\Users\Thorn\Desktop\epq\routes\web.php(21): Illuminate\Support\Facades\Facade::__callStatic('get', Array)
#9 C:\Users\Thorn\Desktop\epq\routes\web.php(21): Illuminate\Support\Facades\Route::get('/poll/create', 'create.blade')
#10 C:\Users\Thorn\Desktop\epq\vendor\laravel\framework\src\Illuminate\Routing\Router.php(327): require('C:\\Users\\Thorn\\...')
#11 C:\Users\Thorn\Desktop\epq\vendor\laravel\framework\src\Illuminate\Routing\Router.php(283): Illuminate\Routing\Router->loadRoutes('C:\\Users\\Thorn\\...')
#12 C:\Users\Thorn\Desktop\epq\vendor\laravel\framework\src\Illuminate\Routing\RouteRegistrar.php(104): Illuminate\Routing\Router->group(Array, 'C:\\Users\\Thorn\\...')
#13 C:\Users\Thorn\Desktop\epq\app\Providers\RouteServiceProvider.php(56): Illuminate\Routing\RouteRegistrar->group('C:\\Users\\Thorn\\...')
#14 C:\Users\Thorn\Desktop\epq\app\Providers\RouteServiceProvider.php(40): App\Providers\RouteServiceProvider->mapWebRoutes()
#15 [internal function]: App\Providers\RouteServiceProvider->map()
#16 C:\Users\Thorn\Desktop\epq\vendor\laravel\framework\src\Illuminate\Container\BoundMethod.php(30): call_user_func_array(Array, Array)
#17 C:\Users\Thorn\Desktop\epq\vendor\laravel\framework\src\Illuminate\Container\BoundMethod.php(87): Illuminate\Container\BoundMethod::Illuminate\Container\{closure}()
#18 C:\Users\Thorn\Desktop\epq\vendor\laravel\framework\src\Illuminate\Container\BoundMethod.php(31): Illuminate\Container\BoundMethod::callBoundMethod(Object(Illuminate\Foundation\Application), Array, Object(Closure))
#19 C:\Users\Thorn\Desktop\epq\vendor\laravel\framework\src\Illuminate\Container\Container.php(539): Illuminate\Container\BoundMethod::call(Object(Illuminate\Foundation\Application), Array, Array, NULL)
#20 C:\Users\Thorn\Desktop\epq\vendor\laravel\framework\src\Illuminate\Foundation\Support\Providers\RouteServiceProvider.php(74): Illuminate\Container\Container->call(Array)
#21 C:\Users\Thorn\Desktop\epq\vendor\laravel\framework\src\Illuminate\Foundation\Support\Providers\RouteServiceProvider.php(33): Illuminate\Foundation\Support\Providers\RouteServiceProvider->loadRoutes()
#22 C:\Users\Thorn\Desktop\epq\app\Providers\RouteServiceProvider.php(28): Illuminate\Foundation\Support\Providers\RouteServiceProvider->boot()
#23 [internal function]: App\Providers\RouteServiceProvider->boot()
#24 C:\Users\Thorn\Desktop\epq\vendor\laravel\framework\src\Illuminate\Container\BoundMethod.php(30): call_user_func_array(Array, Array)
#25 C:\Users\Thorn\Desktop\epq\vendor\laravel\framework\src\Illuminate\Container\BoundMethod.php(87): Illuminate\Container\BoundMethod::Illuminate\Container\{closure}()
#26 C:\Users\Thorn\Desktop\epq\vendor\laravel\framework\src\Illuminate\Container\BoundMethod.php(31): Illuminate\Container\BoundMethod::callBoundMethod(Object(Illuminate\Foundation\Application), Array, Object(Closure))
#27 C:\Users\Thorn\Desktop\epq\vendor\laravel\framework\src\Illuminate\Container\Container.php(539): Illuminate\Container\BoundMethod::call(Object(Illuminate\Foundation\Application), Array, Array, NULL)
#28 C:\Users\Thorn\Desktop\epq\vendor\laravel\framework\src\Illuminate\Foundation\Application.php(788): Illuminate\Container\Container->call(Array)
#29 C:\Users\Thorn\Desktop\epq\vendor\laravel\framework\src\Illuminate\Foundation\Application.php(771): Illuminate\Foundation\Application->bootProvider(Object(App\Providers\RouteServiceProvider))
#30 [internal function]: Illuminate\Foundation\Application->Illuminate\Foundation\{closure}(Object(App\Providers\RouteServiceProvider), 17)
#31 C:\Users\Thorn\Desktop\epq\vendor\laravel\framework\src\Illuminate\Foundation\Application.php(772): array_walk(Array, Object(Closure))
#32 C:\Users\Thorn\Desktop\epq\vendor\laravel\framework\src\Illuminate\Foundation\Bootstrap\BootProviders.php(17): Illuminate\Foundation\Application->boot()
#33 C:\Users\Thorn\Desktop\epq\vendor\laravel\framework\src\Illuminate\Foundation\Application.php(208): Illuminate\Foundation\Bootstrap\BootProviders->bootstrap(Object(Illuminate\Foundation\Application))
#34 C:\Users\Thorn\Desktop\epq\vendor\laravel\framework\src\Illuminate\Foundation\Http\Kernel.php(162): Illuminate\Foundation\Application->bootstrapWith(Array)
#35 C:\Users\Thorn\Desktop\epq\vendor\laravel\framework\src\Illuminate\Foundation\Http\Kernel.php(146): Illuminate\Foundation\Http\Kernel->bootstrap()
#36 C:\Users\Thorn\Desktop\epq\vendor\laravel\framework\src\Illuminate\Foundation\Http\Kernel.php(116): Illuminate\Foundation\Http\Kernel->sendRequestThroughRouter(Object(Illuminate\Http\Request))
#37 C:\Users\Thorn\Desktop\epq\public\index.php(54): Illuminate\Foundation\Http\Kernel->handle(Object(Illuminate\Http\Request))
#38 C:\Users\Thorn\Desktop\epq\server.php(21): require_once('C:\\Users\\Thorn\\...')
#39 {main}  
[2017-12-13 16:27:00] local.ERROR: exception 'InvalidArgumentException' with message 'View [create.blade] not found.' in C:\Users\Thorn\Desktop\epq\vendor\laravel\framework\src\Illuminate\View\FileViewFinder.php:137
Stack trace:
#0 C:\Users\Thorn\Desktop\epq\vendor\laravel\framework\src\Illuminate\View\FileViewFinder.php(79): Illuminate\View\FileViewFinder->findInPaths('create.blade', Array)
#1 C:\Users\Thorn\Desktop\epq\vendor\laravel\framework\src\Illuminate\View\Factory.php(129): Illuminate\View\FileViewFinder->find('create.blade')
#2 C:\Users\Thorn\Desktop\epq\vendor\laravel\framework\src\Illuminate\Foundation\helpers.php(885): Illuminate\View\Factory->make('create.blade', Array, Array)
#3 C:\Users\Thorn\Desktop\epq\routes\web.php(22): view('create.blade')
#4 C:\Users\Thorn\Desktop\epq\vendor\laravel\framework\src\Illuminate\Routing\Route.php(190): Illuminate\Routing\Router->{closure}()
#5 C:\Users\Thorn\Desktop\epq\vendor\laravel\framework\src\Illuminate\Routing\Route.php(163): Illuminate\Routing\Route->runCallable()
#6 C:\Users\Thorn\Desktop\epq\vendor\laravel\framework\src\Illuminate\Routing\Router.php(572): Illuminate\Routing\Route->run()
#7 C:\Users\Thorn\Desktop\epq\vendor\laravel\framework\src\Illuminate\Routing\Pipeline.php(30): Illuminate\Routing\Router->Illuminate\Routing\{closure}(Object(Illuminate\Http\Request))
#8 C:\Users\Thorn\Desktop\epq\vendor\laravel\framework\src\Illuminate\Routing\Middleware\SubstituteBindings.php(41): Illuminate\Routing\Pipeline->Illuminate\Routing\{closure}(Object(Illuminate\Http\Request))
#9 C:\Users\Thorn\Desktop\epq\vendor\laravel\framework\src\Illuminate\Pipeline\Pipeline.php(148): Illuminate\Routing\Middleware\SubstituteBindings->handle(Object(Illuminate\Http\Request), Object(Closure))
#10 C:\Users\Thorn\Desktop\epq\vendor\laravel\framework\src\Illuminate\Routing\Pipeline.php(53): Illuminate\Pipeline\Pipeline->Illuminate\Pipeline\{closure}(Object(Illuminate\Http\Request))
#11 C:\Users\Thorn\Desktop\epq\vendor\laravel\framework\src\Illuminate\Foundation\Http\Middleware\VerifyCsrfToken.php(65): Illuminate\Routing\Pipeline->Illuminate\Routing\{closure}(Object(Illuminate\Http\Request))
#12 C:\Users\Thorn\Desktop\epq\vendor\laravel\framework\src\Illuminate\Pipeline\Pipeline.php(148): Illuminate\Foundation\Http\Middleware\VerifyCsrfToken->handle(Object(Illuminate\Http\Request), Object(Closure))
#13 C:\Users\Thorn\Desktop\epq\vendor\laravel\framework\src\Illuminate\Routing\Pipeline.php(53): Illuminate\Pipeline\Pipeline->Illuminate\Pipeline\{closure}(Object(Illuminate\Http\Request))
#14 C:\Users\Thorn\Desktop\epq\vendor\laravel\framework\src\Illuminate\View\Middleware\ShareErrorsFromSession.php(49): Illuminate\Routing\Pipeline->Illuminate\Routing\{closure}(Object(Illuminate\Http\Request))
#15 C:\Users\Thorn\Desktop\epq\vendor\laravel\framework\src\Illuminate\Pipeline\Pipeline.php(148): Illuminate\View\Middleware\ShareErrorsFromSession->handle(Object(Illuminate\Http\Request), Object(Closure))
#16 C:\Users\Thorn\Desktop\epq\vendor\laravel\framework\src\Illuminate\Routing\Pipeline.php(53): Illuminate\Pipeline\Pipeline->Illuminate\Pipeline\{closure}(Object(Illuminate\Http\Request))
#17 C:\Users\Thorn\Desktop\epq\vendor\laravel\framework\src\Illuminate\Session\Middleware\StartSession.php(64): Illuminate\Routing\Pipeline->Illuminate\Routing\{closure}(Object(Illuminate\Http\Request))
#18 C:\Users\Thorn\Desktop\epq\vendor\laravel\framework\src\Illuminate\Pipeline\Pipeline.php(148): Illuminate\Session\Middleware\StartSession->handle(Object(Illuminate\Http\Request), Object(Closure))
#19 C:\Users\Thorn\Desktop\epq\vendor\laravel\framework\src\Illuminate\Routing\Pipeline.php(53): Illuminate\Pipeline\Pipeline->Illuminate\Pipeline\{closure}(Object(Illuminate\Http\Request))
#20 C:\Users\Thorn\Desktop\epq\vendor\laravel\framework\src\Illuminate\Cookie\Middleware\AddQueuedCookiesToResponse.php(37): Illuminate\Routing\Pipeline->Illuminate\Routing\{closure}(Object(Illuminate\Http\Request))
#21 C:\Users\Thorn\Desktop\epq\vendor\laravel\framework\src\Illuminate\Pipeline\Pipeline.php(148): Illuminate\Cookie\Middleware\AddQueuedCookiesToResponse->handle(Object(Illuminate\Http\Request), Object(Closure))
#22 C:\Users\Thorn\Desktop\epq\vendor\laravel\framework\src\Illuminate\Routing\Pipeline.php(53): Illuminate\Pipeline\Pipeline->Illuminate\Pipeline\{closure}(Object(Illuminate\Http\Request))
#23 C:\Users\Thorn\Desktop\epq\vendor\laravel\framework\src\Illuminate\Cookie\Middleware\EncryptCookies.php(59): Illuminate\Routing\Pipeline->Illuminate\Routing\{closure}(Object(Illuminate\Http\Request))
#24 C:\Users\Thorn\Desktop\epq\vendor\laravel\framework\src\Illuminate\Pipeline\Pipeline.php(148): Illuminate\Cookie\Middleware\EncryptCookies->handle(Object(Illuminate\Http\Request), Object(Closure))
#25 C:\Users\Thorn\Desktop\epq\vendor\laravel\framework\src\Illuminate\Routing\Pipeline.php(53): Illuminate\Pipeline\Pipeline->Illuminate\Pipeline\{closure}(Object(Illuminate\Http\Request))
#26 C:\Users\Thorn\Desktop\epq\vendor\laravel\framework\src\Illuminate\Pipeline\Pipeline.php(102): Illuminate\Routing\Pipeline->Illuminate\Routing\{closure}(Object(Illuminate\Http\Request))
#27 C:\Users\Thorn\Desktop\epq\vendor\laravel\framework\src\Illuminate\Routing\Router.php(574): Illuminate\Pipeline\Pipeline->then(Object(Closure))
#28 C:\Users\Thorn\Desktop\epq\vendor\laravel\framework\src\Illuminate\Routing\Router.php(533): Illuminate\Routing\Router->runRouteWithinStack(Object(Illuminate\Routing\Route), Object(Illuminate\Http\Request))
#29 C:\Users\Thorn\Desktop\epq\vendor\laravel\framework\src\Illuminate\Routing\Router.php(511): Illuminate\Routing\Router->dispatchToRoute(Object(Illuminate\Http\Request))
#30 C:\Users\Thorn\Desktop\epq\vendor\laravel\framework\src\Illuminate\Foundation\Http\Kernel.php(176): Illuminate\Routing\Router->dispatch(Object(Illuminate\Http\Request))
#31 C:\Users\Thorn\Desktop\epq\vendor\laravel\framework\src\Illuminate\Routing\Pipeline.php(30): Illuminate\Foundation\Http\Kernel->Illuminate\Foundation\Http\{closure}(Object(Illuminate\Http\Request))
#32 C:\Users\Thorn\Desktop\epq\vendor\laravel\framework\src\Illuminate\Foundation\Http\Middleware\TransformsRequest.php(30): Illuminate\Routing\Pipeline->Illuminate\Routing\{closure}(Object(Illuminate\Http\Request))
#33 C:\Users\Thorn\Desktop\epq\vendor\laravel\framework\src\Illuminate\Pipeline\Pipeline.php(148): Illuminate\Foundation\Http\Middleware\TransformsRequest->handle(Object(Illuminate\Http\Request), Object(Closure))
#34 C:\Users\Thorn\Desktop\epq\vendor\laravel\framework\src\Illuminate\Routing\Pipeline.php(53): Illuminate\Pipeline\Pipeline->Illuminate\Pipeline\{closure}(Object(Illuminate\Http\Request))
#35 C:\Users\Thorn\Desktop\epq\vendor\laravel\framework\src\Illuminate\Foundation\Http\Middleware\TransformsRequest.php(30): Illuminate\Routing\Pipeline->Illuminate\Routing\{closure}(Object(Illuminate\Http\Request))
#36 C:\Users\Thorn\Desktop\epq\vendor\laravel\framework\src\Illuminate\Pipeline\Pipeline.php(148): Illuminate\Foundation\Http\Middleware\TransformsRequest->handle(Object(Illuminate\Http\Request), Object(Closure))
#37 C:\Users\Thorn\Desktop\epq\vendor\laravel\framework\src\Illuminate\Routing\Pipeline.php(53): Illuminate\Pipeline\Pipeline->Illuminate\Pipeline\{closure}(Object(Illuminate\Http\Request))
#38 C:\Users\Thorn\Desktop\epq\vendor\laravel\framework\src\Illuminate\Foundation\Http\Middleware\ValidatePostSize.php(27): Illuminate\Routing\Pipeline->Illuminate\Routing\{closure}(Object(Illuminate\Http\Request))
#39 C:\Users\Thorn\Desktop\epq\vendor\laravel\framework\src\Illuminate\Pipeline\Pipeline.php(148): Illuminate\Foundation\Http\Middleware\ValidatePostSize->handle(Object(Illuminate\Http\Request), Object(Closure))
#40 C:\Users\Thorn\Desktop\epq\vendor\laravel\framework\src\Illuminate\Routing\Pipeline.php(53): Illuminate\Pipeline\Pipeline->Illuminate\Pipeline\{closure}(Object(Illuminate\Http\Request))
#41 C:\Users\Thorn\Desktop\epq\vendor\laravel\framework\src\Illuminate\Foundation\Http\Middleware\CheckForMaintenanceMode.php(46): Illuminate\Routing\Pipeline->Illuminate\Routing\{closure}(Object(Illuminate\Http\Request))
#42 C:\Users\Thorn\Desktop\epq\vendor\laravel\framework\src\Illuminate\Pipeline\Pipeline.php(148): Illuminate\Foundation\Http\Middleware\CheckForMaintenanceMode->handle(Object(Illuminate\Http\Request), Object(Closure))
#43 C:\Users\Thorn\Desktop\epq\vendor\laravel\framework\src\Illuminate\Routing\Pipeline.php(53): Illuminate\Pipeline\Pipeline->Illuminate\Pipeline\{closure}(Object(Illuminate\Http\Request))
#44 C:\Users\Thorn\Desktop\epq\vendor\laravel\framework\src\Illuminate\Pipeline\Pipeline.php(102): Illuminate\Routing\Pipeline->Illuminate\Routing\{closure}(Object(Illuminate\Http\Request))
#45 C:\Users\Thorn\Desktop\epq\vendor\laravel\framework\src\Illuminate\Foundation\Http\Kernel.php(151): Illuminate\Pipeline\Pipeline->then(Object(Closure))
#46 C:\Users\Thorn\Desktop\epq\vendor\laravel\framework\src\Illuminate\Foundation\Http\Kernel.php(116): Illuminate\Foundation\Http\Kernel->sendRequestThroughRouter(Object(Illuminate\Http\Request))
#47 C:\Users\Thorn\Desktop\epq\public\index.php(54): Illuminate\Foundation\Http\Kernel->handle(Object(Illuminate\Http\Request))
#48 C:\Users\Thorn\Desktop\epq\server.php(21): require_once('C:\\Users\\Thorn\\...')
#49 {main}  
[2017-12-18 09:13:46] local.ERROR: exception 'Symfony\Component\Debug\Exception\FatalErrorException' with message 'syntax error, unexpected end of file' in C:\Users\Thorn\Desktop\epq\routes\web.php:28
Stack trace:
#0 {main}  
[2017-12-18 09:27:58] local.ERROR: exception 'Symfony\Component\Debug\Exception\FatalErrorException' with message 'syntax error, unexpected '}', expecting ',' or ';'' in C:\Users\Thorn\Desktop\epq\app\questions.php:12
Stack trace:
#0 {main}  
[2017-12-18 09:33:10] local.ERROR: exception 'PDOException' with message 'SQLSTATE[HY000]: General error: 1366 Incorrect integer value: 'AD45KKLMN' for column 'questionid' at row 1' in C:\Users\Thorn\Desktop\epq\vendor\laravel\framework\src\Illuminate\Database\Connection.php:449
Stack trace:
#0 C:\Users\Thorn\Desktop\epq\vendor\laravel\framework\src\Illuminate\Database\Connection.php(449): PDOStatement->execute()
#1 C:\Users\Thorn\Desktop\epq\vendor\laravel\framework\src\Illuminate\Database\Connection.php(640): Illuminate\Database\Connection->Illuminate\Database\{closure}('insert into `op...', Array)
#2 C:\Users\Thorn\Desktop\epq\vendor\laravel\framework\src\Illuminate\Database\Connection.php(607): Illuminate\Database\Connection->runQueryCallback('insert into `op...', Array, Object(Closure))
#3 C:\Users\Thorn\Desktop\epq\vendor\laravel\framework\src\Illuminate\Database\Connection.php(450): Illuminate\Database\Connection->run('insert into `op...', Array, Object(Closure))
#4 C:\Users\Thorn\Desktop\epq\vendor\laravel\framework\src\Illuminate\Database\Connection.php(404): Illuminate\Database\Connection->statement('insert into `op...', Array)
#5 C:\Users\Thorn\Desktop\epq\vendor\laravel\framework\src\Illuminate\Database\Query\Processors\Processor.php(32): Illuminate\Database\Connection->insert('insert into `op...', Array)
#6 C:\Users\Thorn\Desktop\epq\vendor\laravel\framework\src\Illuminate\Database\Query\Builder.php(2133): Illuminate\Database\Query\Processors\Processor->processInsertGetId(Object(Illuminate\Database\Query\Builder), 'insert into `op...', Array, 'id')
#7 C:\Users\Thorn\Desktop\epq\vendor\laravel\framework\src\Illuminate\Database\Eloquent\Builder.php(1251): Illuminate\Database\Query\Builder->insertGetId(Array, 'id')
#8 C:\Users\Thorn\Desktop\epq\vendor\laravel\framework\src\Illuminate\Database\Eloquent\Model.php(688): Illuminate\Database\Eloquent\Builder->__call('insertGetId', Array)
#9 C:\Users\Thorn\Desktop\epq\vendor\laravel\framework\src\Illuminate\Database\Eloquent\Model.php(688): Illuminate\Database\Eloquent\Builder->insertGetId(Array, 'id')
#10 C:\Users\Thorn\Desktop\epq\vendor\laravel\framework\src\Illuminate\Database\Eloquent\Model.php(653): Illuminate\Database\Eloquent\Model->insertAndSetId(Object(Illuminate\Database\Eloquent\Builder), Array)
#11 C:\Users\Thorn\Desktop\epq\vendor\laravel\framework\src\Illuminate\Database\Eloquent\Model.php(522): Illuminate\Database\Eloquent\Model->performInsert(Object(Illuminate\Database\Eloquent\Builder))
#12 C:\Users\Thorn\Desktop\epq\app\Http\Controllers\create.php(25): Illuminate\Database\Eloquent\Model->save()
#13 [internal function]: App\Http\Controllers\create->post()
#14 C:\Users\Thorn\Desktop\epq\vendor\laravel\framework\src\Illuminate\Routing\Controller.php(55): call_user_func_array(Array, Array)
#15 C:\Users\Thorn\Desktop\epq\vendor\laravel\framework\src\Illuminate\Routing\ControllerDispatcher.php(44): Illuminate\Routing\Controller->callAction('post', Array)
#16 C:\Users\Thorn\Desktop\epq\vendor\laravel\framework\src\Illuminate\Routing\Route.php(204): Illuminate\Routing\ControllerDispatcher->dispatch(Object(Illuminate\Routing\Route), Object(App\Http\Controllers\create), 'post')
#17 C:\Users\Thorn\Desktop\epq\vendor\laravel\framework\src\Illuminate\Routing\Route.php(160): Illuminate\Routing\Route->runController()
#18 C:\Users\Thorn\Desktop\epq\vendor\laravel\framework\src\Illuminate\Routing\Router.php(572): Illuminate\Routing\Route->run()
#19 C:\Users\Thorn\Desktop\epq\vendor\laravel\framework\src\Illuminate\Routing\Pipeline.php(30): Illuminate\Routing\Router->Illuminate\Routing\{closure}(Object(Illuminate\Http\Request))
#20 C:\Users\Thorn\Desktop\epq\vendor\laravel\framework\src\Illuminate\Routing\Middleware\SubstituteBindings.php(41): Illuminate\Routing\Pipeline->Illuminate\Routing\{closure}(Object(Illuminate\Http\Request))
#21 C:\Users\Thorn\Desktop\epq\vendor\laravel\framework\src\Illuminate\Pipeline\Pipeline.php(148): Illuminate\Routing\Middleware\SubstituteBindings->handle(Object(Illuminate\Http\Request), Object(Closure))
#22 C:\Users\Thorn\Desktop\epq\vendor\laravel\framework\src\Illuminate\Routing\Pipeline.php(53): Illuminate\Pipeline\Pipeline->Illuminate\Pipeline\{closure}(Object(Illuminate\Http\Request))
#23 C:\Users\Thorn\Desktop\epq\vendor\laravel\framework\src\Illuminate\Foundation\Http\Middleware\VerifyCsrfToken.php(65): Illuminate\Routing\Pipeline->Illuminate\Routing\{closure}(Object(Illuminate\Http\Request))
#24 C:\Users\Thorn\Desktop\epq\vendor\laravel\framework\src\Illuminate\Pipeline\Pipeline.php(148): Illuminate\Foundation\Http\Middleware\VerifyCsrfToken->handle(Object(Illuminate\Http\Request), Object(Closure))
#25 C:\Users\Thorn\Desktop\epq\vendor\laravel\framework\src\Illuminate\Routing\Pipeline.php(53): Illuminate\Pipeline\Pipeline->Illuminate\Pipeline\{closure}(Object(Illuminate\Http\Request))
#26 C:\Users\Thorn\Desktop\epq\vendor\laravel\framework\src\Illuminate\View\Middleware\ShareErrorsFromSession.php(49): Illuminate\Routing\Pipeline->Illuminate\Routing\{closure}(Object(Illuminate\Http\Request))
#27 C:\Users\Thorn\Desktop\epq\vendor\laravel\framework\src\Illuminate\Pipeline\Pipeline.php(148): Illuminate\View\Middleware\ShareErrorsFromSession->handle(Object(Illuminate\Http\Request), Object(Closure))
#28 C:\Users\Thorn\Desktop\epq\vendor\laravel\framework\src\Illuminate\Routing\Pipeline.php(53): Illuminate\Pipeline\Pipeline->Illuminate\Pipeline\{closure}(Object(Illuminate\Http\Request))
#29 C:\Users\Thorn\Desktop\epq\vendor\laravel\framework\src\Illuminate\Session\Middleware\StartSession.php(64): Illuminate\Routing\Pipeline->Illuminate\Routing\{closure}(Object(Illuminate\Http\Request))
#30 C:\Users\Thorn\Desktop\epq\vendor\laravel\framework\src\Illuminate\Pipeline\Pipeline.php(148): Illuminate\Session\Middleware\StartSession->handle(Object(Illuminate\Http\Request), Object(Closure))
#31 C:\Users\Thorn\Desktop\epq\vendor\laravel\framework\src\Illuminate\Routing\Pipeline.php(53): Illuminate\Pipeline\Pipeline->Illuminate\Pipeline\{closure}(Object(Illuminate\Http\Request))
#32 C:\Users\Thorn\Desktop\epq\vendor\laravel\framework\src\Illuminate\Cookie\Middleware\AddQueuedCookiesToResponse.php(37): Illuminate\Routing\Pipeline->Illuminate\Routing\{closure}(Object(Illuminate\Http\Request))
#33 C:\Users\Thorn\Desktop\epq\vendor\laravel\framework\src\Illuminate\Pipeline\Pipeline.php(148): Illuminate\Cookie\Middleware\AddQueuedCookiesToResponse->handle(Object(Illuminate\Http\Request), Object(Closure))
#34 C:\Users\Thorn\Desktop\epq\vendor\laravel\framework\src\Illuminate\Routing\Pipeline.php(53): Illuminate\Pipeline\Pipeline->Illuminate\Pipeline\{closure}(Object(Illuminate\Http\Request))
#35 C:\Users\Thorn\Desktop\epq\vendor\laravel\framework\src\Illuminate\Cookie\Middleware\EncryptCookies.php(59): Illuminate\Routing\Pipeline->Illuminate\Routing\{closure}(Object(Illuminate\Http\Request))
#36 C:\Users\Thorn\Desktop\epq\vendor\laravel\framework\src\Illuminate\Pipeline\Pipeline.php(148): Illuminate\Cookie\Middleware\EncryptCookies->handle(Object(Illuminate\Http\Request), Object(Closure))
#37 C:\Users\Thorn\Desktop\epq\vendor\laravel\framework\src\Illuminate\Routing\Pipeline.php(53): Illuminate\Pipeline\Pipeline->Illuminate\Pipeline\{closure}(Object(Illuminate\Http\Request))
#38 C:\Users\Thorn\Desktop\epq\vendor\laravel\framework\src\Illuminate\Pipeline\Pipeline.php(102): Illuminate\Routing\Pipeline->Illuminate\Routing\{closure}(Object(Illuminate\Http\Request))
#39 C:\Users\Thorn\Desktop\epq\vendor\laravel\framework\src\Illuminate\Routing\Router.php(574): Illuminate\Pipeline\Pipeline->then(Object(Closure))
#40 C:\Users\Thorn\Desktop\epq\vendor\laravel\framework\src\Illuminate\Routing\Router.php(533): Illuminate\Routing\Router->runRouteWithinStack(Object(Illuminate\Routing\Route), Object(Illuminate\Http\Request))
#41 C:\Users\Thorn\Desktop\epq\vendor\laravel\framework\src\Illuminate\Routing\Router.php(511): Illuminate\Routing\Router->dispatchToRoute(Object(Illuminate\Http\Request))
#42 C:\Users\Thorn\Desktop\epq\vendor\laravel\framework\src\Illuminate\Foundation\Http\Kernel.php(176): Illuminate\Routing\Router->dispatch(Object(Illuminate\Http\Request))
#43 C:\Users\Thorn\Desktop\epq\vendor\laravel\framework\src\Illuminate\Routing\Pipeline.php(30): Illuminate\Foundation\Http\Kernel->Illuminate\Foundation\Http\{closure}(Object(Illuminate\Http\Request))
#44 C:\Users\Thorn\Desktop\epq\vendor\laravel\framework\src\Illuminate\Foundation\Http\Middleware\TransformsRequest.php(30): Illuminate\Routing\Pipeline->Illuminate\Routing\{closure}(Object(Illuminate\Http\Request))
#45 C:\Users\Thorn\Desktop\epq\vendor\laravel\framework\src\Illuminate\Pipeline\Pipeline.php(148): Illuminate\Foundation\Http\Middleware\TransformsRequest->handle(Object(Illuminate\Http\Request), Object(Closure))
#46 C:\Users\Thorn\Desktop\epq\vendor\laravel\framework\src\Illuminate\Routing\Pipeline.php(53): Illuminate\Pipeline\Pipeline->Illuminate\Pipeline\{closure}(Object(Illuminate\Http\Request))
#47 C:\Users\Thorn\Desktop\epq\vendor\laravel\framework\src\Illuminate\Foundation\Http\Middleware\TransformsRequest.php(30): Illuminate\Routing\Pipeline->Illuminate\Routing\{closure}(Object(Illuminate\Http\Request))
#48 C:\Users\Thorn\Desktop\epq\vendor\laravel\framework\src\Illuminate\Pipeline\Pipeline.php(148): Illuminate\Foundation\Http\Middleware\TransformsRequest->handle(Object(Illuminate\Http\Request), Object(Closure))
#49 C:\Users\Thorn\Desktop\epq\vendor\laravel\framework\src\Illuminate\Routing\Pipeline.php(53): Illuminate\Pipeline\Pipeline->Illuminate\Pipeline\{closure}(Object(Illuminate\Http\Request))
#50 C:\Users\Thorn\Desktop\epq\vendor\laravel\framework\src\Illuminate\Foundation\Http\Middleware\ValidatePostSize.php(27): Illuminate\Routing\Pipeline->Illuminate\Routing\{closure}(Object(Illuminate\Http\Request))
#51 C:\Users\Thorn\Desktop\epq\vendor\laravel\framework\src\Illuminate\Pipeline\Pipeline.php(148): Illuminate\Foundation\Http\Middleware\ValidatePostSize->handle(Object(Illuminate\Http\Request), Object(Closure))
#52 C:\Users\Thorn\Desktop\epq\vendor\laravel\framework\src\Illuminate\Routing\Pipeline.php(53): Illuminate\Pipeline\Pipeline->Illuminate\Pipeline\{closure}(Object(Illuminate\Http\Request))
#53 C:\Users\Thorn\Desktop\epq\vendor\laravel\framework\src\Illuminate\Foundation\Http\Middleware\CheckForMaintenanceMode.php(46): Illuminate\Routing\Pipeline->Illuminate\Routing\{closure}(Object(Illuminate\Http\Request))
#54 C:\Users\Thorn\Desktop\epq\vendor\laravel\framework\src\Illuminate\Pipeline\Pipeline.php(148): Illuminate\Foundation\Http\Middleware\CheckForMaintenanceMode->handle(Object(Illuminate\Http\Request), Object(Closure))
#55 C:\Users\Thorn\Desktop\epq\vendor\laravel\framework\src\Illuminate\Routing\Pipeline.php(53): Illuminate\Pipeline\Pipeline->Illuminate\Pipeline\{closure}(Object(Illuminate\Http\Request))
#56 C:\Users\Thorn\Desktop\epq\vendor\laravel\framework\src\Illuminate\Pipeline\Pipeline.php(102): Illuminate\Routing\Pipeline->Illuminate\Routing\{closure}(Object(Illuminate\Http\Request))
#57 C:\Users\Thorn\Desktop\epq\vendor\laravel\framework\src\Illuminate\Foundation\Http\Kernel.php(151): Illuminate\Pipeline\Pipeline->then(Object(Closure))
#58 C:\Users\Thorn\Desktop\epq\vendor\laravel\framework\src\Illuminate\Foundation\Http\Kernel.php(116): Illuminate\Foundation\Http\Kernel->sendRequestThroughRouter(Object(Illuminate\Http\Request))
#59 C:\Users\Thorn\Desktop\epq\public\index.php(54): Illuminate\Foundation\Http\Kernel->handle(Object(Illuminate\Http\Request))
#60 C:\Users\Thorn\Desktop\epq\server.php(21): require_once('C:\\Users\\Thorn\\...')
#61 {main}

Next exception 'Illuminate\Database\QueryException' with message 'SQLSTATE[HY000]: General error: 1366 Incorrect integer value: 'AD45KKLMN' for column 'questionid' at row 1 (SQL: insert into `options` (`body`, `questionId`, `updated_at`, `created_at`) values (yeah, AD45KKLMN, 2017-12-18 09:33:10, 2017-12-18 09:33:10))' in C:\Users\Thorn\Desktop\epq\vendor\laravel\framework\src\Illuminate\Database\Connection.php:647
Stack trace:
#0 C:\Users\Thorn\Desktop\epq\vendor\laravel\framework\src\Illuminate\Database\Connection.php(607): Illuminate\Database\Connection->runQueryCallback('insert into `op...', Array, Object(Closure))
#1 C:\Users\Thorn\Desktop\epq\vendor\laravel\framework\src\Illuminate\Database\Connection.php(450): Illuminate\Database\Connection->run('insert into `op...', Array, Object(Closure))
#2 C:\Users\Thorn\Desktop\epq\vendor\laravel\framework\src\Illuminate\Database\Connection.php(404): Illuminate\Database\Connection->statement('insert into `op...', Array)
#3 C:\Users\Thorn\Desktop\epq\vendor\laravel\framework\src\Illuminate\Database\Query\Processors\Processor.php(32): Illuminate\Database\Connection->insert('insert into `op...', Array)
#4 C:\Users\Thorn\Desktop\epq\vendor\laravel\framework\src\Illuminate\Database\Query\Builder.php(2133): Illuminate\Database\Query\Processors\Processor->processInsertGetId(Object(Illuminate\Database\Query\Builder), 'insert into `op...', Array, 'id')
#5 C:\Users\Thorn\Desktop\epq\vendor\laravel\framework\src\Illuminate\Database\Eloquent\Builder.php(1251): Illuminate\Database\Query\Builder->insertGetId(Array, 'id')
#6 C:\Users\Thorn\Desktop\epq\vendor\laravel\framework\src\Illuminate\Database\Eloquent\Model.php(688): Illuminate\Database\Eloquent\Builder->__call('insertGetId', Array)
#7 C:\Users\Thorn\Desktop\epq\vendor\laravel\framework\src\Illuminate\Database\Eloquent\Model.php(688): Illuminate\Database\Eloquent\Builder->insertGetId(Array, 'id')
#8 C:\Users\Thorn\Desktop\epq\vendor\laravel\framework\src\Illuminate\Database\Eloquent\Model.php(653): Illuminate\Database\Eloquent\Model->insertAndSetId(Object(Illuminate\Database\Eloquent\Builder), Array)
#9 C:\Users\Thorn\Desktop\epq\vendor\laravel\framework\src\Illuminate\Database\Eloquent\Model.php(522): Illuminate\Database\Eloquent\Model->performInsert(Object(Illuminate\Database\Eloquent\Builder))
#10 C:\Users\Thorn\Desktop\epq\app\Http\Controllers\create.php(25): Illuminate\Database\Eloquent\Model->save()
#11 [internal function]: App\Http\Controllers\create->post()
#12 C:\Users\Thorn\Desktop\epq\vendor\laravel\framework\src\Illuminate\Routing\Controller.php(55): call_user_func_array(Array, Array)
#13 C:\Users\Thorn\Desktop\epq\vendor\laravel\framework\src\Illuminate\Routing\ControllerDispatcher.php(44): Illuminate\Routing\Controller->callAction('post', Array)
#14 C:\Users\Thorn\Desktop\epq\vendor\laravel\framework\src\Illuminate\Routing\Route.php(204): Illuminate\Routing\ControllerDispatcher->dispatch(Object(Illuminate\Routing\Route), Object(App\Http\Controllers\create), 'post')
#15 C:\Users\Thorn\Desktop\epq\vendor\laravel\framework\src\Illuminate\Routing\Route.php(160): Illuminate\Routing\Route->runController()
#16 C:\Users\Thorn\Desktop\epq\vendor\laravel\framework\src\Illuminate\Routing\Router.php(572): Illuminate\Routing\Route->run()
#17 C:\Users\Thorn\Desktop\epq\vendor\laravel\framework\src\Illuminate\Routing\Pipeline.php(30): Illuminate\Routing\Router->Illuminate\Routing\{closure}(Object(Illuminate\Http\Request))
#18 C:\Users\Thorn\Desktop\epq\vendor\laravel\framework\src\Illuminate\Routing\Middleware\SubstituteBindings.php(41): Illuminate\Routing\Pipeline->Illuminate\Routing\{closure}(Object(Illuminate\Http\Request))
#19 C:\Users\Thorn\Desktop\epq\vendor\laravel\framework\src\Illuminate\Pipeline\Pipeline.php(148): Illuminate\Routing\Middleware\SubstituteBindings->handle(Object(Illuminate\Http\Request), Object(Closure))
#20 C:\Users\Thorn\Desktop\epq\vendor\laravel\framework\src\Illuminate\Routing\Pipeline.php(53): Illuminate\Pipeline\Pipeline->Illuminate\Pipeline\{closure}(Object(Illuminate\Http\Request))
#21 C:\Users\Thorn\Desktop\epq\vendor\laravel\framework\src\Illuminate\Foundation\Http\Middleware\VerifyCsrfToken.php(65): Illuminate\Routing\Pipeline->Illuminate\Routing\{closure}(Object(Illuminate\Http\Request))
#22 C:\Users\Thorn\Desktop\epq\vendor\laravel\framework\src\Illuminate\Pipeline\Pipeline.php(148): Illuminate\Foundation\Http\Middleware\VerifyCsrfToken->handle(Object(Illuminate\Http\Request), Object(Closure))
#23 C:\Users\Thorn\Desktop\epq\vendor\laravel\framework\src\Illuminate\Routing\Pipeline.php(53): Illuminate\Pipeline\Pipeline->Illuminate\Pipeline\{closure}(Object(Illuminate\Http\Request))
#24 C:\Users\Thorn\Desktop\epq\vendor\laravel\framework\src\Illuminate\View\Middleware\ShareErrorsFromSession.php(49): Illuminate\Routing\Pipeline->Illuminate\Routing\{closure}(Object(Illuminate\Http\Request))
#25 C:\Users\Thorn\Desktop\epq\vendor\laravel\framework\src\Illuminate\Pipeline\Pipeline.php(148): Illuminate\View\Middleware\ShareErrorsFromSession->handle(Object(Illuminate\Http\Request), Object(Closure))
#26 C:\Users\Thorn\Desktop\epq\vendor\laravel\framework\src\Illuminate\Routing\Pipeline.php(53): Illuminate\Pipeline\Pipeline->Illuminate\Pipeline\{closure}(Object(Illuminate\Http\Request))
#27 C:\Users\Thorn\Desktop\epq\vendor\laravel\framework\src\Illuminate\Session\Middleware\StartSession.php(64): Illuminate\Routing\Pipeline->Illuminate\Routing\{closure}(Object(Illuminate\Http\Request))
#28 C:\Users\Thorn\Desktop\epq\vendor\laravel\framework\src\Illuminate\Pipeline\Pipeline.php(148): Illuminate\Session\Middleware\StartSession->handle(Object(Illuminate\Http\Request), Object(Closure))
#29 C:\Users\Thorn\Desktop\epq\vendor\laravel\framework\src\Illuminate\Routing\Pipeline.php(53): Illuminate\Pipeline\Pipeline->Illuminate\Pipeline\{closure}(Object(Illuminate\Http\Request))
#30 C:\Users\Thorn\Desktop\epq\vendor\laravel\framework\src\Illuminate\Cookie\Middleware\AddQueuedCookiesToResponse.php(37): Illuminate\Routing\Pipeline->Illuminate\Routing\{closure}(Object(Illuminate\Http\Request))
#31 C:\Users\Thorn\Desktop\epq\vendor\laravel\framework\src\Illuminate\Pipeline\Pipeline.php(148): Illuminate\Cookie\Middleware\AddQueuedCookiesToResponse->handle(Object(Illuminate\Http\Request), Object(Closure))
#32 C:\Users\Thorn\Desktop\epq\vendor\laravel\framework\src\Illuminate\Routing\Pipeline.php(53): Illuminate\Pipeline\Pipeline->Illuminate\Pipeline\{closure}(Object(Illuminate\Http\Request))
#33 C:\Users\Thorn\Desktop\epq\vendor\laravel\framework\src\Illuminate\Cookie\Middleware\EncryptCookies.php(59): Illuminate\Routing\Pipeline->Illuminate\Routing\{closure}(Object(Illuminate\Http\Request))
#34 C:\Users\Thorn\Desktop\epq\vendor\laravel\framework\src\Illuminate\Pipeline\Pipeline.php(148): Illuminate\Cookie\Middleware\EncryptCookies->handle(Object(Illuminate\Http\Request), Object(Closure))
#35 C:\Users\Thorn\Desktop\epq\vendor\laravel\framework\src\Illuminate\Routing\Pipeline.php(53): Illuminate\Pipeline\Pipeline->Illuminate\Pipeline\{closure}(Object(Illuminate\Http\Request))
#36 C:\Users\Thorn\Desktop\epq\vendor\laravel\framework\src\Illuminate\Pipeline\Pipeline.php(102): Illuminate\Routing\Pipeline->Illuminate\Routing\{closure}(Object(Illuminate\Http\Request))
#37 C:\Users\Thorn\Desktop\epq\vendor\laravel\framework\src\Illuminate\Routing\Router.php(574): Illuminate\Pipeline\Pipeline->then(Object(Closure))
#38 C:\Users\Thorn\Desktop\epq\vendor\laravel\framework\src\Illuminate\Routing\Router.php(533): Illuminate\Routing\Router->runRouteWithinStack(Object(Illuminate\Routing\Route), Object(Illuminate\Http\Request))
#39 C:\Users\Thorn\Desktop\epq\vendor\laravel\framework\src\Illuminate\Routing\Router.php(511): Illuminate\Routing\Router->dispatchToRoute(Object(Illuminate\Http\Request))
#40 C:\Users\Thorn\Desktop\epq\vendor\laravel\framework\src\Illuminate\Foundation\Http\Kernel.php(176): Illuminate\Routing\Router->dispatch(Object(Illuminate\Http\Request))
#41 C:\Users\Thorn\Desktop\epq\vendor\laravel\framework\src\Illuminate\Routing\Pipeline.php(30): Illuminate\Foundation\Http\Kernel->Illuminate\Foundation\Http\{closure}(Object(Illuminate\Http\Request))
#42 C:\Users\Thorn\Desktop\epq\vendor\laravel\framework\src\Illuminate\Foundation\Http\Middleware\TransformsRequest.php(30): Illuminate\Routing\Pipeline->Illuminate\Routing\{closure}(Object(Illuminate\Http\Request))
#43 C:\Users\Thorn\Desktop\epq\vendor\laravel\framework\src\Illuminate\Pipeline\Pipeline.php(148): Illuminate\Foundation\Http\Middleware\TransformsRequest->handle(Object(Illuminate\Http\Request), Object(Closure))
#44 C:\Users\Thorn\Desktop\epq\vendor\laravel\framework\src\Illuminate\Routing\Pipeline.php(53): Illuminate\Pipeline\Pipeline->Illuminate\Pipeline\{closure}(Object(Illuminate\Http\Request))
#45 C:\Users\Thorn\Desktop\epq\vendor\laravel\framework\src\Illuminate\Foundation\Http\Middleware\TransformsRequest.php(30): Illuminate\Routing\Pipeline->Illuminate\Routing\{closure}(Object(Illuminate\Http\Request))
#46 C:\Users\Thorn\Desktop\epq\vendor\laravel\framework\src\Illuminate\Pipeline\Pipeline.php(148): Illuminate\Foundation\Http\Middleware\TransformsRequest->handle(Object(Illuminate\Http\Request), Object(Closure))
#47 C:\Users\Thorn\Desktop\epq\vendor\laravel\framework\src\Illuminate\Routing\Pipeline.php(53): Illuminate\Pipeline\Pipeline->Illuminate\Pipeline\{closure}(Object(Illuminate\Http\Request))
#48 C:\Users\Thorn\Desktop\epq\vendor\laravel\framework\src\Illuminate\Foundation\Http\Middleware\ValidatePostSize.php(27): Illuminate\Routing\Pipeline->Illuminate\Routing\{closure}(Object(Illuminate\Http\Request))
#49 C:\Users\Thorn\Desktop\epq\vendor\laravel\framework\src\Illuminate\Pipeline\Pipeline.php(148): Illuminate\Foundation\Http\Middleware\ValidatePostSize->handle(Object(Illuminate\Http\Request), Object(Closure))
#50 C:\Users\Thorn\Desktop\epq\vendor\laravel\framework\src\Illuminate\Routing\Pipeline.php(53): Illuminate\Pipeline\Pipeline->Illuminate\Pipeline\{closure}(Object(Illuminate\Http\Request))
#51 C:\Users\Thorn\Desktop\epq\vendor\laravel\framework\src\Illuminate\Foundation\Http\Middleware\CheckForMaintenanceMode.php(46): Illuminate\Routing\Pipeline->Illuminate\Routing\{closure}(Object(Illuminate\Http\Request))
#52 C:\Users\Thorn\Desktop\epq\vendor\laravel\framework\src\Illuminate\Pipeline\Pipeline.php(148): Illuminate\Foundation\Http\Middleware\CheckForMaintenanceMode->handle(Object(Illuminate\Http\Request), Object(Closure))
#53 C:\Users\Thorn\Desktop\epq\vendor\laravel\framework\src\Illuminate\Routing\Pipeline.php(53): Illuminate\Pipeline\Pipeline->Illuminate\Pipeline\{closure}(Object(Illuminate\Http\Request))
#54 C:\Users\Thorn\Desktop\epq\vendor\laravel\framework\src\Illuminate\Pipeline\Pipeline.php(102): Illuminate\Routing\Pipeline->Illuminate\Routing\{closure}(Object(Illuminate\Http\Request))
#55 C:\Users\Thorn\Desktop\epq\vendor\laravel\framework\src\Illuminate\Foundation\Http\Kernel.php(151): Illuminate\Pipeline\Pipeline->then(Object(Closure))
#56 C:\Users\Thorn\Desktop\epq\vendor\laravel\framework\src\Illuminate\Foundation\Http\Kernel.php(116): Illuminate\Foundation\Http\Kernel->sendRequestThroughRouter(Object(Illuminate\Http\Request))
#57 C:\Users\Thorn\Desktop\epq\public\index.php(54): Illuminate\Foundation\Http\Kernel->handle(Object(Illuminate\Http\Request))
#58 C:\Users\Thorn\Desktop\epq\server.php(21): require_once('C:\\Users\\Thorn\\...')
#59 {main}  
[2017-12-18 09:34:34] local.ERROR: exception 'PDOException' with message 'SQLSTATE[HY000]: General error: 1366 Incorrect integer value: 'AD45KKLMN' for column 'questionid' at row 1' in C:\Users\Thorn\Desktop\epq\vendor\laravel\framework\src\Illuminate\Database\Connection.php:449
Stack trace:
#0 C:\Users\Thorn\Desktop\epq\vendor\laravel\framework\src\Illuminate\Database\Connection.php(449): PDOStatement->execute()
#1 C:\Users\Thorn\Desktop\epq\vendor\laravel\framework\src\Illuminate\Database\Connection.php(640): Illuminate\Database\Connection->Illuminate\Database\{closure}('insert into `op...', Array)
#2 C:\Users\Thorn\Desktop\epq\vendor\laravel\framework\src\Illuminate\Database\Connection.php(607): Illuminate\Database\Connection->runQueryCallback('insert into `op...', Array, Object(Closure))
#3 C:\Users\Thorn\Desktop\epq\vendor\laravel\framework\src\Illuminate\Database\Connection.php(450): Illuminate\Database\Connection->run('insert into `op...', Array, Object(Closure))
#4 C:\Users\Thorn\Desktop\epq\vendor\laravel\framework\src\Illuminate\Database\Connection.php(404): Illuminate\Database\Connection->statement('insert into `op...', Array)
#5 C:\Users\Thorn\Desktop\epq\vendor\laravel\framework\src\Illuminate\Database\Query\Processors\Processor.php(32): Illuminate\Database\Connection->insert('insert into `op...', Array)
#6 C:\Users\Thorn\Desktop\epq\vendor\laravel\framework\src\Illuminate\Database\Query\Builder.php(2133): Illuminate\Database\Query\Processors\Processor->processInsertGetId(Object(Illuminate\Database\Query\Builder), 'insert into `op...', Array, 'id')
#7 C:\Users\Thorn\Desktop\epq\vendor\laravel\framework\src\Illuminate\Database\Eloquent\Builder.php(1251): Illuminate\Database\Query\Builder->insertGetId(Array, 'id')
#8 C:\Users\Thorn\Desktop\epq\vendor\laravel\framework\src\Illuminate\Database\Eloquent\Model.php(688): Illuminate\Database\Eloquent\Builder->__call('insertGetId', Array)
#9 C:\Users\Thorn\Desktop\epq\vendor\laravel\framework\src\Illuminate\Database\Eloquent\Model.php(688): Illuminate\Database\Eloquent\Builder->insertGetId(Array, 'id')
#10 C:\Users\Thorn\Desktop\epq\vendor\laravel\framework\src\Illuminate\Database\Eloquent\Model.php(653): Illuminate\Database\Eloquent\Model->insertAndSetId(Object(Illuminate\Database\Eloquent\Builder), Array)
#11 C:\Users\Thorn\Desktop\epq\vendor\laravel\framework\src\Illuminate\Database\Eloquent\Model.php(522): Illuminate\Database\Eloquent\Model->performInsert(Object(Illuminate\Database\Eloquent\Builder))
#12 C:\Users\Thorn\Desktop\epq\app\Http\Controllers\create.php(25): Illuminate\Database\Eloquent\Model->save()
#13 [internal function]: App\Http\Controllers\create->post()
#14 C:\Users\Thorn\Desktop\epq\vendor\laravel\framework\src\Illuminate\Routing\Controller.php(55): call_user_func_array(Array, Array)
#15 C:\Users\Thorn\Desktop\epq\vendor\laravel\framework\src\Illuminate\Routing\ControllerDispatcher.php(44): Illuminate\Routing\Controller->callAction('post', Array)
#16 C:\Users\Thorn\Desktop\epq\vendor\laravel\framework\src\Illuminate\Routing\Route.php(204): Illuminate\Routing\ControllerDispatcher->dispatch(Object(Illuminate\Routing\Route), Object(App\Http\Controllers\create), 'post')
#17 C:\Users\Thorn\Desktop\epq\vendor\laravel\framework\src\Illuminate\Routing\Route.php(160): Illuminate\Routing\Route->runController()
#18 C:\Users\Thorn\Desktop\epq\vendor\laravel\framework\src\Illuminate\Routing\Router.php(572): Illuminate\Routing\Route->run()
#19 C:\Users\Thorn\Desktop\epq\vendor\laravel\framework\src\Illuminate\Routing\Pipeline.php(30): Illuminate\Routing\Router->Illuminate\Routing\{closure}(Object(Illuminate\Http\Request))
#20 C:\Users\Thorn\Desktop\epq\vendor\laravel\framework\src\Illuminate\Routing\Middleware\SubstituteBindings.php(41): Illuminate\Routing\Pipeline->Illuminate\Routing\{closure}(Object(Illuminate\Http\Request))
#21 C:\Users\Thorn\Desktop\epq\vendor\laravel\framework\src\Illuminate\Pipeline\Pipeline.php(148): Illuminate\Routing\Middleware\SubstituteBindings->handle(Object(Illuminate\Http\Request), Object(Closure))
#22 C:\Users\Thorn\Desktop\epq\vendor\laravel\framework\src\Illuminate\Routing\Pipeline.php(53): Illuminate\Pipeline\Pipeline->Illuminate\Pipeline\{closure}(Object(Illuminate\Http\Request))
#23 C:\Users\Thorn\Desktop\epq\vendor\laravel\framework\src\Illuminate\Foundation\Http\Middleware\VerifyCsrfToken.php(65): Illuminate\Routing\Pipeline->Illuminate\Routing\{closure}(Object(Illuminate\Http\Request))
#24 C:\Users\Thorn\Desktop\epq\vendor\laravel\framework\src\Illuminate\Pipeline\Pipeline.php(148): Illuminate\Foundation\Http\Middleware\VerifyCsrfToken->handle(Object(Illuminate\Http\Request), Object(Closure))
#25 C:\Users\Thorn\Desktop\epq\vendor\laravel\framework\src\Illuminate\Routing\Pipeline.php(53): Illuminate\Pipeline\Pipeline->Illuminate\Pipeline\{closure}(Object(Illuminate\Http\Request))
#26 C:\Users\Thorn\Desktop\epq\vendor\laravel\framework\src\Illuminate\View\Middleware\ShareErrorsFromSession.php(49): Illuminate\Routing\Pipeline->Illuminate\Routing\{closure}(Object(Illuminate\Http\Request))
#27 C:\Users\Thorn\Desktop\epq\vendor\laravel\framework\src\Illuminate\Pipeline\Pipeline.php(148): Illuminate\View\Middleware\ShareErrorsFromSession->handle(Object(Illuminate\Http\Request), Object(Closure))
#28 C:\Users\Thorn\Desktop\epq\vendor\laravel\framework\src\Illuminate\Routing\Pipeline.php(53): Illuminate\Pipeline\Pipeline->Illuminate\Pipeline\{closure}(Object(Illuminate\Http\Request))
#29 C:\Users\Thorn\Desktop\epq\vendor\laravel\framework\src\Illuminate\Session\Middleware\StartSession.php(64): Illuminate\Routing\Pipeline->Illuminate\Routing\{closure}(Object(Illuminate\Http\Request))
#30 C:\Users\Thorn\Desktop\epq\vendor\laravel\framework\src\Illuminate\Pipeline\Pipeline.php(148): Illuminate\Session\Middleware\StartSession->handle(Object(Illuminate\Http\Request), Object(Closure))
#31 C:\Users\Thorn\Desktop\epq\vendor\laravel\framework\src\Illuminate\Routing\Pipeline.php(53): Illuminate\Pipeline\Pipeline->Illuminate\Pipeline\{closure}(Object(Illuminate\Http\Request))
#32 C:\Users\Thorn\Desktop\epq\vendor\laravel\framework\src\Illuminate\Cookie\Middleware\AddQueuedCookiesToResponse.php(37): Illuminate\Routing\Pipeline->Illuminate\Routing\{closure}(Object(Illuminate\Http\Request))
#33 C:\Users\Thorn\Desktop\epq\vendor\laravel\framework\src\Illuminate\Pipeline\Pipeline.php(148): Illuminate\Cookie\Middleware\AddQueuedCookiesToResponse->handle(Object(Illuminate\Http\Request), Object(Closure))
#34 C:\Users\Thorn\Desktop\epq\vendor\laravel\framework\src\Illuminate\Routing\Pipeline.php(53): Illuminate\Pipeline\Pipeline->Illuminate\Pipeline\{closure}(Object(Illuminate\Http\Request))
#35 C:\Users\Thorn\Desktop\epq\vendor\laravel\framework\src\Illuminate\Cookie\Middleware\EncryptCookies.php(59): Illuminate\Routing\Pipeline->Illuminate\Routing\{closure}(Object(Illuminate\Http\Request))
#36 C:\Users\Thorn\Desktop\epq\vendor\laravel\framework\src\Illuminate\Pipeline\Pipeline.php(148): Illuminate\Cookie\Middleware\EncryptCookies->handle(Object(Illuminate\Http\Request), Object(Closure))
#37 C:\Users\Thorn\Desktop\epq\vendor\laravel\framework\src\Illuminate\Routing\Pipeline.php(53): Illuminate\Pipeline\Pipeline->Illuminate\Pipeline\{closure}(Object(Illuminate\Http\Request))
#38 C:\Users\Thorn\Desktop\epq\vendor\laravel\framework\src\Illuminate\Pipeline\Pipeline.php(102): Illuminate\Routing\Pipeline->Illuminate\Routing\{closure}(Object(Illuminate\Http\Request))
#39 C:\Users\Thorn\Desktop\epq\vendor\laravel\framework\src\Illuminate\Routing\Router.php(574): Illuminate\Pipeline\Pipeline->then(Object(Closure))
#40 C:\Users\Thorn\Desktop\epq\vendor\laravel\framework\src\Illuminate\Routing\Router.php(533): Illuminate\Routing\Router->runRouteWithinStack(Object(Illuminate\Routing\Route), Object(Illuminate\Http\Request))
#41 C:\Users\Thorn\Desktop\epq\vendor\laravel\framework\src\Illuminate\Routing\Router.php(511): Illuminate\Routing\Router->dispatchToRoute(Object(Illuminate\Http\Request))
#42 C:\Users\Thorn\Desktop\epq\vendor\laravel\framework\src\Illuminate\Foundation\Http\Kernel.php(176): Illuminate\Routing\Router->dispatch(Object(Illuminate\Http\Request))
#43 C:\Users\Thorn\Desktop\epq\vendor\laravel\framework\src\Illuminate\Routing\Pipeline.php(30): Illuminate\Foundation\Http\Kernel->Illuminate\Foundation\Http\{closure}(Object(Illuminate\Http\Request))
#44 C:\Users\Thorn\Desktop\epq\vendor\laravel\framework\src\Illuminate\Foundation\Http\Middleware\TransformsRequest.php(30): Illuminate\Routing\Pipeline->Illuminate\Routing\{closure}(Object(Illuminate\Http\Request))
#45 C:\Users\Thorn\Desktop\epq\vendor\laravel\framework\src\Illuminate\Pipeline\Pipeline.php(148): Illuminate\Foundation\Http\Middleware\TransformsRequest->handle(Object(Illuminate\Http\Request), Object(Closure))
#46 C:\Users\Thorn\Desktop\epq\vendor\laravel\framework\src\Illuminate\Routing\Pipeline.php(53): Illuminate\Pipeline\Pipeline->Illuminate\Pipeline\{closure}(Object(Illuminate\Http\Request))
#47 C:\Users\Thorn\Desktop\epq\vendor\laravel\framework\src\Illuminate\Foundation\Http\Middleware\TransformsRequest.php(30): Illuminate\Routing\Pipeline->Illuminate\Routing\{closure}(Object(Illuminate\Http\Request))
#48 C:\Users\Thorn\Desktop\epq\vendor\laravel\framework\src\Illuminate\Pipeline\Pipeline.php(148): Illuminate\Foundation\Http\Middleware\TransformsRequest->handle(Object(Illuminate\Http\Request), Object(Closure))
#49 C:\Users\Thorn\Desktop\epq\vendor\laravel\framework\src\Illuminate\Routing\Pipeline.php(53): Illuminate\Pipeline\Pipeline->Illuminate\Pipeline\{closure}(Object(Illuminate\Http\Request))
#50 C:\Users\Thorn\Desktop\epq\vendor\laravel\framework\src\Illuminate\Foundation\Http\Middleware\ValidatePostSize.php(27): Illuminate\Routing\Pipeline->Illuminate\Routing\{closure}(Object(Illuminate\Http\Request))
#51 C:\Users\Thorn\Desktop\epq\vendor\laravel\framework\src\Illuminate\Pipeline\Pipeline.php(148): Illuminate\Foundation\Http\Middleware\ValidatePostSize->handle(Object(Illuminate\Http\Request), Object(Closure))
#52 C:\Users\Thorn\Desktop\epq\vendor\laravel\framework\src\Illuminate\Routing\Pipeline.php(53): Illuminate\Pipeline\Pipeline->Illuminate\Pipeline\{closure}(Object(Illuminate\Http\Request))
#53 C:\Users\Thorn\Desktop\epq\vendor\laravel\framework\src\Illuminate\Foundation\Http\Middleware\CheckForMaintenanceMode.php(46): Illuminate\Routing\Pipeline->Illuminate\Routing\{closure}(Object(Illuminate\Http\Request))
#54 C:\Users\Thorn\Desktop\epq\vendor\laravel\framework\src\Illuminate\Pipeline\Pipeline.php(148): Illuminate\Foundation\Http\Middleware\CheckForMaintenanceMode->handle(Object(Illuminate\Http\Request), Object(Closure))
#55 C:\Users\Thorn\Desktop\epq\vendor\laravel\framework\src\Illuminate\Routing\Pipeline.php(53): Illuminate\Pipeline\Pipeline->Illuminate\Pipeline\{closure}(Object(Illuminate\Http\Request))
#56 C:\Users\Thorn\Desktop\epq\vendor\laravel\framework\src\Illuminate\Pipeline\Pipeline.php(102): Illuminate\Routing\Pipeline->Illuminate\Routing\{closure}(Object(Illuminate\Http\Request))
#57 C:\Users\Thorn\Desktop\epq\vendor\laravel\framework\src\Illuminate\Foundation\Http\Kernel.php(151): Illuminate\Pipeline\Pipeline->then(Object(Closure))
#58 C:\Users\Thorn\Desktop\epq\vendor\laravel\framework\src\Illuminate\Foundation\Http\Kernel.php(116): Illuminate\Foundation\Http\Kernel->sendRequestThroughRouter(Object(Illuminate\Http\Request))
#59 C:\Users\Thorn\Desktop\epq\public\index.php(54): Illuminate\Foundation\Http\Kernel->handle(Object(Illuminate\Http\Request))
#60 C:\Users\Thorn\Desktop\epq\server.php(21): require_once('C:\\Users\\Thorn\\...')
#61 {main}

Next exception 'Illuminate\Database\QueryException' with message 'SQLSTATE[HY000]: General error: 1366 Incorrect integer value: 'AD45KKLMN' for column 'questionid' at row 1 (SQL: insert into `options` (`body`, `questionId`, `updated_at`, `created_at`) values (yeah, AD45KKLMN, 2017-12-18 09:34:34, 2017-12-18 09:34:34))' in C:\Users\Thorn\Desktop\epq\vendor\laravel\framework\src\Illuminate\Database\Connection.php:647
Stack trace:
#0 C:\Users\Thorn\Desktop\epq\vendor\laravel\framework\src\Illuminate\Database\Connection.php(607): Illuminate\Database\Connection->runQueryCallback('insert into `op...', Array, Object(Closure))
#1 C:\Users\Thorn\Desktop\epq\vendor\laravel\framework\src\Illuminate\Database\Connection.php(450): Illuminate\Database\Connection->run('insert into `op...', Array, Object(Closure))
#2 C:\Users\Thorn\Desktop\epq\vendor\laravel\framework\src\Illuminate\Database\Connection.php(404): Illuminate\Database\Connection->statement('insert into `op...', Array)
#3 C:\Users\Thorn\Desktop\epq\vendor\laravel\framework\src\Illuminate\Database\Query\Processors\Processor.php(32): Illuminate\Database\Connection->insert('insert into `op...', Array)
#4 C:\Users\Thorn\Desktop\epq\vendor\laravel\framework\src\Illuminate\Database\Query\Builder.php(2133): Illuminate\Database\Query\Processors\Processor->processInsertGetId(Object(Illuminate\Database\Query\Builder), 'insert into `op...', Array, 'id')
#5 C:\Users\Thorn\Desktop\epq\vendor\laravel\framework\src\Illuminate\Database\Eloquent\Builder.php(1251): Illuminate\Database\Query\Builder->insertGetId(Array, 'id')
#6 C:\Users\Thorn\Desktop\epq\vendor\laravel\framework\src\Illuminate\Database\Eloquent\Model.php(688): Illuminate\Database\Eloquent\Builder->__call('insertGetId', Array)
#7 C:\Users\Thorn\Desktop\epq\vendor\laravel\framework\src\Illuminate\Database\Eloquent\Model.php(688): Illuminate\Database\Eloquent\Builder->insertGetId(Array, 'id')
#8 C:\Users\Thorn\Desktop\epq\vendor\laravel\framework\src\Illuminate\Database\Eloquent\Model.php(653): Illuminate\Database\Eloquent\Model->insertAndSetId(Object(Illuminate\Database\Eloquent\Builder), Array)
#9 C:\Users\Thorn\Desktop\epq\vendor\laravel\framework\src\Illuminate\Database\Eloquent\Model.php(522): Illuminate\Database\Eloquent\Model->performInsert(Object(Illuminate\Database\Eloquent\Builder))
#10 C:\Users\Thorn\Desktop\epq\app\Http\Controllers\create.php(25): Illuminate\Database\Eloquent\Model->save()
#11 [internal function]: App\Http\Controllers\create->post()
#12 C:\Users\Thorn\Desktop\epq\vendor\laravel\framework\src\Illuminate\Routing\Controller.php(55): call_user_func_array(Array, Array)
#13 C:\Users\Thorn\Desktop\epq\vendor\laravel\framework\src\Illuminate\Routing\ControllerDispatcher.php(44): Illuminate\Routing\Controller->callAction('post', Array)
#14 C:\Users\Thorn\Desktop\epq\vendor\laravel\framework\src\Illuminate\Routing\Route.php(204): Illuminate\Routing\ControllerDispatcher->dispatch(Object(Illuminate\Routing\Route), Object(App\Http\Controllers\create), 'post')
#15 C:\Users\Thorn\Desktop\epq\vendor\laravel\framework\src\Illuminate\Routing\Route.php(160): Illuminate\Routing\Route->runController()
#16 C:\Users\Thorn\Desktop\epq\vendor\laravel\framework\src\Illuminate\Routing\Router.php(572): Illuminate\Routing\Route->run()
#17 C:\Users\Thorn\Desktop\epq\vendor\laravel\framework\src\Illuminate\Routing\Pipeline.php(30): Illuminate\Routing\Router->Illuminate\Routing\{closure}(Object(Illuminate\Http\Request))
#18 C:\Users\Thorn\Desktop\epq\vendor\laravel\framework\src\Illuminate\Routing\Middleware\SubstituteBindings.php(41): Illuminate\Routing\Pipeline->Illuminate\Routing\{closure}(Object(Illuminate\Http\Request))
#19 C:\Users\Thorn\Desktop\epq\vendor\laravel\framework\src\Illuminate\Pipeline\Pipeline.php(148): Illuminate\Routing\Middleware\SubstituteBindings->handle(Object(Illuminate\Http\Request), Object(Closure))
#20 C:\Users\Thorn\Desktop\epq\vendor\laravel\framework\src\Illuminate\Routing\Pipeline.php(53): Illuminate\Pipeline\Pipeline->Illuminate\Pipeline\{closure}(Object(Illuminate\Http\Request))
#21 C:\Users\Thorn\Desktop\epq\vendor\laravel\framework\src\Illuminate\Foundation\Http\Middleware\VerifyCsrfToken.php(65): Illuminate\Routing\Pipeline->Illuminate\Routing\{closure}(Object(Illuminate\Http\Request))
#22 C:\Users\Thorn\Desktop\epq\vendor\laravel\framework\src\Illuminate\Pipeline\Pipeline.php(148): Illuminate\Foundation\Http\Middleware\VerifyCsrfToken->handle(Object(Illuminate\Http\Request), Object(Closure))
#23 C:\Users\Thorn\Desktop\epq\vendor\laravel\framework\src\Illuminate\Routing\Pipeline.php(53): Illuminate\Pipeline\Pipeline->Illuminate\Pipeline\{closure}(Object(Illuminate\Http\Request))
#24 C:\Users\Thorn\Desktop\epq\vendor\laravel\framework\src\Illuminate\View\Middleware\ShareErrorsFromSession.php(49): Illuminate\Routing\Pipeline->Illuminate\Routing\{closure}(Object(Illuminate\Http\Request))
#25 C:\Users\Thorn\Desktop\epq\vendor\laravel\framework\src\Illuminate\Pipeline\Pipeline.php(148): Illuminate\View\Middleware\ShareErrorsFromSession->handle(Object(Illuminate\Http\Request), Object(Closure))
#26 C:\Users\Thorn\Desktop\epq\vendor\laravel\framework\src\Illuminate\Routing\Pipeline.php(53): Illuminate\Pipeline\Pipeline->Illuminate\Pipeline\{closure}(Object(Illuminate\Http\Request))
#27 C:\Users\Thorn\Desktop\epq\vendor\laravel\framework\src\Illuminate\Session\Middleware\StartSession.php(64): Illuminate\Routing\Pipeline->Illuminate\Routing\{closure}(Object(Illuminate\Http\Request))
#28 C:\Users\Thorn\Desktop\epq\vendor\laravel\framework\src\Illuminate\Pipeline\Pipeline.php(148): Illuminate\Session\Middleware\StartSession->handle(Object(Illuminate\Http\Request), Object(Closure))
#29 C:\Users\Thorn\Desktop\epq\vendor\laravel\framework\src\Illuminate\Routing\Pipeline.php(53): Illuminate\Pipeline\Pipeline->Illuminate\Pipeline\{closure}(Object(Illuminate\Http\Request))
#30 C:\Users\Thorn\Desktop\epq\vendor\laravel\framework\src\Illuminate\Cookie\Middleware\AddQueuedCookiesToResponse.php(37): Illuminate\Routing\Pipeline->Illuminate\Routing\{closure}(Object(Illuminate\Http\Request))
#31 C:\Users\Thorn\Desktop\epq\vendor\laravel\framework\src\Illuminate\Pipeline\Pipeline.php(148): Illuminate\Cookie\Middleware\AddQueuedCookiesToResponse->handle(Object(Illuminate\Http\Request), Object(Closure))
#32 C:\Users\Thorn\Desktop\epq\vendor\laravel\framework\src\Illuminate\Routing\Pipeline.php(53): Illuminate\Pipeline\Pipeline->Illuminate\Pipeline\{closure}(Object(Illuminate\Http\Request))
#33 C:\Users\Thorn\Desktop\epq\vendor\laravel\framework\src\Illuminate\Cookie\Middleware\EncryptCookies.php(59): Illuminate\Routing\Pipeline->Illuminate\Routing\{closure}(Object(Illuminate\Http\Request))
#34 C:\Users\Thorn\Desktop\epq\vendor\laravel\framework\src\Illuminate\Pipeline\Pipeline.php(148): Illuminate\Cookie\Middleware\EncryptCookies->handle(Object(Illuminate\Http\Request), Object(Closure))
#35 C:\Users\Thorn\Desktop\epq\vendor\laravel\framework\src\Illuminate\Routing\Pipeline.php(53): Illuminate\Pipeline\Pipeline->Illuminate\Pipeline\{closure}(Object(Illuminate\Http\Request))
#36 C:\Users\Thorn\Desktop\epq\vendor\laravel\framework\src\Illuminate\Pipeline\Pipeline.php(102): Illuminate\Routing\Pipeline->Illuminate\Routing\{closure}(Object(Illuminate\Http\Request))
#37 C:\Users\Thorn\Desktop\epq\vendor\laravel\framework\src\Illuminate\Routing\Router.php(574): Illuminate\Pipeline\Pipeline->then(Object(Closure))
#38 C:\Users\Thorn\Desktop\epq\vendor\laravel\framework\src\Illuminate\Routing\Router.php(533): Illuminate\Routing\Router->runRouteWithinStack(Object(Illuminate\Routing\Route), Object(Illuminate\Http\Request))
#39 C:\Users\Thorn\Desktop\epq\vendor\laravel\framework\src\Illuminate\Routing\Router.php(511): Illuminate\Routing\Router->dispatchToRoute(Object(Illuminate\Http\Request))
#40 C:\Users\Thorn\Desktop\epq\vendor\laravel\framework\src\Illuminate\Foundation\Http\Kernel.php(176): Illuminate\Routing\Router->dispatch(Object(Illuminate\Http\Request))
#41 C:\Users\Thorn\Desktop\epq\vendor\laravel\framework\src\Illuminate\Routing\Pipeline.php(30): Illuminate\Foundation\Http\Kernel->Illuminate\Foundation\Http\{closure}(Object(Illuminate\Http\Request))
#42 C:\Users\Thorn\Desktop\epq\vendor\laravel\framework\src\Illuminate\Foundation\Http\Middleware\TransformsRequest.php(30): Illuminate\Routing\Pipeline->Illuminate\Routing\{closure}(Object(Illuminate\Http\Request))
#43 C:\Users\Thorn\Desktop\epq\vendor\laravel\framework\src\Illuminate\Pipeline\Pipeline.php(148): Illuminate\Foundation\Http\Middleware\TransformsRequest->handle(Object(Illuminate\Http\Request), Object(Closure))
#44 C:\Users\Thorn\Desktop\epq\vendor\laravel\framework\src\Illuminate\Routing\Pipeline.php(53): Illuminate\Pipeline\Pipeline->Illuminate\Pipeline\{closure}(Object(Illuminate\Http\Request))
#45 C:\Users\Thorn\Desktop\epq\vendor\laravel\framework\src\Illuminate\Foundation\Http\Middleware\TransformsRequest.php(30): Illuminate\Routing\Pipeline->Illuminate\Routing\{closure}(Object(Illuminate\Http\Request))
#46 C:\Users\Thorn\Desktop\epq\vendor\laravel\framework\src\Illuminate\Pipeline\Pipeline.php(148): Illuminate\Foundation\Http\Middleware\TransformsRequest->handle(Object(Illuminate\Http\Request), Object(Closure))
#47 C:\Users\Thorn\Desktop\epq\vendor\laravel\framework\src\Illuminate\Routing\Pipeline.php(53): Illuminate\Pipeline\Pipeline->Illuminate\Pipeline\{closure}(Object(Illuminate\Http\Request))
#48 C:\Users\Thorn\Desktop\epq\vendor\laravel\framework\src\Illuminate\Foundation\Http\Middleware\ValidatePostSize.php(27): Illuminate\Routing\Pipeline->Illuminate\Routing\{closure}(Object(Illuminate\Http\Request))
#49 C:\Users\Thorn\Desktop\epq\vendor\laravel\framework\src\Illuminate\Pipeline\Pipeline.php(148): Illuminate\Foundation\Http\Middleware\ValidatePostSize->handle(Object(Illuminate\Http\Request), Object(Closure))
#50 C:\Users\Thorn\Desktop\epq\vendor\laravel\framework\src\Illuminate\Routing\Pipeline.php(53): Illuminate\Pipeline\Pipeline->Illuminate\Pipeline\{closure}(Object(Illuminate\Http\Request))
#51 C:\Users\Thorn\Desktop\epq\vendor\laravel\framework\src\Illuminate\Foundation\Http\Middleware\CheckForMaintenanceMode.php(46): Illuminate\Routing\Pipeline->Illuminate\Routing\{closure}(Object(Illuminate\Http\Request))
#52 C:\Users\Thorn\Desktop\epq\vendor\laravel\framework\src\Illuminate\Pipeline\Pipeline.php(148): Illuminate\Foundation\Http\Middleware\CheckForMaintenanceMode->handle(Object(Illuminate\Http\Request), Object(Closure))
#53 C:\Users\Thorn\Desktop\epq\vendor\laravel\framework\src\Illuminate\Routing\Pipeline.php(53): Illuminate\Pipeline\Pipeline->Illuminate\Pipeline\{closure}(Object(Illuminate\Http\Request))
#54 C:\Users\Thorn\Desktop\epq\vendor\laravel\framework\src\Illuminate\Pipeline\Pipeline.php(102): Illuminate\Routing\Pipeline->Illuminate\Routing\{closure}(Object(Illuminate\Http\Request))
#55 C:\Users\Thorn\Desktop\epq\vendor\laravel\framework\src\Illuminate\Foundation\Http\Kernel.php(151): Illuminate\Pipeline\Pipeline->then(Object(Closure))
#56 C:\Users\Thorn\Desktop\epq\vendor\laravel\framework\src\Illuminate\Foundation\Http\Kernel.php(116): Illuminate\Foundation\Http\Kernel->sendRequestThroughRouter(Object(Illuminate\Http\Request))
#57 C:\Users\Thorn\Desktop\epq\public\index.php(54): Illuminate\Foundation\Http\Kernel->handle(Object(Illuminate\Http\Request))
#58 C:\Users\Thorn\Desktop\epq\server.php(21): require_once('C:\\Users\\Thorn\\...')
#59 {main}  
[2017-12-18 09:35:05] local.ERROR: exception 'PDOException' with message 'SQLSTATE[HY000]: General error: 1366 Incorrect integer value: 'AD45KKLMN' for column 'questionid' at row 1' in C:\Users\Thorn\Desktop\epq\vendor\laravel\framework\src\Illuminate\Database\Connection.php:449
Stack trace:
#0 C:\Users\Thorn\Desktop\epq\vendor\laravel\framework\src\Illuminate\Database\Connection.php(449): PDOStatement->execute()
#1 C:\Users\Thorn\Desktop\epq\vendor\laravel\framework\src\Illuminate\Database\Connection.php(640): Illuminate\Database\Connection->Illuminate\Database\{closure}('insert into `op...', Array)
#2 C:\Users\Thorn\Desktop\epq\vendor\laravel\framework\src\Illuminate\Database\Connection.php(607): Illuminate\Database\Connection->runQueryCallback('insert into `op...', Array, Object(Closure))
#3 C:\Users\Thorn\Desktop\epq\vendor\laravel\framework\src\Illuminate\Database\Connection.php(450): Illuminate\Database\Connection->run('insert into `op...', Array, Object(Closure))
#4 C:\Users\Thorn\Desktop\epq\vendor\laravel\framework\src\Illuminate\Database\Connection.php(404): Illuminate\Database\Connection->statement('insert into `op...', Array)
#5 C:\Users\Thorn\Desktop\epq\vendor\laravel\framework\src\Illuminate\Database\Query\Processors\Processor.php(32): Illuminate\Database\Connection->insert('insert into `op...', Array)
#6 C:\Users\Thorn\Desktop\epq\vendor\laravel\framework\src\Illuminate\Database\Query\Builder.php(2133): Illuminate\Database\Query\Processors\Processor->processInsertGetId(Object(Illuminate\Database\Query\Builder), 'insert into `op...', Array, 'id')
#7 C:\Users\Thorn\Desktop\epq\vendor\laravel\framework\src\Illuminate\Database\Eloquent\Builder.php(1251): Illuminate\Database\Query\Builder->insertGetId(Array, 'id')
#8 C:\Users\Thorn\Desktop\epq\vendor\laravel\framework\src\Illuminate\Database\Eloquent\Model.php(688): Illuminate\Database\Eloquent\Builder->__call('insertGetId', Array)
#9 C:\Users\Thorn\Desktop\epq\vendor\laravel\framework\src\Illuminate\Database\Eloquent\Model.php(688): Illuminate\Database\Eloquent\Builder->insertGetId(Array, 'id')
#10 C:\Users\Thorn\Desktop\epq\vendor\laravel\framework\src\Illuminate\Database\Eloquent\Model.php(653): Illuminate\Database\Eloquent\Model->insertAndSetId(Object(Illuminate\Database\Eloquent\Builder), Array)
#11 C:\Users\Thorn\Desktop\epq\vendor\laravel\framework\src\Illuminate\Database\Eloquent\Model.php(522): Illuminate\Database\Eloquent\Model->performInsert(Object(Illuminate\Database\Eloquent\Builder))
#12 C:\Users\Thorn\Desktop\epq\app\Http\Controllers\create.php(25): Illuminate\Database\Eloquent\Model->save()
#13 [internal function]: App\Http\Controllers\create->post()
#14 C:\Users\Thorn\Desktop\epq\vendor\laravel\framework\src\Illuminate\Routing\Controller.php(55): call_user_func_array(Array, Array)
#15 C:\Users\Thorn\Desktop\epq\vendor\laravel\framework\src\Illuminate\Routing\ControllerDispatcher.php(44): Illuminate\Routing\Controller->callAction('post', Array)
#16 C:\Users\Thorn\Desktop\epq\vendor\laravel\framework\src\Illuminate\Routing\Route.php(204): Illuminate\Routing\ControllerDispatcher->dispatch(Object(Illuminate\Routing\Route), Object(App\Http\Controllers\create), 'post')
#17 C:\Users\Thorn\Desktop\epq\vendor\laravel\framework\src\Illuminate\Routing\Route.php(160): Illuminate\Routing\Route->runController()
#18 C:\Users\Thorn\Desktop\epq\vendor\laravel\framework\src\Illuminate\Routing\Router.php(572): Illuminate\Routing\Route->run()
#19 C:\Users\Thorn\Desktop\epq\vendor\laravel\framework\src\Illuminate\Routing\Pipeline.php(30): Illuminate\Routing\Router->Illuminate\Routing\{closure}(Object(Illuminate\Http\Request))
#20 C:\Users\Thorn\Desktop\epq\vendor\laravel\framework\src\Illuminate\Routing\Middleware\SubstituteBindings.php(41): Illuminate\Routing\Pipeline->Illuminate\Routing\{closure}(Object(Illuminate\Http\Request))
#21 C:\Users\Thorn\Desktop\epq\vendor\laravel\framework\src\Illuminate\Pipeline\Pipeline.php(148): Illuminate\Routing\Middleware\SubstituteBindings->handle(Object(Illuminate\Http\Request), Object(Closure))
#22 C:\Users\Thorn\Desktop\epq\vendor\laravel\framework\src\Illuminate\Routing\Pipeline.php(53): Illuminate\Pipeline\Pipeline->Illuminate\Pipeline\{closure}(Object(Illuminate\Http\Request))
#23 C:\Users\Thorn\Desktop\epq\vendor\laravel\framework\src\Illuminate\Foundation\Http\Middleware\VerifyCsrfToken.php(65): Illuminate\Routing\Pipeline->Illuminate\Routing\{closure}(Object(Illuminate\Http\Request))
#24 C:\Users\Thorn\Desktop\epq\vendor\laravel\framework\src\Illuminate\Pipeline\Pipeline.php(148): Illuminate\Foundation\Http\Middleware\VerifyCsrfToken->handle(Object(Illuminate\Http\Request), Object(Closure))
#25 C:\Users\Thorn\Desktop\epq\vendor\laravel\framework\src\Illuminate\Routing\Pipeline.php(53): Illuminate\Pipeline\Pipeline->Illuminate\Pipeline\{closure}(Object(Illuminate\Http\Request))
#26 C:\Users\Thorn\Desktop\epq\vendor\laravel\framework\src\Illuminate\View\Middleware\ShareErrorsFromSession.php(49): Illuminate\Routing\Pipeline->Illuminate\Routing\{closure}(Object(Illuminate\Http\Request))
#27 C:\Users\Thorn\Desktop\epq\vendor\laravel\framework\src\Illuminate\Pipeline\Pipeline.php(148): Illuminate\View\Middleware\ShareErrorsFromSession->handle(Object(Illuminate\Http\Request), Object(Closure))
#28 C:\Users\Thorn\Desktop\epq\vendor\laravel\framework\src\Illuminate\Routing\Pipeline.php(53): Illuminate\Pipeline\Pipeline->Illuminate\Pipeline\{closure}(Object(Illuminate\Http\Request))
#29 C:\Users\Thorn\Desktop\epq\vendor\laravel\framework\src\Illuminate\Session\Middleware\StartSession.php(64): Illuminate\Routing\Pipeline->Illuminate\Routing\{closure}(Object(Illuminate\Http\Request))
#30 C:\Users\Thorn\Desktop\epq\vendor\laravel\framework\src\Illuminate\Pipeline\Pipeline.php(148): Illuminate\Session\Middleware\StartSession->handle(Object(Illuminate\Http\Request), Object(Closure))
#31 C:\Users\Thorn\Desktop\epq\vendor\laravel\framework\src\Illuminate\Routing\Pipeline.php(53): Illuminate\Pipeline\Pipeline->Illuminate\Pipeline\{closure}(Object(Illuminate\Http\Request))
#32 C:\Users\Thorn\Desktop\epq\vendor\laravel\framework\src\Illuminate\Cookie\Middleware\AddQueuedCookiesToResponse.php(37): Illuminate\Routing\Pipeline->Illuminate\Routing\{closure}(Object(Illuminate\Http\Request))
#33 C:\Users\Thorn\Desktop\epq\vendor\laravel\framework\src\Illuminate\Pipeline\Pipeline.php(148): Illuminate\Cookie\Middleware\AddQueuedCookiesToResponse->handle(Object(Illuminate\Http\Request), Object(Closure))
#34 C:\Users\Thorn\Desktop\epq\vendor\laravel\framework\src\Illuminate\Routing\Pipeline.php(53): Illuminate\Pipeline\Pipeline->Illuminate\Pipeline\{closure}(Object(Illuminate\Http\Request))
#35 C:\Users\Thorn\Desktop\epq\vendor\laravel\framework\src\Illuminate\Cookie\Middleware\EncryptCookies.php(59): Illuminate\Routing\Pipeline->Illuminate\Routing\{closure}(Object(Illuminate\Http\Request))
#36 C:\Users\Thorn\Desktop\epq\vendor\laravel\framework\src\Illuminate\Pipeline\Pipeline.php(148): Illuminate\Cookie\Middleware\EncryptCookies->handle(Object(Illuminate\Http\Request), Object(Closure))
#37 C:\Users\Thorn\Desktop\epq\vendor\laravel\framework\src\Illuminate\Routing\Pipeline.php(53): Illuminate\Pipeline\Pipeline->Illuminate\Pipeline\{closure}(Object(Illuminate\Http\Request))
#38 C:\Users\Thorn\Desktop\epq\vendor\laravel\framework\src\Illuminate\Pipeline\Pipeline.php(102): Illuminate\Routing\Pipeline->Illuminate\Routing\{closure}(Object(Illuminate\Http\Request))
#39 C:\Users\Thorn\Desktop\epq\vendor\laravel\framework\src\Illuminate\Routing\Router.php(574): Illuminate\Pipeline\Pipeline->then(Object(Closure))
#40 C:\Users\Thorn\Desktop\epq\vendor\laravel\framework\src\Illuminate\Routing\Router.php(533): Illuminate\Routing\Router->runRouteWithinStack(Object(Illuminate\Routing\Route), Object(Illuminate\Http\Request))
#41 C:\Users\Thorn\Desktop\epq\vendor\laravel\framework\src\Illuminate\Routing\Router.php(511): Illuminate\Routing\Router->dispatchToRoute(Object(Illuminate\Http\Request))
#42 C:\Users\Thorn\Desktop\epq\vendor\laravel\framework\src\Illuminate\Foundation\Http\Kernel.php(176): Illuminate\Routing\Router->dispatch(Object(Illuminate\Http\Request))
#43 C:\Users\Thorn\Desktop\epq\vendor\laravel\framework\src\Illuminate\Routing\Pipeline.php(30): Illuminate\Foundation\Http\Kernel->Illuminate\Foundation\Http\{closure}(Object(Illuminate\Http\Request))
#44 C:\Users\Thorn\Desktop\epq\vendor\laravel\framework\src\Illuminate\Foundation\Http\Middleware\TransformsRequest.php(30): Illuminate\Routing\Pipeline->Illuminate\Routing\{closure}(Object(Illuminate\Http\Request))
#45 C:\Users\Thorn\Desktop\epq\vendor\laravel\framework\src\Illuminate\Pipeline\Pipeline.php(148): Illuminate\Foundation\Http\Middleware\TransformsRequest->handle(Object(Illuminate\Http\Request), Object(Closure))
#46 C:\Users\Thorn\Desktop\epq\vendor\laravel\framework\src\Illuminate\Routing\Pipeline.php(53): Illuminate\Pipeline\Pipeline->Illuminate\Pipeline\{closure}(Object(Illuminate\Http\Request))
#47 C:\Users\Thorn\Desktop\epq\vendor\laravel\framework\src\Illuminate\Foundation\Http\Middleware\TransformsRequest.php(30): Illuminate\Routing\Pipeline->Illuminate\Routing\{closure}(Object(Illuminate\Http\Request))
#48 C:\Users\Thorn\Desktop\epq\vendor\laravel\framework\src\Illuminate\Pipeline\Pipeline.php(148): Illuminate\Foundation\Http\Middleware\TransformsRequest->handle(Object(Illuminate\Http\Request), Object(Closure))
#49 C:\Users\Thorn\Desktop\epq\vendor\laravel\framework\src\Illuminate\Routing\Pipeline.php(53): Illuminate\Pipeline\Pipeline->Illuminate\Pipeline\{closure}(Object(Illuminate\Http\Request))
#50 C:\Users\Thorn\Desktop\epq\vendor\laravel\framework\src\Illuminate\Foundation\Http\Middleware\ValidatePostSize.php(27): Illuminate\Routing\Pipeline->Illuminate\Routing\{closure}(Object(Illuminate\Http\Request))
#51 C:\Users\Thorn\Desktop\epq\vendor\laravel\framework\src\Illuminate\Pipeline\Pipeline.php(148): Illuminate\Foundation\Http\Middleware\ValidatePostSize->handle(Object(Illuminate\Http\Request), Object(Closure))
#52 C:\Users\Thorn\Desktop\epq\vendor\laravel\framework\src\Illuminate\Routing\Pipeline.php(53): Illuminate\Pipeline\Pipeline->Illuminate\Pipeline\{closure}(Object(Illuminate\Http\Request))
#53 C:\Users\Thorn\Desktop\epq\vendor\laravel\framework\src\Illuminate\Foundation\Http\Middleware\CheckForMaintenanceMode.php(46): Illuminate\Routing\Pipeline->Illuminate\Routing\{closure}(Object(Illuminate\Http\Request))
#54 C:\Users\Thorn\Desktop\epq\vendor\laravel\framework\src\Illuminate\Pipeline\Pipeline.php(148): Illuminate\Foundation\Http\Middleware\CheckForMaintenanceMode->handle(Object(Illuminate\Http\Request), Object(Closure))
#55 C:\Users\Thorn\Desktop\epq\vendor\laravel\framework\src\Illuminate\Routing\Pipeline.php(53): Illuminate\Pipeline\Pipeline->Illuminate\Pipeline\{closure}(Object(Illuminate\Http\Request))
#56 C:\Users\Thorn\Desktop\epq\vendor\laravel\framework\src\Illuminate\Pipeline\Pipeline.php(102): Illuminate\Routing\Pipeline->Illuminate\Routing\{closure}(Object(Illuminate\Http\Request))
#57 C:\Users\Thorn\Desktop\epq\vendor\laravel\framework\src\Illuminate\Foundation\Http\Kernel.php(151): Illuminate\Pipeline\Pipeline->then(Object(Closure))
#58 C:\Users\Thorn\Desktop\epq\vendor\laravel\framework\src\Illuminate\Foundation\Http\Kernel.php(116): Illuminate\Foundation\Http\Kernel->sendRequestThroughRouter(Object(Illuminate\Http\Request))
#59 C:\Users\Thorn\Desktop\epq\public\index.php(54): Illuminate\Foundation\Http\Kernel->handle(Object(Illuminate\Http\Request))
#60 C:\Users\Thorn\Desktop\epq\server.php(21): require_once('C:\\Users\\Thorn\\...')
#61 {main}

Next exception 'Illuminate\Database\QueryException' with message 'SQLSTATE[HY000]: General error: 1366 Incorrect integer value: 'AD45KKLMN' for column 'questionid' at row 1 (SQL: insert into `options` (`body`, `questionid`, `updated_at`, `created_at`) values (yeah, AD45KKLMN, 2017-12-18 09:35:04, 2017-12-18 09:35:04))' in C:\Users\Thorn\Desktop\epq\vendor\laravel\framework\src\Illuminate\Database\Connection.php:647
Stack trace:
#0 C:\Users\Thorn\Desktop\epq\vendor\laravel\framework\src\Illuminate\Database\Connection.php(607): Illuminate\Database\Connection->runQueryCallback('insert into `op...', Array, Object(Closure))
#1 C:\Users\Thorn\Desktop\epq\vendor\laravel\framework\src\Illuminate\Database\Connection.php(450): Illuminate\Database\Connection->run('insert into `op...', Array, Object(Closure))
#2 C:\Users\Thorn\Desktop\epq\vendor\laravel\framework\src\Illuminate\Database\Connection.php(404): Illuminate\Database\Connection->statement('insert into `op...', Array)
#3 C:\Users\Thorn\Desktop\epq\vendor\laravel\framework\src\Illuminate\Database\Query\Processors\Processor.php(32): Illuminate\Database\Connection->insert('insert into `op...', Array)
#4 C:\Users\Thorn\Desktop\epq\vendor\laravel\framework\src\Illuminate\Database\Query\Builder.php(2133): Illuminate\Database\Query\Processors\Processor->processInsertGetId(Object(Illuminate\Database\Query\Builder), 'insert into `op...', Array, 'id')
#5 C:\Users\Thorn\Desktop\epq\vendor\laravel\framework\src\Illuminate\Database\Eloquent\Builder.php(1251): Illuminate\Database\Query\Builder->insertGetId(Array, 'id')
#6 C:\Users\Thorn\Desktop\epq\vendor\laravel\framework\src\Illuminate\Database\Eloquent\Model.php(688): Illuminate\Database\Eloquent\Builder->__call('insertGetId', Array)
#7 C:\Users\Thorn\Desktop\epq\vendor\laravel\framework\src\Illuminate\Database\Eloquent\Model.php(688): Illuminate\Database\Eloquent\Builder->insertGetId(Array, 'id')
#8 C:\Users\Thorn\Desktop\epq\vendor\laravel\framework\src\Illuminate\Database\Eloquent\Model.php(653): Illuminate\Database\Eloquent\Model->insertAndSetId(Object(Illuminate\Database\Eloquent\Builder), Array)
#9 C:\Users\Thorn\Desktop\epq\vendor\laravel\framework\src\Illuminate\Database\Eloquent\Model.php(522): Illuminate\Database\Eloquent\Model->performInsert(Object(Illuminate\Database\Eloquent\Builder))
#10 C:\Users\Thorn\Desktop\epq\app\Http\Controllers\create.php(25): Illuminate\Database\Eloquent\Model->save()
#11 [internal function]: App\Http\Controllers\create->post()
#12 C:\Users\Thorn\Desktop\epq\vendor\laravel\framework\src\Illuminate\Routing\Controller.php(55): call_user_func_array(Array, Array)
#13 C:\Users\Thorn\Desktop\epq\vendor\laravel\framework\src\Illuminate\Routing\ControllerDispatcher.php(44): Illuminate\Routing\Controller->callAction('post', Array)
#14 C:\Users\Thorn\Desktop\epq\vendor\laravel\framework\src\Illuminate\Routing\Route.php(204): Illuminate\Routing\ControllerDispatcher->dispatch(Object(Illuminate\Routing\Route), Object(App\Http\Controllers\create), 'post')
#15 C:\Users\Thorn\Desktop\epq\vendor\laravel\framework\src\Illuminate\Routing\Route.php(160): Illuminate\Routing\Route->runController()
#16 C:\Users\Thorn\Desktop\epq\vendor\laravel\framework\src\Illuminate\Routing\Router.php(572): Illuminate\Routing\Route->run()
#17 C:\Users\Thorn\Desktop\epq\vendor\laravel\framework\src\Illuminate\Routing\Pipeline.php(30): Illuminate\Routing\Router->Illuminate\Routing\{closure}(Object(Illuminate\Http\Request))
#18 C:\Users\Thorn\Desktop\epq\vendor\laravel\framework\src\Illuminate\Routing\Middleware\SubstituteBindings.php(41): Illuminate\Routing\Pipeline->Illuminate\Routing\{closure}(Object(Illuminate\Http\Request))
#19 C:\Users\Thorn\Desktop\epq\vendor\laravel\framework\src\Illuminate\Pipeline\Pipeline.php(148): Illuminate\Routing\Middleware\SubstituteBindings->handle(Object(Illuminate\Http\Request), Object(Closure))
#20 C:\Users\Thorn\Desktop\epq\vendor\laravel\framework\src\Illuminate\Routing\Pipeline.php(53): Illuminate\Pipeline\Pipeline->Illuminate\Pipeline\{closure}(Object(Illuminate\Http\Request))
#21 C:\Users\Thorn\Desktop\epq\vendor\laravel\framework\src\Illuminate\Foundation\Http\Middleware\VerifyCsrfToken.php(65): Illuminate\Routing\Pipeline->Illuminate\Routing\{closure}(Object(Illuminate\Http\Request))
#22 C:\Users\Thorn\Desktop\epq\vendor\laravel\framework\src\Illuminate\Pipeline\Pipeline.php(148): Illuminate\Foundation\Http\Middleware\VerifyCsrfToken->handle(Object(Illuminate\Http\Request), Object(Closure))
#23 C:\Users\Thorn\Desktop\epq\vendor\laravel\framework\src\Illuminate\Routing\Pipeline.php(53): Illuminate\Pipeline\Pipeline->Illuminate\Pipeline\{closure}(Object(Illuminate\Http\Request))
#24 C:\Users\Thorn\Desktop\epq\vendor\laravel\framework\src\Illuminate\View\Middleware\ShareErrorsFromSession.php(49): Illuminate\Routing\Pipeline->Illuminate\Routing\{closure}(Object(Illuminate\Http\Request))
#25 C:\Users\Thorn\Desktop\epq\vendor\laravel\framework\src\Illuminate\Pipeline\Pipeline.php(148): Illuminate\View\Middleware\ShareErrorsFromSession->handle(Object(Illuminate\Http\Request), Object(Closure))
#26 C:\Users\Thorn\Desktop\epq\vendor\laravel\framework\src\Illuminate\Routing\Pipeline.php(53): Illuminate\Pipeline\Pipeline->Illuminate\Pipeline\{closure}(Object(Illuminate\Http\Request))
#27 C:\Users\Thorn\Desktop\epq\vendor\laravel\framework\src\Illuminate\Session\Middleware\StartSession.php(64): Illuminate\Routing\Pipeline->Illuminate\Routing\{closure}(Object(Illuminate\Http\Request))
#28 C:\Users\Thorn\Desktop\epq\vendor\laravel\framework\src\Illuminate\Pipeline\Pipeline.php(148): Illuminate\Session\Middleware\StartSession->handle(Object(Illuminate\Http\Request), Object(Closure))
#29 C:\Users\Thorn\Desktop\epq\vendor\laravel\framework\src\Illuminate\Routing\Pipeline.php(53): Illuminate\Pipeline\Pipeline->Illuminate\Pipeline\{closure}(Object(Illuminate\Http\Request))
#30 C:\Users\Thorn\Desktop\epq\vendor\laravel\framework\src\Illuminate\Cookie\Middleware\AddQueuedCookiesToResponse.php(37): Illuminate\Routing\Pipeline->Illuminate\Routing\{closure}(Object(Illuminate\Http\Request))
#31 C:\Users\Thorn\Desktop\epq\vendor\laravel\framework\src\Illuminate\Pipeline\Pipeline.php(148): Illuminate\Cookie\Middleware\AddQueuedCookiesToResponse->handle(Object(Illuminate\Http\Request), Object(Closure))
#32 C:\Users\Thorn\Desktop\epq\vendor\laravel\framework\src\Illuminate\Routing\Pipeline.php(53): Illuminate\Pipeline\Pipeline->Illuminate\Pipeline\{closure}(Object(Illuminate\Http\Request))
#33 C:\Users\Thorn\Desktop\epq\vendor\laravel\framework\src\Illuminate\Cookie\Middleware\EncryptCookies.php(59): Illuminate\Routing\Pipeline->Illuminate\Routing\{closure}(Object(Illuminate\Http\Request))
#34 C:\Users\Thorn\Desktop\epq\vendor\laravel\framework\src\Illuminate\Pipeline\Pipeline.php(148): Illuminate\Cookie\Middleware\EncryptCookies->handle(Object(Illuminate\Http\Request), Object(Closure))
#35 C:\Users\Thorn\Desktop\epq\vendor\laravel\framework\src\Illuminate\Routing\Pipeline.php(53): Illuminate\Pipeline\Pipeline->Illuminate\Pipeline\{closure}(Object(Illuminate\Http\Request))
#36 C:\Users\Thorn\Desktop\epq\vendor\laravel\framework\src\Illuminate\Pipeline\Pipeline.php(102): Illuminate\Routing\Pipeline->Illuminate\Routing\{closure}(Object(Illuminate\Http\Request))
#37 C:\Users\Thorn\Desktop\epq\vendor\laravel\framework\src\Illuminate\Routing\Router.php(574): Illuminate\Pipeline\Pipeline->then(Object(Closure))
#38 C:\Users\Thorn\Desktop\epq\vendor\laravel\framework\src\Illuminate\Routing\Router.php(533): Illuminate\Routing\Router->runRouteWithinStack(Object(Illuminate\Routing\Route), Object(Illuminate\Http\Request))
#39 C:\Users\Thorn\Desktop\epq\vendor\laravel\framework\src\Illuminate\Routing\Router.php(511): Illuminate\Routing\Router->dispatchToRoute(Object(Illuminate\Http\Request))
#40 C:\Users\Thorn\Desktop\epq\vendor\laravel\framework\src\Illuminate\Foundation\Http\Kernel.php(176): Illuminate\Routing\Router->dispatch(Object(Illuminate\Http\Request))
#41 C:\Users\Thorn\Desktop\epq\vendor\laravel\framework\src\Illuminate\Routing\Pipeline.php(30): Illuminate\Foundation\Http\Kernel->Illuminate\Foundation\Http\{closure}(Object(Illuminate\Http\Request))
#42 C:\Users\Thorn\Desktop\epq\vendor\laravel\framework\src\Illuminate\Foundation\Http\Middleware\TransformsRequest.php(30): Illuminate\Routing\Pipeline->Illuminate\Routing\{closure}(Object(Illuminate\Http\Request))
#43 C:\Users\Thorn\Desktop\epq\vendor\laravel\framework\src\Illuminate\Pipeline\Pipeline.php(148): Illuminate\Foundation\Http\Middleware\TransformsRequest->handle(Object(Illuminate\Http\Request), Object(Closure))
#44 C:\Users\Thorn\Desktop\epq\vendor\laravel\framework\src\Illuminate\Routing\Pipeline.php(53): Illuminate\Pipeline\Pipeline->Illuminate\Pipeline\{closure}(Object(Illuminate\Http\Request))
#45 C:\Users\Thorn\Desktop\epq\vendor\laravel\framework\src\Illuminate\Foundation\Http\Middleware\TransformsRequest.php(30): Illuminate\Routing\Pipeline->Illuminate\Routing\{closure}(Object(Illuminate\Http\Request))
#46 C:\Users\Thorn\Desktop\epq\vendor\laravel\framework\src\Illuminate\Pipeline\Pipeline.php(148): Illuminate\Foundation\Http\Middleware\TransformsRequest->handle(Object(Illuminate\Http\Request), Object(Closure))
#47 C:\Users\Thorn\Desktop\epq\vendor\laravel\framework\src\Illuminate\Routing\Pipeline.php(53): Illuminate\Pipeline\Pipeline->Illuminate\Pipeline\{closure}(Object(Illuminate\Http\Request))
#48 C:\Users\Thorn\Desktop\epq\vendor\laravel\framework\src\Illuminate\Foundation\Http\Middleware\ValidatePostSize.php(27): Illuminate\Routing\Pipeline->Illuminate\Routing\{closure}(Object(Illuminate\Http\Request))
#49 C:\Users\Thorn\Desktop\epq\vendor\laravel\framework\src\Illuminate\Pipeline\Pipeline.php(148): Illuminate\Foundation\Http\Middleware\ValidatePostSize->handle(Object(Illuminate\Http\Request), Object(Closure))
#50 C:\Users\Thorn\Desktop\epq\vendor\laravel\framework\src\Illuminate\Routing\Pipeline.php(53): Illuminate\Pipeline\Pipeline->Illuminate\Pipeline\{closure}(Object(Illuminate\Http\Request))
#51 C:\Users\Thorn\Desktop\epq\vendor\laravel\framework\src\Illuminate\Foundation\Http\Middleware\CheckForMaintenanceMode.php(46): Illuminate\Routing\Pipeline->Illuminate\Routing\{closure}(Object(Illuminate\Http\Request))
#52 C:\Users\Thorn\Desktop\epq\vendor\laravel\framework\src\Illuminate\Pipeline\Pipeline.php(148): Illuminate\Foundation\Http\Middleware\CheckForMaintenanceMode->handle(Object(Illuminate\Http\Request), Object(Closure))
#53 C:\Users\Thorn\Desktop\epq\vendor\laravel\framework\src\Illuminate\Routing\Pipeline.php(53): Illuminate\Pipeline\Pipeline->Illuminate\Pipeline\{closure}(Object(Illuminate\Http\Request))
#54 C:\Users\Thorn\Desktop\epq\vendor\laravel\framework\src\Illuminate\Pipeline\Pipeline.php(102): Illuminate\Routing\Pipeline->Illuminate\Routing\{closure}(Object(Illuminate\Http\Request))
#55 C:\Users\Thorn\Desktop\epq\vendor\laravel\framework\src\Illuminate\Foundation\Http\Kernel.php(151): Illuminate\Pipeline\Pipeline->then(Object(Closure))
#56 C:\Users\Thorn\Desktop\epq\vendor\laravel\framework\src\Illuminate\Foundation\Http\Kernel.php(116): Illuminate\Foundation\Http\Kernel->sendRequestThroughRouter(Object(Illuminate\Http\Request))
#57 C:\Users\Thorn\Desktop\epq\public\index.php(54): Illuminate\Foundation\Http\Kernel->handle(Object(Illuminate\Http\Request))
#58 C:\Users\Thorn\Desktop\epq\server.php(21): require_once('C:\\Users\\Thorn\\...')
#59 {main}  
[2017-12-18 09:37:54] local.ERROR: exception 'PDOException' with message 'SQLSTATE[HY000]: General error: 1364 Field 'questionid' doesn't have a default value' in C:\Users\Thorn\Desktop\epq\vendor\laravel\framework\src\Illuminate\Database\Connection.php:449
Stack trace:
#0 C:\Users\Thorn\Desktop\epq\vendor\laravel\framework\src\Illuminate\Database\Connection.php(449): PDOStatement->execute()
#1 C:\Users\Thorn\Desktop\epq\vendor\laravel\framework\src\Illuminate\Database\Connection.php(640): Illuminate\Database\Connection->Illuminate\Database\{closure}('insert into `op...', Array)
#2 C:\Users\Thorn\Desktop\epq\vendor\laravel\framework\src\Illuminate\Database\Connection.php(607): Illuminate\Database\Connection->runQueryCallback('insert into `op...', Array, Object(Closure))
#3 C:\Users\Thorn\Desktop\epq\vendor\laravel\framework\src\Illuminate\Database\Connection.php(450): Illuminate\Database\Connection->run('insert into `op...', Array, Object(Closure))
#4 C:\Users\Thorn\Desktop\epq\vendor\laravel\framework\src\Illuminate\Database\Connection.php(404): Illuminate\Database\Connection->statement('insert into `op...', Array)
#5 C:\Users\Thorn\Desktop\epq\vendor\laravel\framework\src\Illuminate\Database\Query\Processors\Processor.php(32): Illuminate\Database\Connection->insert('insert into `op...', Array)
#6 C:\Users\Thorn\Desktop\epq\vendor\laravel\framework\src\Illuminate\Database\Query\Builder.php(2133): Illuminate\Database\Query\Processors\Processor->processInsertGetId(Object(Illuminate\Database\Query\Builder), 'insert into `op...', Array, 'id')
#7 C:\Users\Thorn\Desktop\epq\vendor\laravel\framework\src\Illuminate\Database\Eloquent\Builder.php(1251): Illuminate\Database\Query\Builder->insertGetId(Array, 'id')
#8 C:\Users\Thorn\Desktop\epq\vendor\laravel\framework\src\Illuminate\Database\Eloquent\Model.php(688): Illuminate\Database\Eloquent\Builder->__call('insertGetId', Array)
#9 C:\Users\Thorn\Desktop\epq\vendor\laravel\framework\src\Illuminate\Database\Eloquent\Model.php(688): Illuminate\Database\Eloquent\Builder->insertGetId(Array, 'id')
#10 C:\Users\Thorn\Desktop\epq\vendor\laravel\framework\src\Illuminate\Database\Eloquent\Model.php(653): Illuminate\Database\Eloquent\Model->insertAndSetId(Object(Illuminate\Database\Eloquent\Builder), Array)
#11 C:\Users\Thorn\Desktop\epq\vendor\laravel\framework\src\Illuminate\Database\Eloquent\Model.php(522): Illuminate\Database\Eloquent\Model->performInsert(Object(Illuminate\Database\Eloquent\Builder))
#12 C:\Users\Thorn\Desktop\epq\app\Http\Controllers\create.php(24): Illuminate\Database\Eloquent\Model->save()
#13 [internal function]: App\Http\Controllers\create->post()
#14 C:\Users\Thorn\Desktop\epq\vendor\laravel\framework\src\Illuminate\Routing\Controller.php(55): call_user_func_array(Array, Array)
#15 C:\Users\Thorn\Desktop\epq\vendor\laravel\framework\src\Illuminate\Routing\ControllerDispatcher.php(44): Illuminate\Routing\Controller->callAction('post', Array)
#16 C:\Users\Thorn\Desktop\epq\vendor\laravel\framework\src\Illuminate\Routing\Route.php(204): Illuminate\Routing\ControllerDispatcher->dispatch(Object(Illuminate\Routing\Route), Object(App\Http\Controllers\create), 'post')
#17 C:\Users\Thorn\Desktop\epq\vendor\laravel\framework\src\Illuminate\Routing\Route.php(160): Illuminate\Routing\Route->runController()
#18 C:\Users\Thorn\Desktop\epq\vendor\laravel\framework\src\Illuminate\Routing\Router.php(572): Illuminate\Routing\Route->run()
#19 C:\Users\Thorn\Desktop\epq\vendor\laravel\framework\src\Illuminate\Routing\Pipeline.php(30): Illuminate\Routing\Router->Illuminate\Routing\{closure}(Object(Illuminate\Http\Request))
#20 C:\Users\Thorn\Desktop\epq\vendor\laravel\framework\src\Illuminate\Routing\Middleware\SubstituteBindings.php(41): Illuminate\Routing\Pipeline->Illuminate\Routing\{closure}(Object(Illuminate\Http\Request))
#21 C:\Users\Thorn\Desktop\epq\vendor\laravel\framework\src\Illuminate\Pipeline\Pipeline.php(148): Illuminate\Routing\Middleware\SubstituteBindings->handle(Object(Illuminate\Http\Request), Object(Closure))
#22 C:\Users\Thorn\Desktop\epq\vendor\laravel\framework\src\Illuminate\Routing\Pipeline.php(53): Illuminate\Pipeline\Pipeline->Illuminate\Pipeline\{closure}(Object(Illuminate\Http\Request))
#23 C:\Users\Thorn\Desktop\epq\vendor\laravel\framework\src\Illuminate\Foundation\Http\Middleware\VerifyCsrfToken.php(65): Illuminate\Routing\Pipeline->Illuminate\Routing\{closure}(Object(Illuminate\Http\Request))
#24 C:\Users\Thorn\Desktop\epq\vendor\laravel\framework\src\Illuminate\Pipeline\Pipeline.php(148): Illuminate\Foundation\Http\Middleware\VerifyCsrfToken->handle(Object(Illuminate\Http\Request), Object(Closure))
#25 C:\Users\Thorn\Desktop\epq\vendor\laravel\framework\src\Illuminate\Routing\Pipeline.php(53): Illuminate\Pipeline\Pipeline->Illuminate\Pipeline\{closure}(Object(Illuminate\Http\Request))
#26 C:\Users\Thorn\Desktop\epq\vendor\laravel\framework\src\Illuminate\View\Middleware\ShareErrorsFromSession.php(49): Illuminate\Routing\Pipeline->Illuminate\Routing\{closure}(Object(Illuminate\Http\Request))
#27 C:\Users\Thorn\Desktop\epq\vendor\laravel\framework\src\Illuminate\Pipeline\Pipeline.php(148): Illuminate\View\Middleware\ShareErrorsFromSession->handle(Object(Illuminate\Http\Request), Object(Closure))
#28 C:\Users\Thorn\Desktop\epq\vendor\laravel\framework\src\Illuminate\Routing\Pipeline.php(53): Illuminate\Pipeline\Pipeline->Illuminate\Pipeline\{closure}(Object(Illuminate\Http\Request))
#29 C:\Users\Thorn\Desktop\epq\vendor\laravel\framework\src\Illuminate\Session\Middleware\StartSession.php(64): Illuminate\Routing\Pipeline->Illuminate\Routing\{closure}(Object(Illuminate\Http\Request))
#30 C:\Users\Thorn\Desktop\epq\vendor\laravel\framework\src\Illuminate\Pipeline\Pipeline.php(148): Illuminate\Session\Middleware\StartSession->handle(Object(Illuminate\Http\Request), Object(Closure))
#31 C:\Users\Thorn\Desktop\epq\vendor\laravel\framework\src\Illuminate\Routing\Pipeline.php(53): Illuminate\Pipeline\Pipeline->Illuminate\Pipeline\{closure}(Object(Illuminate\Http\Request))
#32 C:\Users\Thorn\Desktop\epq\vendor\laravel\framework\src\Illuminate\Cookie\Middleware\AddQueuedCookiesToResponse.php(37): Illuminate\Routing\Pipeline->Illuminate\Routing\{closure}(Object(Illuminate\Http\Request))
#33 C:\Users\Thorn\Desktop\epq\vendor\laravel\framework\src\Illuminate\Pipeline\Pipeline.php(148): Illuminate\Cookie\Middleware\AddQueuedCookiesToResponse->handle(Object(Illuminate\Http\Request), Object(Closure))
#34 C:\Users\Thorn\Desktop\epq\vendor\laravel\framework\src\Illuminate\Routing\Pipeline.php(53): Illuminate\Pipeline\Pipeline->Illuminate\Pipeline\{closure}(Object(Illuminate\Http\Request))
#35 C:\Users\Thorn\Desktop\epq\vendor\laravel\framework\src\Illuminate\Cookie\Middleware\EncryptCookies.php(59): Illuminate\Routing\Pipeline->Illuminate\Routing\{closure}(Object(Illuminate\Http\Request))
#36 C:\Users\Thorn\Desktop\epq\vendor\laravel\framework\src\Illuminate\Pipeline\Pipeline.php(148): Illuminate\Cookie\Middleware\EncryptCookies->handle(Object(Illuminate\Http\Request), Object(Closure))
#37 C:\Users\Thorn\Desktop\epq\vendor\laravel\framework\src\Illuminate\Routing\Pipeline.php(53): Illuminate\Pipeline\Pipeline->Illuminate\Pipeline\{closure}(Object(Illuminate\Http\Request))
#38 C:\Users\Thorn\Desktop\epq\vendor\laravel\framework\src\Illuminate\Pipeline\Pipeline.php(102): Illuminate\Routing\Pipeline->Illuminate\Routing\{closure}(Object(Illuminate\Http\Request))
#39 C:\Users\Thorn\Desktop\epq\vendor\laravel\framework\src\Illuminate\Routing\Router.php(574): Illuminate\Pipeline\Pipeline->then(Object(Closure))
#40 C:\Users\Thorn\Desktop\epq\vendor\laravel\framework\src\Illuminate\Routing\Router.php(533): Illuminate\Routing\Router->runRouteWithinStack(Object(Illuminate\Routing\Route), Object(Illuminate\Http\Request))
#41 C:\Users\Thorn\Desktop\epq\vendor\laravel\framework\src\Illuminate\Routing\Router.php(511): Illuminate\Routing\Router->dispatchToRoute(Object(Illuminate\Http\Request))
#42 C:\Users\Thorn\Desktop\epq\vendor\laravel\framework\src\Illuminate\Foundation\Http\Kernel.php(176): Illuminate\Routing\Router->dispatch(Object(Illuminate\Http\Request))
#43 C:\Users\Thorn\Desktop\epq\vendor\laravel\framework\src\Illuminate\Routing\Pipeline.php(30): Illuminate\Foundation\Http\Kernel->Illuminate\Foundation\Http\{closure}(Object(Illuminate\Http\Request))
#44 C:\Users\Thorn\Desktop\epq\vendor\laravel\framework\src\Illuminate\Foundation\Http\Middleware\TransformsRequest.php(30): Illuminate\Routing\Pipeline->Illuminate\Routing\{closure}(Object(Illuminate\Http\Request))
#45 C:\Users\Thorn\Desktop\epq\vendor\laravel\framework\src\Illuminate\Pipeline\Pipeline.php(148): Illuminate\Foundation\Http\Middleware\TransformsRequest->handle(Object(Illuminate\Http\Request), Object(Closure))
#46 C:\Users\Thorn\Desktop\epq\vendor\laravel\framework\src\Illuminate\Routing\Pipeline.php(53): Illuminate\Pipeline\Pipeline->Illuminate\Pipeline\{closure}(Object(Illuminate\Http\Request))
#47 C:\Users\Thorn\Desktop\epq\vendor\laravel\framework\src\Illuminate\Foundation\Http\Middleware\TransformsRequest.php(30): Illuminate\Routing\Pipeline->Illuminate\Routing\{closure}(Object(Illuminate\Http\Request))
#48 C:\Users\Thorn\Desktop\epq\vendor\laravel\framework\src\Illuminate\Pipeline\Pipeline.php(148): Illuminate\Foundation\Http\Middleware\TransformsRequest->handle(Object(Illuminate\Http\Request), Object(Closure))
#49 C:\Users\Thorn\Desktop\epq\vendor\laravel\framework\src\Illuminate\Routing\Pipeline.php(53): Illuminate\Pipeline\Pipeline->Illuminate\Pipeline\{closure}(Object(Illuminate\Http\Request))
#50 C:\Users\Thorn\Desktop\epq\vendor\laravel\framework\src\Illuminate\Foundation\Http\Middleware\ValidatePostSize.php(27): Illuminate\Routing\Pipeline->Illuminate\Routing\{closure}(Object(Illuminate\Http\Request))
#51 C:\Users\Thorn\Desktop\epq\vendor\laravel\framework\src\Illuminate\Pipeline\Pipeline.php(148): Illuminate\Foundation\Http\Middleware\ValidatePostSize->handle(Object(Illuminate\Http\Request), Object(Closure))
#52 C:\Users\Thorn\Desktop\epq\vendor\laravel\framework\src\Illuminate\Routing\Pipeline.php(53): Illuminate\Pipeline\Pipeline->Illuminate\Pipeline\{closure}(Object(Illuminate\Http\Request))
#53 C:\Users\Thorn\Desktop\epq\vendor\laravel\framework\src\Illuminate\Foundation\Http\Middleware\CheckForMaintenanceMode.php(46): Illuminate\Routing\Pipeline->Illuminate\Routing\{closure}(Object(Illuminate\Http\Request))
#54 C:\Users\Thorn\Desktop\epq\vendor\laravel\framework\src\Illuminate\Pipeline\Pipeline.php(148): Illuminate\Foundation\Http\Middleware\CheckForMaintenanceMode->handle(Object(Illuminate\Http\Request), Object(Closure))
#55 C:\Users\Thorn\Desktop\epq\vendor\laravel\framework\src\Illuminate\Routing\Pipeline.php(53): Illuminate\Pipeline\Pipeline->Illuminate\Pipeline\{closure}(Object(Illuminate\Http\Request))
#56 C:\Users\Thorn\Desktop\epq\vendor\laravel\framework\src\Illuminate\Pipeline\Pipeline.php(102): Illuminate\Routing\Pipeline->Illuminate\Routing\{closure}(Object(Illuminate\Http\Request))
#57 C:\Users\Thorn\Desktop\epq\vendor\laravel\framework\src\Illuminate\Foundation\Http\Kernel.php(151): Illuminate\Pipeline\Pipeline->then(Object(Closure))
#58 C:\Users\Thorn\Desktop\epq\vendor\laravel\framework\src\Illuminate\Foundation\Http\Kernel.php(116): Illuminate\Foundation\Http\Kernel->sendRequestThroughRouter(Object(Illuminate\Http\Request))
#59 C:\Users\Thorn\Desktop\epq\public\index.php(54): Illuminate\Foundation\Http\Kernel->handle(Object(Illuminate\Http\Request))
#60 C:\Users\Thorn\Desktop\epq\server.php(21): require_once('C:\\Users\\Thorn\\...')
#61 {main}

Next exception 'Illuminate\Database\QueryException' with message 'SQLSTATE[HY000]: General error: 1364 Field 'questionid' doesn't have a default value (SQL: insert into `options` (`body`, `updated_at`, `created_at`) values (Allen Joseph Shaji, 2017-12-18 09:37:54, 2017-12-18 09:37:54))' in C:\Users\Thorn\Desktop\epq\vendor\laravel\framework\src\Illuminate\Database\Connection.php:647
Stack trace:
#0 C:\Users\Thorn\Desktop\epq\vendor\laravel\framework\src\Illuminate\Database\Connection.php(607): Illuminate\Database\Connection->runQueryCallback('insert into `op...', Array, Object(Closure))
#1 C:\Users\Thorn\Desktop\epq\vendor\laravel\framework\src\Illuminate\Database\Connection.php(450): Illuminate\Database\Connection->run('insert into `op...', Array, Object(Closure))
#2 C:\Users\Thorn\Desktop\epq\vendor\laravel\framework\src\Illuminate\Database\Connection.php(404): Illuminate\Database\Connection->statement('insert into `op...', Array)
#3 C:\Users\Thorn\Desktop\epq\vendor\laravel\framework\src\Illuminate\Database\Query\Processors\Processor.php(32): Illuminate\Database\Connection->insert('insert into `op...', Array)
#4 C:\Users\Thorn\Desktop\epq\vendor\laravel\framework\src\Illuminate\Database\Query\Builder.php(2133): Illuminate\Database\Query\Processors\Processor->processInsertGetId(Object(Illuminate\Database\Query\Builder), 'insert into `op...', Array, 'id')
#5 C:\Users\Thorn\Desktop\epq\vendor\laravel\framework\src\Illuminate\Database\Eloquent\Builder.php(1251): Illuminate\Database\Query\Builder->insertGetId(Array, 'id')
#6 C:\Users\Thorn\Desktop\epq\vendor\laravel\framework\src\Illuminate\Database\Eloquent\Model.php(688): Illuminate\Database\Eloquent\Builder->__call('insertGetId', Array)
#7 C:\Users\Thorn\Desktop\epq\vendor\laravel\framework\src\Illuminate\Database\Eloquent\Model.php(688): Illuminate\Database\Eloquent\Builder->insertGetId(Array, 'id')
#8 C:\Users\Thorn\Desktop\epq\vendor\laravel\framework\src\Illuminate\Database\Eloquent\Model.php(653): Illuminate\Database\Eloquent\Model->insertAndSetId(Object(Illuminate\Database\Eloquent\Builder), Array)
#9 C:\Users\Thorn\Desktop\epq\vendor\laravel\framework\src\Illuminate\Database\Eloquent\Model.php(522): Illuminate\Database\Eloquent\Model->performInsert(Object(Illuminate\Database\Eloquent\Builder))
#10 C:\Users\Thorn\Desktop\epq\app\Http\Controllers\create.php(24): Illuminate\Database\Eloquent\Model->save()
#11 [internal function]: App\Http\Controllers\create->post()
#12 C:\Users\Thorn\Desktop\epq\vendor\laravel\framework\src\Illuminate\Routing\Controller.php(55): call_user_func_array(Array, Array)
#13 C:\Users\Thorn\Desktop\epq\vendor\laravel\framework\src\Illuminate\Routing\ControllerDispatcher.php(44): Illuminate\Routing\Controller->callAction('post', Array)
#14 C:\Users\Thorn\Desktop\epq\vendor\laravel\framework\src\Illuminate\Routing\Route.php(204): Illuminate\Routing\ControllerDispatcher->dispatch(Object(Illuminate\Routing\Route), Object(App\Http\Controllers\create), 'post')
#15 C:\Users\Thorn\Desktop\epq\vendor\laravel\framework\src\Illuminate\Routing\Route.php(160): Illuminate\Routing\Route->runController()
#16 C:\Users\Thorn\Desktop\epq\vendor\laravel\framework\src\Illuminate\Routing\Router.php(572): Illuminate\Routing\Route->run()
#17 C:\Users\Thorn\Desktop\epq\vendor\laravel\framework\src\Illuminate\Routing\Pipeline.php(30): Illuminate\Routing\Router->Illuminate\Routing\{closure}(Object(Illuminate\Http\Request))
#18 C:\Users\Thorn\Desktop\epq\vendor\laravel\framework\src\Illuminate\Routing\Middleware\SubstituteBindings.php(41): Illuminate\Routing\Pipeline->Illuminate\Routing\{closure}(Object(Illuminate\Http\Request))
#19 C:\Users\Thorn\Desktop\epq\vendor\laravel\framework\src\Illuminate\Pipeline\Pipeline.php(148): Illuminate\Routing\Middleware\SubstituteBindings->handle(Object(Illuminate\Http\Request), Object(Closure))
#20 C:\Users\Thorn\Desktop\epq\vendor\laravel\framework\src\Illuminate\Routing\Pipeline.php(53): Illuminate\Pipeline\Pipeline->Illuminate\Pipeline\{closure}(Object(Illuminate\Http\Request))
#21 C:\Users\Thorn\Desktop\epq\vendor\laravel\framework\src\Illuminate\Foundation\Http\Middleware\VerifyCsrfToken.php(65): Illuminate\Routing\Pipeline->Illuminate\Routing\{closure}(Object(Illuminate\Http\Request))
#22 C:\Users\Thorn\Desktop\epq\vendor\laravel\framework\src\Illuminate\Pipeline\Pipeline.php(148): Illuminate\Foundation\Http\Middleware\VerifyCsrfToken->handle(Object(Illuminate\Http\Request), Object(Closure))
#23 C:\Users\Thorn\Desktop\epq\vendor\laravel\framework\src\Illuminate\Routing\Pipeline.php(53): Illuminate\Pipeline\Pipeline->Illuminate\Pipeline\{closure}(Object(Illuminate\Http\Request))
#24 C:\Users\Thorn\Desktop\epq\vendor\laravel\framework\src\Illuminate\View\Middleware\ShareErrorsFromSession.php(49): Illuminate\Routing\Pipeline->Illuminate\Routing\{closure}(Object(Illuminate\Http\Request))
#25 C:\Users\Thorn\Desktop\epq\vendor\laravel\framework\src\Illuminate\Pipeline\Pipeline.php(148): Illuminate\View\Middleware\ShareErrorsFromSession->handle(Object(Illuminate\Http\Request), Object(Closure))
#26 C:\Users\Thorn\Desktop\epq\vendor\laravel\framework\src\Illuminate\Routing\Pipeline.php(53): Illuminate\Pipeline\Pipeline->Illuminate\Pipeline\{closure}(Object(Illuminate\Http\Request))
#27 C:\Users\Thorn\Desktop\epq\vendor\laravel\framework\src\Illuminate\Session\Middleware\StartSession.php(64): Illuminate\Routing\Pipeline->Illuminate\Routing\{closure}(Object(Illuminate\Http\Request))
#28 C:\Users\Thorn\Desktop\epq\vendor\laravel\framework\src\Illuminate\Pipeline\Pipeline.php(148): Illuminate\Session\Middleware\StartSession->handle(Object(Illuminate\Http\Request), Object(Closure))
#29 C:\Users\Thorn\Desktop\epq\vendor\laravel\framework\src\Illuminate\Routing\Pipeline.php(53): Illuminate\Pipeline\Pipeline->Illuminate\Pipeline\{closure}(Object(Illuminate\Http\Request))
#30 C:\Users\Thorn\Desktop\epq\vendor\laravel\framework\src\Illuminate\Cookie\Middleware\AddQueuedCookiesToResponse.php(37): Illuminate\Routing\Pipeline->Illuminate\Routing\{closure}(Object(Illuminate\Http\Request))
#31 C:\Users\Thorn\Desktop\epq\vendor\laravel\framework\src\Illuminate\Pipeline\Pipeline.php(148): Illuminate\Cookie\Middleware\AddQueuedCookiesToResponse->handle(Object(Illuminate\Http\Request), Object(Closure))
#32 C:\Users\Thorn\Desktop\epq\vendor\laravel\framework\src\Illuminate\Routing\Pipeline.php(53): Illuminate\Pipeline\Pipeline->Illuminate\Pipeline\{closure}(Object(Illuminate\Http\Request))
#33 C:\Users\Thorn\Desktop\epq\vendor\laravel\framework\src\Illuminate\Cookie\Middleware\EncryptCookies.php(59): Illuminate\Routing\Pipeline->Illuminate\Routing\{closure}(Object(Illuminate\Http\Request))
#34 C:\Users\Thorn\Desktop\epq\vendor\laravel\framework\src\Illuminate\Pipeline\Pipeline.php(148): Illuminate\Cookie\Middleware\EncryptCookies->handle(Object(Illuminate\Http\Request), Object(Closure))
#35 C:\Users\Thorn\Desktop\epq\vendor\laravel\framework\src\Illuminate\Routing\Pipeline.php(53): Illuminate\Pipeline\Pipeline->Illuminate\Pipeline\{closure}(Object(Illuminate\Http\Request))
#36 C:\Users\Thorn\Desktop\epq\vendor\laravel\framework\src\Illuminate\Pipeline\Pipeline.php(102): Illuminate\Routing\Pipeline->Illuminate\Routing\{closure}(Object(Illuminate\Http\Request))
#37 C:\Users\Thorn\Desktop\epq\vendor\laravel\framework\src\Illuminate\Routing\Router.php(574): Illuminate\Pipeline\Pipeline->then(Object(Closure))
#38 C:\Users\Thorn\Desktop\epq\vendor\laravel\framework\src\Illuminate\Routing\Router.php(533): Illuminate\Routing\Router->runRouteWithinStack(Object(Illuminate\Routing\Route), Object(Illuminate\Http\Request))
#39 C:\Users\Thorn\Desktop\epq\vendor\laravel\framework\src\Illuminate\Routing\Router.php(511): Illuminate\Routing\Router->dispatchToRoute(Object(Illuminate\Http\Request))
#40 C:\Users\Thorn\Desktop\epq\vendor\laravel\framework\src\Illuminate\Foundation\Http\Kernel.php(176): Illuminate\Routing\Router->dispatch(Object(Illuminate\Http\Request))
#41 C:\Users\Thorn\Desktop\epq\vendor\laravel\framework\src\Illuminate\Routing\Pipeline.php(30): Illuminate\Foundation\Http\Kernel->Illuminate\Foundation\Http\{closure}(Object(Illuminate\Http\Request))
#42 C:\Users\Thorn\Desktop\epq\vendor\laravel\framework\src\Illuminate\Foundation\Http\Middleware\TransformsRequest.php(30): Illuminate\Routing\Pipeline->Illuminate\Routing\{closure}(Object(Illuminate\Http\Request))
#43 C:\Users\Thorn\Desktop\epq\vendor\laravel\framework\src\Illuminate\Pipeline\Pipeline.php(148): Illuminate\Foundation\Http\Middleware\TransformsRequest->handle(Object(Illuminate\Http\Request), Object(Closure))
#44 C:\Users\Thorn\Desktop\epq\vendor\laravel\framework\src\Illuminate\Routing\Pipeline.php(53): Illuminate\Pipeline\Pipeline->Illuminate\Pipeline\{closure}(Object(Illuminate\Http\Request))
#45 C:\Users\Thorn\Desktop\epq\vendor\laravel\framework\src\Illuminate\Foundation\Http\Middleware\TransformsRequest.php(30): Illuminate\Routing\Pipeline->Illuminate\Routing\{closure}(Object(Illuminate\Http\Request))
#46 C:\Users\Thorn\Desktop\epq\vendor\laravel\framework\src\Illuminate\Pipeline\Pipeline.php(148): Illuminate\Foundation\Http\Middleware\TransformsRequest->handle(Object(Illuminate\Http\Request), Object(Closure))
#47 C:\Users\Thorn\Desktop\epq\vendor\laravel\framework\src\Illuminate\Routing\Pipeline.php(53): Illuminate\Pipeline\Pipeline->Illuminate\Pipeline\{closure}(Object(Illuminate\Http\Request))
#48 C:\Users\Thorn\Desktop\epq\vendor\laravel\framework\src\Illuminate\Foundation\Http\Middleware\ValidatePostSize.php(27): Illuminate\Routing\Pipeline->Illuminate\Routing\{closure}(Object(Illuminate\Http\Request))
#49 C:\Users\Thorn\Desktop\epq\vendor\laravel\framework\src\Illuminate\Pipeline\Pipeline.php(148): Illuminate\Foundation\Http\Middleware\ValidatePostSize->handle(Object(Illuminate\Http\Request), Object(Closure))
#50 C:\Users\Thorn\Desktop\epq\vendor\laravel\framework\src\Illuminate\Routing\Pipeline.php(53): Illuminate\Pipeline\Pipeline->Illuminate\Pipeline\{closure}(Object(Illuminate\Http\Request))
#51 C:\Users\Thorn\Desktop\epq\vendor\laravel\framework\src\Illuminate\Foundation\Http\Middleware\CheckForMaintenanceMode.php(46): Illuminate\Routing\Pipeline->Illuminate\Routing\{closure}(Object(Illuminate\Http\Request))
#52 C:\Users\Thorn\Desktop\epq\vendor\laravel\framework\src\Illuminate\Pipeline\Pipeline.php(148): Illuminate\Foundation\Http\Middleware\CheckForMaintenanceMode->handle(Object(Illuminate\Http\Request), Object(Closure))
#53 C:\Users\Thorn\Desktop\epq\vendor\laravel\framework\src\Illuminate\Routing\Pipeline.php(53): Illuminate\Pipeline\Pipeline->Illuminate\Pipeline\{closure}(Object(Illuminate\Http\Request))
#54 C:\Users\Thorn\Desktop\epq\vendor\laravel\framework\src\Illuminate\Pipeline\Pipeline.php(102): Illuminate\Routing\Pipeline->Illuminate\Routing\{closure}(Object(Illuminate\Http\Request))
#55 C:\Users\Thorn\Desktop\epq\vendor\laravel\framework\src\Illuminate\Foundation\Http\Kernel.php(151): Illuminate\Pipeline\Pipeline->then(Object(Closure))
#56 C:\Users\Thorn\Desktop\epq\vendor\laravel\framework\src\Illuminate\Foundation\Http\Kernel.php(116): Illuminate\Foundation\Http\Kernel->sendRequestThroughRouter(Object(Illuminate\Http\Request))
#57 C:\Users\Thorn\Desktop\epq\public\index.php(54): Illuminate\Foundation\Http\Kernel->handle(Object(Illuminate\Http\Request))
#58 C:\Users\Thorn\Desktop\epq\server.php(21): require_once('C:\\Users\\Thorn\\...')
#59 {main}  
[2017-12-21 01:03:39] local.ERROR: exception 'PDOException' with message 'SQLSTATE[23000]: Integrity constraint violation: 1048 Column 'body' cannot be null' in C:\Users\Thorn\Desktop\epq\vendor\laravel\framework\src\Illuminate\Database\Connection.php:449
Stack trace:
#0 C:\Users\Thorn\Desktop\epq\vendor\laravel\framework\src\Illuminate\Database\Connection.php(449): PDOStatement->execute()
#1 C:\Users\Thorn\Desktop\epq\vendor\laravel\framework\src\Illuminate\Database\Connection.php(640): Illuminate\Database\Connection->Illuminate\Database\{closure}('insert into `qu...', Array)
#2 C:\Users\Thorn\Desktop\epq\vendor\laravel\framework\src\Illuminate\Database\Connection.php(607): Illuminate\Database\Connection->runQueryCallback('insert into `qu...', Array, Object(Closure))
#3 C:\Users\Thorn\Desktop\epq\vendor\laravel\framework\src\Illuminate\Database\Connection.php(450): Illuminate\Database\Connection->run('insert into `qu...', Array, Object(Closure))
#4 C:\Users\Thorn\Desktop\epq\vendor\laravel\framework\src\Illuminate\Database\Connection.php(404): Illuminate\Database\Connection->statement('insert into `qu...', Array)
#5 C:\Users\Thorn\Desktop\epq\vendor\laravel\framework\src\Illuminate\Database\Query\Processors\Processor.php(32): Illuminate\Database\Connection->insert('insert into `qu...', Array)
#6 C:\Users\Thorn\Desktop\epq\vendor\laravel\framework\src\Illuminate\Database\Query\Builder.php(2133): Illuminate\Database\Query\Processors\Processor->processInsertGetId(Object(Illuminate\Database\Query\Builder), 'insert into `qu...', Array, 'id')
#7 C:\Users\Thorn\Desktop\epq\vendor\laravel\framework\src\Illuminate\Database\Eloquent\Builder.php(1251): Illuminate\Database\Query\Builder->insertGetId(Array, 'id')
#8 C:\Users\Thorn\Desktop\epq\vendor\laravel\framework\src\Illuminate\Database\Eloquent\Model.php(688): Illuminate\Database\Eloquent\Builder->__call('insertGetId', Array)
#9 C:\Users\Thorn\Desktop\epq\vendor\laravel\framework\src\Illuminate\Database\Eloquent\Model.php(688): Illuminate\Database\Eloquent\Builder->insertGetId(Array, 'id')
#10 C:\Users\Thorn\Desktop\epq\vendor\laravel\framework\src\Illuminate\Database\Eloquent\Model.php(653): Illuminate\Database\Eloquent\Model->insertAndSetId(Object(Illuminate\Database\Eloquent\Builder), Array)
#11 C:\Users\Thorn\Desktop\epq\vendor\laravel\framework\src\Illuminate\Database\Eloquent\Model.php(522): Illuminate\Database\Eloquent\Model->performInsert(Object(Illuminate\Database\Eloquent\Builder))
#12 C:\Users\Thorn\Desktop\epq\app\Http\Controllers\create.php(20): Illuminate\Database\Eloquent\Model->save()
#13 [internal function]: App\Http\Controllers\create->post()
#14 C:\Users\Thorn\Desktop\epq\vendor\laravel\framework\src\Illuminate\Routing\Controller.php(55): call_user_func_array(Array, Array)
#15 C:\Users\Thorn\Desktop\epq\vendor\laravel\framework\src\Illuminate\Routing\ControllerDispatcher.php(44): Illuminate\Routing\Controller->callAction('post', Array)
#16 C:\Users\Thorn\Desktop\epq\vendor\laravel\framework\src\Illuminate\Routing\Route.php(204): Illuminate\Routing\ControllerDispatcher->dispatch(Object(Illuminate\Routing\Route), Object(App\Http\Controllers\create), 'post')
#17 C:\Users\Thorn\Desktop\epq\vendor\laravel\framework\src\Illuminate\Routing\Route.php(160): Illuminate\Routing\Route->runController()
#18 C:\Users\Thorn\Desktop\epq\vendor\laravel\framework\src\Illuminate\Routing\Router.php(572): Illuminate\Routing\Route->run()
#19 C:\Users\Thorn\Desktop\epq\vendor\laravel\framework\src\Illuminate\Routing\Pipeline.php(30): Illuminate\Routing\Router->Illuminate\Routing\{closure}(Object(Illuminate\Http\Request))
#20 C:\Users\Thorn\Desktop\epq\vendor\laravel\framework\src\Illuminate\Routing\Middleware\SubstituteBindings.php(41): Illuminate\Routing\Pipeline->Illuminate\Routing\{closure}(Object(Illuminate\Http\Request))
#21 C:\Users\Thorn\Desktop\epq\vendor\laravel\framework\src\Illuminate\Pipeline\Pipeline.php(148): Illuminate\Routing\Middleware\SubstituteBindings->handle(Object(Illuminate\Http\Request), Object(Closure))
#22 C:\Users\Thorn\Desktop\epq\vendor\laravel\framework\src\Illuminate\Routing\Pipeline.php(53): Illuminate\Pipeline\Pipeline->Illuminate\Pipeline\{closure}(Object(Illuminate\Http\Request))
#23 C:\Users\Thorn\Desktop\epq\vendor\laravel\framework\src\Illuminate\Foundation\Http\Middleware\VerifyCsrfToken.php(65): Illuminate\Routing\Pipeline->Illuminate\Routing\{closure}(Object(Illuminate\Http\Request))
#24 C:\Users\Thorn\Desktop\epq\vendor\laravel\framework\src\Illuminate\Pipeline\Pipeline.php(148): Illuminate\Foundation\Http\Middleware\VerifyCsrfToken->handle(Object(Illuminate\Http\Request), Object(Closure))
#25 C:\Users\Thorn\Desktop\epq\vendor\laravel\framework\src\Illuminate\Routing\Pipeline.php(53): Illuminate\Pipeline\Pipeline->Illuminate\Pipeline\{closure}(Object(Illuminate\Http\Request))
#26 C:\Users\Thorn\Desktop\epq\vendor\laravel\framework\src\Illuminate\View\Middleware\ShareErrorsFromSession.php(49): Illuminate\Routing\Pipeline->Illuminate\Routing\{closure}(Object(Illuminate\Http\Request))
#27 C:\Users\Thorn\Desktop\epq\vendor\laravel\framework\src\Illuminate\Pipeline\Pipeline.php(148): Illuminate\View\Middleware\ShareErrorsFromSession->handle(Object(Illuminate\Http\Request), Object(Closure))
#28 C:\Users\Thorn\Desktop\epq\vendor\laravel\framework\src\Illuminate\Routing\Pipeline.php(53): Illuminate\Pipeline\Pipeline->Illuminate\Pipeline\{closure}(Object(Illuminate\Http\Request))
#29 C:\Users\Thorn\Desktop\epq\vendor\laravel\framework\src\Illuminate\Session\Middleware\StartSession.php(64): Illuminate\Routing\Pipeline->Illuminate\Routing\{closure}(Object(Illuminate\Http\Request))
#30 C:\Users\Thorn\Desktop\epq\vendor\laravel\framework\src\Illuminate\Pipeline\Pipeline.php(148): Illuminate\Session\Middleware\StartSession->handle(Object(Illuminate\Http\Request), Object(Closure))
#31 C:\Users\Thorn\Desktop\epq\vendor\laravel\framework\src\Illuminate\Routing\Pipeline.php(53): Illuminate\Pipeline\Pipeline->Illuminate\Pipeline\{closure}(Object(Illuminate\Http\Request))
#32 C:\Users\Thorn\Desktop\epq\vendor\laravel\framework\src\Illuminate\Cookie\Middleware\AddQueuedCookiesToResponse.php(37): Illuminate\Routing\Pipeline->Illuminate\Routing\{closure}(Object(Illuminate\Http\Request))
#33 C:\Users\Thorn\Desktop\epq\vendor\laravel\framework\src\Illuminate\Pipeline\Pipeline.php(148): Illuminate\Cookie\Middleware\AddQueuedCookiesToResponse->handle(Object(Illuminate\Http\Request), Object(Closure))
#34 C:\Users\Thorn\Desktop\epq\vendor\laravel\framework\src\Illuminate\Routing\Pipeline.php(53): Illuminate\Pipeline\Pipeline->Illuminate\Pipeline\{closure}(Object(Illuminate\Http\Request))
#35 C:\Users\Thorn\Desktop\epq\vendor\laravel\framework\src\Illuminate\Cookie\Middleware\EncryptCookies.php(59): Illuminate\Routing\Pipeline->Illuminate\Routing\{closure}(Object(Illuminate\Http\Request))
#36 C:\Users\Thorn\Desktop\epq\vendor\laravel\framework\src\Illuminate\Pipeline\Pipeline.php(148): Illuminate\Cookie\Middleware\EncryptCookies->handle(Object(Illuminate\Http\Request), Object(Closure))
#37 C:\Users\Thorn\Desktop\epq\vendor\laravel\framework\src\Illuminate\Routing\Pipeline.php(53): Illuminate\Pipeline\Pipeline->Illuminate\Pipeline\{closure}(Object(Illuminate\Http\Request))
#38 C:\Users\Thorn\Desktop\epq\vendor\laravel\framework\src\Illuminate\Pipeline\Pipeline.php(102): Illuminate\Routing\Pipeline->Illuminate\Routing\{closure}(Object(Illuminate\Http\Request))
#39 C:\Users\Thorn\Desktop\epq\vendor\laravel\framework\src\Illuminate\Routing\Router.php(574): Illuminate\Pipeline\Pipeline->then(Object(Closure))
#40 C:\Users\Thorn\Desktop\epq\vendor\laravel\framework\src\Illuminate\Routing\Router.php(533): Illuminate\Routing\Router->runRouteWithinStack(Object(Illuminate\Routing\Route), Object(Illuminate\Http\Request))
#41 C:\Users\Thorn\Desktop\epq\vendor\laravel\framework\src\Illuminate\Routing\Router.php(511): Illuminate\Routing\Router->dispatchToRoute(Object(Illuminate\Http\Request))
#42 C:\Users\Thorn\Desktop\epq\vendor\laravel\framework\src\Illuminate\Foundation\Http\Kernel.php(176): Illuminate\Routing\Router->dispatch(Object(Illuminate\Http\Request))
#43 C:\Users\Thorn\Desktop\epq\vendor\laravel\framework\src\Illuminate\Routing\Pipeline.php(30): Illuminate\Foundation\Http\Kernel->Illuminate\Foundation\Http\{closure}(Object(Illuminate\Http\Request))
#44 C:\Users\Thorn\Desktop\epq\vendor\laravel\framework\src\Illuminate\Foundation\Http\Middleware\TransformsRequest.php(30): Illuminate\Routing\Pipeline->Illuminate\Routing\{closure}(Object(Illuminate\Http\Request))
#45 C:\Users\Thorn\Desktop\epq\vendor\laravel\framework\src\Illuminate\Pipeline\Pipeline.php(148): Illuminate\Foundation\Http\Middleware\TransformsRequest->handle(Object(Illuminate\Http\Request), Object(Closure))
#46 C:\Users\Thorn\Desktop\epq\vendor\laravel\framework\src\Illuminate\Routing\Pipeline.php(53): Illuminate\Pipeline\Pipeline->Illuminate\Pipeline\{closure}(Object(Illuminate\Http\Request))
#47 C:\Users\Thorn\Desktop\epq\vendor\laravel\framework\src\Illuminate\Foundation\Http\Middleware\TransformsRequest.php(30): Illuminate\Routing\Pipeline->Illuminate\Routing\{closure}(Object(Illuminate\Http\Request))
#48 C:\Users\Thorn\Desktop\epq\vendor\laravel\framework\src\Illuminate\Pipeline\Pipeline.php(148): Illuminate\Foundation\Http\Middleware\TransformsRequest->handle(Object(Illuminate\Http\Request), Object(Closure))
#49 C:\Users\Thorn\Desktop\epq\vendor\laravel\framework\src\Illuminate\Routing\Pipeline.php(53): Illuminate\Pipeline\Pipeline->Illuminate\Pipeline\{closure}(Object(Illuminate\Http\Request))
#50 C:\Users\Thorn\Desktop\epq\vendor\laravel\framework\src\Illuminate\Foundation\Http\Middleware\ValidatePostSize.php(27): Illuminate\Routing\Pipeline->Illuminate\Routing\{closure}(Object(Illuminate\Http\Request))
#51 C:\Users\Thorn\Desktop\epq\vendor\laravel\framework\src\Illuminate\Pipeline\Pipeline.php(148): Illuminate\Foundation\Http\Middleware\ValidatePostSize->handle(Object(Illuminate\Http\Request), Object(Closure))
#52 C:\Users\Thorn\Desktop\epq\vendor\laravel\framework\src\Illuminate\Routing\Pipeline.php(53): Illuminate\Pipeline\Pipeline->Illuminate\Pipeline\{closure}(Object(Illuminate\Http\Request))
#53 C:\Users\Thorn\Desktop\epq\vendor\laravel\framework\src\Illuminate\Foundation\Http\Middleware\CheckForMaintenanceMode.php(46): Illuminate\Routing\Pipeline->Illuminate\Routing\{closure}(Object(Illuminate\Http\Request))
#54 C:\Users\Thorn\Desktop\epq\vendor\laravel\framework\src\Illuminate\Pipeline\Pipeline.php(148): Illuminate\Foundation\Http\Middleware\CheckForMaintenanceMode->handle(Object(Illuminate\Http\Request), Object(Closure))
#55 C:\Users\Thorn\Desktop\epq\vendor\laravel\framework\src\Illuminate\Routing\Pipeline.php(53): Illuminate\Pipeline\Pipeline->Illuminate\Pipeline\{closure}(Object(Illuminate\Http\Request))
#56 C:\Users\Thorn\Desktop\epq\vendor\laravel\framework\src\Illuminate\Pipeline\Pipeline.php(102): Illuminate\Routing\Pipeline->Illuminate\Routing\{closure}(Object(Illuminate\Http\Request))
#57 C:\Users\Thorn\Desktop\epq\vendor\laravel\framework\src\Illuminate\Foundation\Http\Kernel.php(151): Illuminate\Pipeline\Pipeline->then(Object(Closure))
#58 C:\Users\Thorn\Desktop\epq\vendor\laravel\framework\src\Illuminate\Foundation\Http\Kernel.php(116): Illuminate\Foundation\Http\Kernel->sendRequestThroughRouter(Object(Illuminate\Http\Request))
#59 C:\Users\Thorn\Desktop\epq\public\index.php(54): Illuminate\Foundation\Http\Kernel->handle(Object(Illuminate\Http\Request))
#60 C:\Users\Thorn\Desktop\epq\server.php(21): require_once('C:\\Users\\Thorn\\...')
#61 {main}

Next exception 'Illuminate\Database\QueryException' with message 'SQLSTATE[23000]: Integrity constraint violation: 1048 Column 'body' cannot be null (SQL: insert into `questions` (`body`, `key`, `updated_at`, `created_at`) values (, AD45KKLMN, 2017-12-21 01:03:38, 2017-12-21 01:03:38))' in C:\Users\Thorn\Desktop\epq\vendor\laravel\framework\src\Illuminate\Database\Connection.php:647
Stack trace:
#0 C:\Users\Thorn\Desktop\epq\vendor\laravel\framework\src\Illuminate\Database\Connection.php(607): Illuminate\Database\Connection->runQueryCallback('insert into `qu...', Array, Object(Closure))
#1 C:\Users\Thorn\Desktop\epq\vendor\laravel\framework\src\Illuminate\Database\Connection.php(450): Illuminate\Database\Connection->run('insert into `qu...', Array, Object(Closure))
#2 C:\Users\Thorn\Desktop\epq\vendor\laravel\framework\src\Illuminate\Database\Connection.php(404): Illuminate\Database\Connection->statement('insert into `qu...', Array)
#3 C:\Users\Thorn\Desktop\epq\vendor\laravel\framework\src\Illuminate\Database\Query\Processors\Processor.php(32): Illuminate\Database\Connection->insert('insert into `qu...', Array)
#4 C:\Users\Thorn\Desktop\epq\vendor\laravel\framework\src\Illuminate\Database\Query\Builder.php(2133): Illuminate\Database\Query\Processors\Processor->processInsertGetId(Object(Illuminate\Database\Query\Builder), 'insert into `qu...', Array, 'id')
#5 C:\Users\Thorn\Desktop\epq\vendor\laravel\framework\src\Illuminate\Database\Eloquent\Builder.php(1251): Illuminate\Database\Query\Builder->insertGetId(Array, 'id')
#6 C:\Users\Thorn\Desktop\epq\vendor\laravel\framework\src\Illuminate\Database\Eloquent\Model.php(688): Illuminate\Database\Eloquent\Builder->__call('insertGetId', Array)
#7 C:\Users\Thorn\Desktop\epq\vendor\laravel\framework\src\Illuminate\Database\Eloquent\Model.php(688): Illuminate\Database\Eloquent\Builder->insertGetId(Array, 'id')
#8 C:\Users\Thorn\Desktop\epq\vendor\laravel\framework\src\Illuminate\Database\Eloquent\Model.php(653): Illuminate\Database\Eloquent\Model->insertAndSetId(Object(Illuminate\Database\Eloquent\Builder), Array)
#9 C:\Users\Thorn\Desktop\epq\vendor\laravel\framework\src\Illuminate\Database\Eloquent\Model.php(522): Illuminate\Database\Eloquent\Model->performInsert(Object(Illuminate\Database\Eloquent\Builder))
#10 C:\Users\Thorn\Desktop\epq\app\Http\Controllers\create.php(20): Illuminate\Database\Eloquent\Model->save()
#11 [internal function]: App\Http\Controllers\create->post()
#12 C:\Users\Thorn\Desktop\epq\vendor\laravel\framework\src\Illuminate\Routing\Controller.php(55): call_user_func_array(Array, Array)
#13 C:\Users\Thorn\Desktop\epq\vendor\laravel\framework\src\Illuminate\Routing\ControllerDispatcher.php(44): Illuminate\Routing\Controller->callAction('post', Array)
#14 C:\Users\Thorn\Desktop\epq\vendor\laravel\framework\src\Illuminate\Routing\Route.php(204): Illuminate\Routing\ControllerDispatcher->dispatch(Object(Illuminate\Routing\Route), Object(App\Http\Controllers\create), 'post')
#15 C:\Users\Thorn\Desktop\epq\vendor\laravel\framework\src\Illuminate\Routing\Route.php(160): Illuminate\Routing\Route->runController()
#16 C:\Users\Thorn\Desktop\epq\vendor\laravel\framework\src\Illuminate\Routing\Router.php(572): Illuminate\Routing\Route->run()
#17 C:\Users\Thorn\Desktop\epq\vendor\laravel\framework\src\Illuminate\Routing\Pipeline.php(30): Illuminate\Routing\Router->Illuminate\Routing\{closure}(Object(Illuminate\Http\Request))
#18 C:\Users\Thorn\Desktop\epq\vendor\laravel\framework\src\Illuminate\Routing\Middleware\SubstituteBindings.php(41): Illuminate\Routing\Pipeline->Illuminate\Routing\{closure}(Object(Illuminate\Http\Request))
#19 C:\Users\Thorn\Desktop\epq\vendor\laravel\framework\src\Illuminate\Pipeline\Pipeline.php(148): Illuminate\Routing\Middleware\SubstituteBindings->handle(Object(Illuminate\Http\Request), Object(Closure))
#20 C:\Users\Thorn\Desktop\epq\vendor\laravel\framework\src\Illuminate\Routing\Pipeline.php(53): Illuminate\Pipeline\Pipeline->Illuminate\Pipeline\{closure}(Object(Illuminate\Http\Request))
#21 C:\Users\Thorn\Desktop\epq\vendor\laravel\framework\src\Illuminate\Foundation\Http\Middleware\VerifyCsrfToken.php(65): Illuminate\Routing\Pipeline->Illuminate\Routing\{closure}(Object(Illuminate\Http\Request))
#22 C:\Users\Thorn\Desktop\epq\vendor\laravel\framework\src\Illuminate\Pipeline\Pipeline.php(148): Illuminate\Foundation\Http\Middleware\VerifyCsrfToken->handle(Object(Illuminate\Http\Request), Object(Closure))
#23 C:\Users\Thorn\Desktop\epq\vendor\laravel\framework\src\Illuminate\Routing\Pipeline.php(53): Illuminate\Pipeline\Pipeline->Illuminate\Pipeline\{closure}(Object(Illuminate\Http\Request))
#24 C:\Users\Thorn\Desktop\epq\vendor\laravel\framework\src\Illuminate\View\Middleware\ShareErrorsFromSession.php(49): Illuminate\Routing\Pipeline->Illuminate\Routing\{closure}(Object(Illuminate\Http\Request))
#25 C:\Users\Thorn\Desktop\epq\vendor\laravel\framework\src\Illuminate\Pipeline\Pipeline.php(148): Illuminate\View\Middleware\ShareErrorsFromSession->handle(Object(Illuminate\Http\Request), Object(Closure))
#26 C:\Users\Thorn\Desktop\epq\vendor\laravel\framework\src\Illuminate\Routing\Pipeline.php(53): Illuminate\Pipeline\Pipeline->Illuminate\Pipeline\{closure}(Object(Illuminate\Http\Request))
#27 C:\Users\Thorn\Desktop\epq\vendor\laravel\framework\src\Illuminate\Session\Middleware\StartSession.php(64): Illuminate\Routing\Pipeline->Illuminate\Routing\{closure}(Object(Illuminate\Http\Request))
#28 C:\Users\Thorn\Desktop\epq\vendor\laravel\framework\src\Illuminate\Pipeline\Pipeline.php(148): Illuminate\Session\Middleware\StartSession->handle(Object(Illuminate\Http\Request), Object(Closure))
#29 C:\Users\Thorn\Desktop\epq\vendor\laravel\framework\src\Illuminate\Routing\Pipeline.php(53): Illuminate\Pipeline\Pipeline->Illuminate\Pipeline\{closure}(Object(Illuminate\Http\Request))
#30 C:\Users\Thorn\Desktop\epq\vendor\laravel\framework\src\Illuminate\Cookie\Middleware\AddQueuedCookiesToResponse.php(37): Illuminate\Routing\Pipeline->Illuminate\Routing\{closure}(Object(Illuminate\Http\Request))
#31 C:\Users\Thorn\Desktop\epq\vendor\laravel\framework\src\Illuminate\Pipeline\Pipeline.php(148): Illuminate\Cookie\Middleware\AddQueuedCookiesToResponse->handle(Object(Illuminate\Http\Request), Object(Closure))
#32 C:\Users\Thorn\Desktop\epq\vendor\laravel\framework\src\Illuminate\Routing\Pipeline.php(53): Illuminate\Pipeline\Pipeline->Illuminate\Pipeline\{closure}(Object(Illuminate\Http\Request))
#33 C:\Users\Thorn\Desktop\epq\vendor\laravel\framework\src\Illuminate\Cookie\Middleware\EncryptCookies.php(59): Illuminate\Routing\Pipeline->Illuminate\Routing\{closure}(Object(Illuminate\Http\Request))
#34 C:\Users\Thorn\Desktop\epq\vendor\laravel\framework\src\Illuminate\Pipeline\Pipeline.php(148): Illuminate\Cookie\Middleware\EncryptCookies->handle(Object(Illuminate\Http\Request), Object(Closure))
#35 C:\Users\Thorn\Desktop\epq\vendor\laravel\framework\src\Illuminate\Routing\Pipeline.php(53): Illuminate\Pipeline\Pipeline->Illuminate\Pipeline\{closure}(Object(Illuminate\Http\Request))
#36 C:\Users\Thorn\Desktop\epq\vendor\laravel\framework\src\Illuminate\Pipeline\Pipeline.php(102): Illuminate\Routing\Pipeline->Illuminate\Routing\{closure}(Object(Illuminate\Http\Request))
#37 C:\Users\Thorn\Desktop\epq\vendor\laravel\framework\src\Illuminate\Routing\Router.php(574): Illuminate\Pipeline\Pipeline->then(Object(Closure))
#38 C:\Users\Thorn\Desktop\epq\vendor\laravel\framework\src\Illuminate\Routing\Router.php(533): Illuminate\Routing\Router->runRouteWithinStack(Object(Illuminate\Routing\Route), Object(Illuminate\Http\Request))
#39 C:\Users\Thorn\Desktop\epq\vendor\laravel\framework\src\Illuminate\Routing\Router.php(511): Illuminate\Routing\Router->dispatchToRoute(Object(Illuminate\Http\Request))
#40 C:\Users\Thorn\Desktop\epq\vendor\laravel\framework\src\Illuminate\Foundation\Http\Kernel.php(176): Illuminate\Routing\Router->dispatch(Object(Illuminate\Http\Request))
#41 C:\Users\Thorn\Desktop\epq\vendor\laravel\framework\src\Illuminate\Routing\Pipeline.php(30): Illuminate\Foundation\Http\Kernel->Illuminate\Foundation\Http\{closure}(Object(Illuminate\Http\Request))
#42 C:\Users\Thorn\Desktop\epq\vendor\laravel\framework\src\Illuminate\Foundation\Http\Middleware\TransformsRequest.php(30): Illuminate\Routing\Pipeline->Illuminate\Routing\{closure}(Object(Illuminate\Http\Request))
#43 C:\Users\Thorn\Desktop\epq\vendor\laravel\framework\src\Illuminate\Pipeline\Pipeline.php(148): Illuminate\Foundation\Http\Middleware\TransformsRequest->handle(Object(Illuminate\Http\Request), Object(Closure))
#44 C:\Users\Thorn\Desktop\epq\vendor\laravel\framework\src\Illuminate\Routing\Pipeline.php(53): Illuminate\Pipeline\Pipeline->Illuminate\Pipeline\{closure}(Object(Illuminate\Http\Request))
#45 C:\Users\Thorn\Desktop\epq\vendor\laravel\framework\src\Illuminate\Foundation\Http\Middleware\TransformsRequest.php(30): Illuminate\Routing\Pipeline->Illuminate\Routing\{closure}(Object(Illuminate\Http\Request))
#46 C:\Users\Thorn\Desktop\epq\vendor\laravel\framework\src\Illuminate\Pipeline\Pipeline.php(148): Illuminate\Foundation\Http\Middleware\TransformsRequest->handle(Object(Illuminate\Http\Request), Object(Closure))
#47 C:\Users\Thorn\Desktop\epq\vendor\laravel\framework\src\Illuminate\Routing\Pipeline.php(53): Illuminate\Pipeline\Pipeline->Illuminate\Pipeline\{closure}(Object(Illuminate\Http\Request))
#48 C:\Users\Thorn\Desktop\epq\vendor\laravel\framework\src\Illuminate\Foundation\Http\Middleware\ValidatePostSize.php(27): Illuminate\Routing\Pipeline->Illuminate\Routing\{closure}(Object(Illuminate\Http\Request))
#49 C:\Users\Thorn\Desktop\epq\vendor\laravel\framework\src\Illuminate\Pipeline\Pipeline.php(148): Illuminate\Foundation\Http\Middleware\ValidatePostSize->handle(Object(Illuminate\Http\Request), Object(Closure))
#50 C:\Users\Thorn\Desktop\epq\vendor\laravel\framework\src\Illuminate\Routing\Pipeline.php(53): Illuminate\Pipeline\Pipeline->Illuminate\Pipeline\{closure}(Object(Illuminate\Http\Request))
#51 C:\Users\Thorn\Desktop\epq\vendor\laravel\framework\src\Illuminate\Foundation\Http\Middleware\CheckForMaintenanceMode.php(46): Illuminate\Routing\Pipeline->Illuminate\Routing\{closure}(Object(Illuminate\Http\Request))
#52 C:\Users\Thorn\Desktop\epq\vendor\laravel\framework\src\Illuminate\Pipeline\Pipeline.php(148): Illuminate\Foundation\Http\Middleware\CheckForMaintenanceMode->handle(Object(Illuminate\Http\Request), Object(Closure))
#53 C:\Users\Thorn\Desktop\epq\vendor\laravel\framework\src\Illuminate\Routing\Pipeline.php(53): Illuminate\Pipeline\Pipeline->Illuminate\Pipeline\{closure}(Object(Illuminate\Http\Request))
#54 C:\Users\Thorn\Desktop\epq\vendor\laravel\framework\src\Illuminate\Pipeline\Pipeline.php(102): Illuminate\Routing\Pipeline->Illuminate\Routing\{closure}(Object(Illuminate\Http\Request))
#55 C:\Users\Thorn\Desktop\epq\vendor\laravel\framework\src\Illuminate\Foundation\Http\Kernel.php(151): Illuminate\Pipeline\Pipeline->then(Object(Closure))
#56 C:\Users\Thorn\Desktop\epq\vendor\laravel\framework\src\Illuminate\Foundation\Http\Kernel.php(116): Illuminate\Foundation\Http\Kernel->sendRequestThroughRouter(Object(Illuminate\Http\Request))
#57 C:\Users\Thorn\Desktop\epq\public\index.php(54): Illuminate\Foundation\Http\Kernel->handle(Object(Illuminate\Http\Request))
#58 C:\Users\Thorn\Desktop\epq\server.php(21): require_once('C:\\Users\\Thorn\\...')
#59 {main}  
[2017-12-21 01:11:13] local.ERROR: exception 'PDOException' with message 'SQLSTATE[23000]: Integrity constraint violation: 1048 Column 'body' cannot be null' in C:\Users\Thorn\Desktop\epq\vendor\laravel\framework\src\Illuminate\Database\Connection.php:449
Stack trace:
#0 C:\Users\Thorn\Desktop\epq\vendor\laravel\framework\src\Illuminate\Database\Connection.php(449): PDOStatement->execute()
#1 C:\Users\Thorn\Desktop\epq\vendor\laravel\framework\src\Illuminate\Database\Connection.php(640): Illuminate\Database\Connection->Illuminate\Database\{closure}('insert into `qu...', Array)
#2 C:\Users\Thorn\Desktop\epq\vendor\laravel\framework\src\Illuminate\Database\Connection.php(607): Illuminate\Database\Connection->runQueryCallback('insert into `qu...', Array, Object(Closure))
#3 C:\Users\Thorn\Desktop\epq\vendor\laravel\framework\src\Illuminate\Database\Connection.php(450): Illuminate\Database\Connection->run('insert into `qu...', Array, Object(Closure))
#4 C:\Users\Thorn\Desktop\epq\vendor\laravel\framework\src\Illuminate\Database\Connection.php(404): Illuminate\Database\Connection->statement('insert into `qu...', Array)
#5 C:\Users\Thorn\Desktop\epq\vendor\laravel\framework\src\Illuminate\Database\Query\Processors\Processor.php(32): Illuminate\Database\Connection->insert('insert into `qu...', Array)
#6 C:\Users\Thorn\Desktop\epq\vendor\laravel\framework\src\Illuminate\Database\Query\Builder.php(2133): Illuminate\Database\Query\Processors\Processor->processInsertGetId(Object(Illuminate\Database\Query\Builder), 'insert into `qu...', Array, 'id')
#7 C:\Users\Thorn\Desktop\epq\vendor\laravel\framework\src\Illuminate\Database\Eloquent\Builder.php(1251): Illuminate\Database\Query\Builder->insertGetId(Array, 'id')
#8 C:\Users\Thorn\Desktop\epq\vendor\laravel\framework\src\Illuminate\Database\Eloquent\Model.php(688): Illuminate\Database\Eloquent\Builder->__call('insertGetId', Array)
#9 C:\Users\Thorn\Desktop\epq\vendor\laravel\framework\src\Illuminate\Database\Eloquent\Model.php(688): Illuminate\Database\Eloquent\Builder->insertGetId(Array, 'id')
#10 C:\Users\Thorn\Desktop\epq\vendor\laravel\framework\src\Illuminate\Database\Eloquent\Model.php(653): Illuminate\Database\Eloquent\Model->insertAndSetId(Object(Illuminate\Database\Eloquent\Builder), Array)
#11 C:\Users\Thorn\Desktop\epq\vendor\laravel\framework\src\Illuminate\Database\Eloquent\Model.php(522): Illuminate\Database\Eloquent\Model->performInsert(Object(Illuminate\Database\Eloquent\Builder))
#12 C:\Users\Thorn\Desktop\epq\app\Http\Controllers\create.php(20): Illuminate\Database\Eloquent\Model->save()
#13 [internal function]: App\Http\Controllers\create->post()
#14 C:\Users\Thorn\Desktop\epq\vendor\laravel\framework\src\Illuminate\Routing\Controller.php(55): call_user_func_array(Array, Array)
#15 C:\Users\Thorn\Desktop\epq\vendor\laravel\framework\src\Illuminate\Routing\ControllerDispatcher.php(44): Illuminate\Routing\Controller->callAction('post', Array)
#16 C:\Users\Thorn\Desktop\epq\vendor\laravel\framework\src\Illuminate\Routing\Route.php(204): Illuminate\Routing\ControllerDispatcher->dispatch(Object(Illuminate\Routing\Route), Object(App\Http\Controllers\create), 'post')
#17 C:\Users\Thorn\Desktop\epq\vendor\laravel\framework\src\Illuminate\Routing\Route.php(160): Illuminate\Routing\Route->runController()
#18 C:\Users\Thorn\Desktop\epq\vendor\laravel\framework\src\Illuminate\Routing\Router.php(572): Illuminate\Routing\Route->run()
#19 C:\Users\Thorn\Desktop\epq\vendor\laravel\framework\src\Illuminate\Routing\Pipeline.php(30): Illuminate\Routing\Router->Illuminate\Routing\{closure}(Object(Illuminate\Http\Request))
#20 C:\Users\Thorn\Desktop\epq\vendor\laravel\framework\src\Illuminate\Routing\Middleware\SubstituteBindings.php(41): Illuminate\Routing\Pipeline->Illuminate\Routing\{closure}(Object(Illuminate\Http\Request))
#21 C:\Users\Thorn\Desktop\epq\vendor\laravel\framework\src\Illuminate\Pipeline\Pipeline.php(148): Illuminate\Routing\Middleware\SubstituteBindings->handle(Object(Illuminate\Http\Request), Object(Closure))
#22 C:\Users\Thorn\Desktop\epq\vendor\laravel\framework\src\Illuminate\Routing\Pipeline.php(53): Illuminate\Pipeline\Pipeline->Illuminate\Pipeline\{closure}(Object(Illuminate\Http\Request))
#23 C:\Users\Thorn\Desktop\epq\vendor\laravel\framework\src\Illuminate\Foundation\Http\Middleware\VerifyCsrfToken.php(65): Illuminate\Routing\Pipeline->Illuminate\Routing\{closure}(Object(Illuminate\Http\Request))
#24 C:\Users\Thorn\Desktop\epq\vendor\laravel\framework\src\Illuminate\Pipeline\Pipeline.php(148): Illuminate\Foundation\Http\Middleware\VerifyCsrfToken->handle(Object(Illuminate\Http\Request), Object(Closure))
#25 C:\Users\Thorn\Desktop\epq\vendor\laravel\framework\src\Illuminate\Routing\Pipeline.php(53): Illuminate\Pipeline\Pipeline->Illuminate\Pipeline\{closure}(Object(Illuminate\Http\Request))
#26 C:\Users\Thorn\Desktop\epq\vendor\laravel\framework\src\Illuminate\View\Middleware\ShareErrorsFromSession.php(49): Illuminate\Routing\Pipeline->Illuminate\Routing\{closure}(Object(Illuminate\Http\Request))
#27 C:\Users\Thorn\Desktop\epq\vendor\laravel\framework\src\Illuminate\Pipeline\Pipeline.php(148): Illuminate\View\Middleware\ShareErrorsFromSession->handle(Object(Illuminate\Http\Request), Object(Closure))
#28 C:\Users\Thorn\Desktop\epq\vendor\laravel\framework\src\Illuminate\Routing\Pipeline.php(53): Illuminate\Pipeline\Pipeline->Illuminate\Pipeline\{closure}(Object(Illuminate\Http\Request))
#29 C:\Users\Thorn\Desktop\epq\vendor\laravel\framework\src\Illuminate\Session\Middleware\StartSession.php(64): Illuminate\Routing\Pipeline->Illuminate\Routing\{closure}(Object(Illuminate\Http\Request))
#30 C:\Users\Thorn\Desktop\epq\vendor\laravel\framework\src\Illuminate\Pipeline\Pipeline.php(148): Illuminate\Session\Middleware\StartSession->handle(Object(Illuminate\Http\Request), Object(Closure))
#31 C:\Users\Thorn\Desktop\epq\vendor\laravel\framework\src\Illuminate\Routing\Pipeline.php(53): Illuminate\Pipeline\Pipeline->Illuminate\Pipeline\{closure}(Object(Illuminate\Http\Request))
#32 C:\Users\Thorn\Desktop\epq\vendor\laravel\framework\src\Illuminate\Cookie\Middleware\AddQueuedCookiesToResponse.php(37): Illuminate\Routing\Pipeline->Illuminate\Routing\{closure}(Object(Illuminate\Http\Request))
#33 C:\Users\Thorn\Desktop\epq\vendor\laravel\framework\src\Illuminate\Pipeline\Pipeline.php(148): Illuminate\Cookie\Middleware\AddQueuedCookiesToResponse->handle(Object(Illuminate\Http\Request), Object(Closure))
#34 C:\Users\Thorn\Desktop\epq\vendor\laravel\framework\src\Illuminate\Routing\Pipeline.php(53): Illuminate\Pipeline\Pipeline->Illuminate\Pipeline\{closure}(Object(Illuminate\Http\Request))
#35 C:\Users\Thorn\Desktop\epq\vendor\laravel\framework\src\Illuminate\Cookie\Middleware\EncryptCookies.php(59): Illuminate\Routing\Pipeline->Illuminate\Routing\{closure}(Object(Illuminate\Http\Request))
#36 C:\Users\Thorn\Desktop\epq\vendor\laravel\framework\src\Illuminate\Pipeline\Pipeline.php(148): Illuminate\Cookie\Middleware\EncryptCookies->handle(Object(Illuminate\Http\Request), Object(Closure))
#37 C:\Users\Thorn\Desktop\epq\vendor\laravel\framework\src\Illuminate\Routing\Pipeline.php(53): Illuminate\Pipeline\Pipeline->Illuminate\Pipeline\{closure}(Object(Illuminate\Http\Request))
#38 C:\Users\Thorn\Desktop\epq\vendor\laravel\framework\src\Illuminate\Pipeline\Pipeline.php(102): Illuminate\Routing\Pipeline->Illuminate\Routing\{closure}(Object(Illuminate\Http\Request))
#39 C:\Users\Thorn\Desktop\epq\vendor\laravel\framework\src\Illuminate\Routing\Router.php(574): Illuminate\Pipeline\Pipeline->then(Object(Closure))
#40 C:\Users\Thorn\Desktop\epq\vendor\laravel\framework\src\Illuminate\Routing\Router.php(533): Illuminate\Routing\Router->runRouteWithinStack(Object(Illuminate\Routing\Route), Object(Illuminate\Http\Request))
#41 C:\Users\Thorn\Desktop\epq\vendor\laravel\framework\src\Illuminate\Routing\Router.php(511): Illuminate\Routing\Router->dispatchToRoute(Object(Illuminate\Http\Request))
#42 C:\Users\Thorn\Desktop\epq\vendor\laravel\framework\src\Illuminate\Foundation\Http\Kernel.php(176): Illuminate\Routing\Router->dispatch(Object(Illuminate\Http\Request))
#43 C:\Users\Thorn\Desktop\epq\vendor\laravel\framework\src\Illuminate\Routing\Pipeline.php(30): Illuminate\Foundation\Http\Kernel->Illuminate\Foundation\Http\{closure}(Object(Illuminate\Http\Request))
#44 C:\Users\Thorn\Desktop\epq\vendor\laravel\framework\src\Illuminate\Foundation\Http\Middleware\TransformsRequest.php(30): Illuminate\Routing\Pipeline->Illuminate\Routing\{closure}(Object(Illuminate\Http\Request))
#45 C:\Users\Thorn\Desktop\epq\vendor\laravel\framework\src\Illuminate\Pipeline\Pipeline.php(148): Illuminate\Foundation\Http\Middleware\TransformsRequest->handle(Object(Illuminate\Http\Request), Object(Closure))
#46 C:\Users\Thorn\Desktop\epq\vendor\laravel\framework\src\Illuminate\Routing\Pipeline.php(53): Illuminate\Pipeline\Pipeline->Illuminate\Pipeline\{closure}(Object(Illuminate\Http\Request))
#47 C:\Users\Thorn\Desktop\epq\vendor\laravel\framework\src\Illuminate\Foundation\Http\Middleware\TransformsRequest.php(30): Illuminate\Routing\Pipeline->Illuminate\Routing\{closure}(Object(Illuminate\Http\Request))
#48 C:\Users\Thorn\Desktop\epq\vendor\laravel\framework\src\Illuminate\Pipeline\Pipeline.php(148): Illuminate\Foundation\Http\Middleware\TransformsRequest->handle(Object(Illuminate\Http\Request), Object(Closure))
#49 C:\Users\Thorn\Desktop\epq\vendor\laravel\framework\src\Illuminate\Routing\Pipeline.php(53): Illuminate\Pipeline\Pipeline->Illuminate\Pipeline\{closure}(Object(Illuminate\Http\Request))
#50 C:\Users\Thorn\Desktop\epq\vendor\laravel\framework\src\Illuminate\Foundation\Http\Middleware\ValidatePostSize.php(27): Illuminate\Routing\Pipeline->Illuminate\Routing\{closure}(Object(Illuminate\Http\Request))
#51 C:\Users\Thorn\Desktop\epq\vendor\laravel\framework\src\Illuminate\Pipeline\Pipeline.php(148): Illuminate\Foundation\Http\Middleware\ValidatePostSize->handle(Object(Illuminate\Http\Request), Object(Closure))
#52 C:\Users\Thorn\Desktop\epq\vendor\laravel\framework\src\Illuminate\Routing\Pipeline.php(53): Illuminate\Pipeline\Pipeline->Illuminate\Pipeline\{closure}(Object(Illuminate\Http\Request))
#53 C:\Users\Thorn\Desktop\epq\vendor\laravel\framework\src\Illuminate\Foundation\Http\Middleware\CheckForMaintenanceMode.php(46): Illuminate\Routing\Pipeline->Illuminate\Routing\{closure}(Object(Illuminate\Http\Request))
#54 C:\Users\Thorn\Desktop\epq\vendor\laravel\framework\src\Illuminate\Pipeline\Pipeline.php(148): Illuminate\Foundation\Http\Middleware\CheckForMaintenanceMode->handle(Object(Illuminate\Http\Request), Object(Closure))
#55 C:\Users\Thorn\Desktop\epq\vendor\laravel\framework\src\Illuminate\Routing\Pipeline.php(53): Illuminate\Pipeline\Pipeline->Illuminate\Pipeline\{closure}(Object(Illuminate\Http\Request))
#56 C:\Users\Thorn\Desktop\epq\vendor\laravel\framework\src\Illuminate\Pipeline\Pipeline.php(102): Illuminate\Routing\Pipeline->Illuminate\Routing\{closure}(Object(Illuminate\Http\Request))
#57 C:\Users\Thorn\Desktop\epq\vendor\laravel\framework\src\Illuminate\Foundation\Http\Kernel.php(151): Illuminate\Pipeline\Pipeline->then(Object(Closure))
#58 C:\Users\Thorn\Desktop\epq\vendor\laravel\framework\src\Illuminate\Foundation\Http\Kernel.php(116): Illuminate\Foundation\Http\Kernel->sendRequestThroughRouter(Object(Illuminate\Http\Request))
#59 C:\Users\Thorn\Desktop\epq\public\index.php(54): Illuminate\Foundation\Http\Kernel->handle(Object(Illuminate\Http\Request))
#60 C:\Users\Thorn\Desktop\epq\server.php(21): require_once('C:\\Users\\Thorn\\...')
#61 {main}

Next exception 'Illuminate\Database\QueryException' with message 'SQLSTATE[23000]: Integrity constraint violation: 1048 Column 'body' cannot be null (SQL: insert into `questions` (`body`, `key`, `updated_at`, `created_at`) values (, AD45KKLMN, 2017-12-21 01:11:13, 2017-12-21 01:11:13))' in C:\Users\Thorn\Desktop\epq\vendor\laravel\framework\src\Illuminate\Database\Connection.php:647
Stack trace:
#0 C:\Users\Thorn\Desktop\epq\vendor\laravel\framework\src\Illuminate\Database\Connection.php(607): Illuminate\Database\Connection->runQueryCallback('insert into `qu...', Array, Object(Closure))
#1 C:\Users\Thorn\Desktop\epq\vendor\laravel\framework\src\Illuminate\Database\Connection.php(450): Illuminate\Database\Connection->run('insert into `qu...', Array, Object(Closure))
#2 C:\Users\Thorn\Desktop\epq\vendor\laravel\framework\src\Illuminate\Database\Connection.php(404): Illuminate\Database\Connection->statement('insert into `qu...', Array)
#3 C:\Users\Thorn\Desktop\epq\vendor\laravel\framework\src\Illuminate\Database\Query\Processors\Processor.php(32): Illuminate\Database\Connection->insert('insert into `qu...', Array)
#4 C:\Users\Thorn\Desktop\epq\vendor\laravel\framework\src\Illuminate\Database\Query\Builder.php(2133): Illuminate\Database\Query\Processors\Processor->processInsertGetId(Object(Illuminate\Database\Query\Builder), 'insert into `qu...', Array, 'id')
#5 C:\Users\Thorn\Desktop\epq\vendor\laravel\framework\src\Illuminate\Database\Eloquent\Builder.php(1251): Illuminate\Database\Query\Builder->insertGetId(Array, 'id')
#6 C:\Users\Thorn\Desktop\epq\vendor\laravel\framework\src\Illuminate\Database\Eloquent\Model.php(688): Illuminate\Database\Eloquent\Builder->__call('insertGetId', Array)
#7 C:\Users\Thorn\Desktop\epq\vendor\laravel\framework\src\Illuminate\Database\Eloquent\Model.php(688): Illuminate\Database\Eloquent\Builder->insertGetId(Array, 'id')
#8 C:\Users\Thorn\Desktop\epq\vendor\laravel\framework\src\Illuminate\Database\Eloquent\Model.php(653): Illuminate\Database\Eloquent\Model->insertAndSetId(Object(Illuminate\Database\Eloquent\Builder), Array)
#9 C:\Users\Thorn\Desktop\epq\vendor\laravel\framework\src\Illuminate\Database\Eloquent\Model.php(522): Illuminate\Database\Eloquent\Model->performInsert(Object(Illuminate\Database\Eloquent\Builder))
#10 C:\Users\Thorn\Desktop\epq\app\Http\Controllers\create.php(20): Illuminate\Database\Eloquent\Model->save()
#11 [internal function]: App\Http\Controllers\create->post()
#12 C:\Users\Thorn\Desktop\epq\vendor\laravel\framework\src\Illuminate\Routing\Controller.php(55): call_user_func_array(Array, Array)
#13 C:\Users\Thorn\Desktop\epq\vendor\laravel\framework\src\Illuminate\Routing\ControllerDispatcher.php(44): Illuminate\Routing\Controller->callAction('post', Array)
#14 C:\Users\Thorn\Desktop\epq\vendor\laravel\framework\src\Illuminate\Routing\Route.php(204): Illuminate\Routing\ControllerDispatcher->dispatch(Object(Illuminate\Routing\Route), Object(App\Http\Controllers\create), 'post')
#15 C:\Users\Thorn\Desktop\epq\vendor\laravel\framework\src\Illuminate\Routing\Route.php(160): Illuminate\Routing\Route->runController()
#16 C:\Users\Thorn\Desktop\epq\vendor\laravel\framework\src\Illuminate\Routing\Router.php(572): Illuminate\Routing\Route->run()
#17 C:\Users\Thorn\Desktop\epq\vendor\laravel\framework\src\Illuminate\Routing\Pipeline.php(30): Illuminate\Routing\Router->Illuminate\Routing\{closure}(Object(Illuminate\Http\Request))
#18 C:\Users\Thorn\Desktop\epq\vendor\laravel\framework\src\Illuminate\Routing\Middleware\SubstituteBindings.php(41): Illuminate\Routing\Pipeline->Illuminate\Routing\{closure}(Object(Illuminate\Http\Request))
#19 C:\Users\Thorn\Desktop\epq\vendor\laravel\framework\src\Illuminate\Pipeline\Pipeline.php(148): Illuminate\Routing\Middleware\SubstituteBindings->handle(Object(Illuminate\Http\Request), Object(Closure))
#20 C:\Users\Thorn\Desktop\epq\vendor\laravel\framework\src\Illuminate\Routing\Pipeline.php(53): Illuminate\Pipeline\Pipeline->Illuminate\Pipeline\{closure}(Object(Illuminate\Http\Request))
#21 C:\Users\Thorn\Desktop\epq\vendor\laravel\framework\src\Illuminate\Foundation\Http\Middleware\VerifyCsrfToken.php(65): Illuminate\Routing\Pipeline->Illuminate\Routing\{closure}(Object(Illuminate\Http\Request))
#22 C:\Users\Thorn\Desktop\epq\vendor\laravel\framework\src\Illuminate\Pipeline\Pipeline.php(148): Illuminate\Foundation\Http\Middleware\VerifyCsrfToken->handle(Object(Illuminate\Http\Request), Object(Closure))
#23 C:\Users\Thorn\Desktop\epq\vendor\laravel\framework\src\Illuminate\Routing\Pipeline.php(53): Illuminate\Pipeline\Pipeline->Illuminate\Pipeline\{closure}(Object(Illuminate\Http\Request))
#24 C:\Users\Thorn\Desktop\epq\vendor\laravel\framework\src\Illuminate\View\Middleware\ShareErrorsFromSession.php(49): Illuminate\Routing\Pipeline->Illuminate\Routing\{closure}(Object(Illuminate\Http\Request))
#25 C:\Users\Thorn\Desktop\epq\vendor\laravel\framework\src\Illuminate\Pipeline\Pipeline.php(148): Illuminate\View\Middleware\ShareErrorsFromSession->handle(Object(Illuminate\Http\Request), Object(Closure))
#26 C:\Users\Thorn\Desktop\epq\vendor\laravel\framework\src\Illuminate\Routing\Pipeline.php(53): Illuminate\Pipeline\Pipeline->Illuminate\Pipeline\{closure}(Object(Illuminate\Http\Request))
#27 C:\Users\Thorn\Desktop\epq\vendor\laravel\framework\src\Illuminate\Session\Middleware\StartSession.php(64): Illuminate\Routing\Pipeline->Illuminate\Routing\{closure}(Object(Illuminate\Http\Request))
#28 C:\Users\Thorn\Desktop\epq\vendor\laravel\framework\src\Illuminate\Pipeline\Pipeline.php(148): Illuminate\Session\Middleware\StartSession->handle(Object(Illuminate\Http\Request), Object(Closure))
#29 C:\Users\Thorn\Desktop\epq\vendor\laravel\framework\src\Illuminate\Routing\Pipeline.php(53): Illuminate\Pipeline\Pipeline->Illuminate\Pipeline\{closure}(Object(Illuminate\Http\Request))
#30 C:\Users\Thorn\Desktop\epq\vendor\laravel\framework\src\Illuminate\Cookie\Middleware\AddQueuedCookiesToResponse.php(37): Illuminate\Routing\Pipeline->Illuminate\Routing\{closure}(Object(Illuminate\Http\Request))
#31 C:\Users\Thorn\Desktop\epq\vendor\laravel\framework\src\Illuminate\Pipeline\Pipeline.php(148): Illuminate\Cookie\Middleware\AddQueuedCookiesToResponse->handle(Object(Illuminate\Http\Request), Object(Closure))
#32 C:\Users\Thorn\Desktop\epq\vendor\laravel\framework\src\Illuminate\Routing\Pipeline.php(53): Illuminate\Pipeline\Pipeline->Illuminate\Pipeline\{closure}(Object(Illuminate\Http\Request))
#33 C:\Users\Thorn\Desktop\epq\vendor\laravel\framework\src\Illuminate\Cookie\Middleware\EncryptCookies.php(59): Illuminate\Routing\Pipeline->Illuminate\Routing\{closure}(Object(Illuminate\Http\Request))
#34 C:\Users\Thorn\Desktop\epq\vendor\laravel\framework\src\Illuminate\Pipeline\Pipeline.php(148): Illuminate\Cookie\Middleware\EncryptCookies->handle(Object(Illuminate\Http\Request), Object(Closure))
#35 C:\Users\Thorn\Desktop\epq\vendor\laravel\framework\src\Illuminate\Routing\Pipeline.php(53): Illuminate\Pipeline\Pipeline->Illuminate\Pipeline\{closure}(Object(Illuminate\Http\Request))
#36 C:\Users\Thorn\Desktop\epq\vendor\laravel\framework\src\Illuminate\Pipeline\Pipeline.php(102): Illuminate\Routing\Pipeline->Illuminate\Routing\{closure}(Object(Illuminate\Http\Request))
#37 C:\Users\Thorn\Desktop\epq\vendor\laravel\framework\src\Illuminate\Routing\Router.php(574): Illuminate\Pipeline\Pipeline->then(Object(Closure))
#38 C:\Users\Thorn\Desktop\epq\vendor\laravel\framework\src\Illuminate\Routing\Router.php(533): Illuminate\Routing\Router->runRouteWithinStack(Object(Illuminate\Routing\Route), Object(Illuminate\Http\Request))
#39 C:\Users\Thorn\Desktop\epq\vendor\laravel\framework\src\Illuminate\Routing\Router.php(511): Illuminate\Routing\Router->dispatchToRoute(Object(Illuminate\Http\Request))
#40 C:\Users\Thorn\Desktop\epq\vendor\laravel\framework\src\Illuminate\Foundation\Http\Kernel.php(176): Illuminate\Routing\Router->dispatch(Object(Illuminate\Http\Request))
#41 C:\Users\Thorn\Desktop\epq\vendor\laravel\framework\src\Illuminate\Routing\Pipeline.php(30): Illuminate\Foundation\Http\Kernel->Illuminate\Foundation\Http\{closure}(Object(Illuminate\Http\Request))
#42 C:\Users\Thorn\Desktop\epq\vendor\laravel\framework\src\Illuminate\Foundation\Http\Middleware\TransformsRequest.php(30): Illuminate\Routing\Pipeline->Illuminate\Routing\{closure}(Object(Illuminate\Http\Request))
#43 C:\Users\Thorn\Desktop\epq\vendor\laravel\framework\src\Illuminate\Pipeline\Pipeline.php(148): Illuminate\Foundation\Http\Middleware\TransformsRequest->handle(Object(Illuminate\Http\Request), Object(Closure))
#44 C:\Users\Thorn\Desktop\epq\vendor\laravel\framework\src\Illuminate\Routing\Pipeline.php(53): Illuminate\Pipeline\Pipeline->Illuminate\Pipeline\{closure}(Object(Illuminate\Http\Request))
#45 C:\Users\Thorn\Desktop\epq\vendor\laravel\framework\src\Illuminate\Foundation\Http\Middleware\TransformsRequest.php(30): Illuminate\Routing\Pipeline->Illuminate\Routing\{closure}(Object(Illuminate\Http\Request))
#46 C:\Users\Thorn\Desktop\epq\vendor\laravel\framework\src\Illuminate\Pipeline\Pipeline.php(148): Illuminate\Foundation\Http\Middleware\TransformsRequest->handle(Object(Illuminate\Http\Request), Object(Closure))
#47 C:\Users\Thorn\Desktop\epq\vendor\laravel\framework\src\Illuminate\Routing\Pipeline.php(53): Illuminate\Pipeline\Pipeline->Illuminate\Pipeline\{closure}(Object(Illuminate\Http\Request))
#48 C:\Users\Thorn\Desktop\epq\vendor\laravel\framework\src\Illuminate\Foundation\Http\Middleware\ValidatePostSize.php(27): Illuminate\Routing\Pipeline->Illuminate\Routing\{closure}(Object(Illuminate\Http\Request))
#49 C:\Users\Thorn\Desktop\epq\vendor\laravel\framework\src\Illuminate\Pipeline\Pipeline.php(148): Illuminate\Foundation\Http\Middleware\ValidatePostSize->handle(Object(Illuminate\Http\Request), Object(Closure))
#50 C:\Users\Thorn\Desktop\epq\vendor\laravel\framework\src\Illuminate\Routing\Pipeline.php(53): Illuminate\Pipeline\Pipeline->Illuminate\Pipeline\{closure}(Object(Illuminate\Http\Request))
#51 C:\Users\Thorn\Desktop\epq\vendor\laravel\framework\src\Illuminate\Foundation\Http\Middleware\CheckForMaintenanceMode.php(46): Illuminate\Routing\Pipeline->Illuminate\Routing\{closure}(Object(Illuminate\Http\Request))
#52 C:\Users\Thorn\Desktop\epq\vendor\laravel\framework\src\Illuminate\Pipeline\Pipeline.php(148): Illuminate\Foundation\Http\Middleware\CheckForMaintenanceMode->handle(Object(Illuminate\Http\Request), Object(Closure))
#53 C:\Users\Thorn\Desktop\epq\vendor\laravel\framework\src\Illuminate\Routing\Pipeline.php(53): Illuminate\Pipeline\Pipeline->Illuminate\Pipeline\{closure}(Object(Illuminate\Http\Request))
#54 C:\Users\Thorn\Desktop\epq\vendor\laravel\framework\src\Illuminate\Pipeline\Pipeline.php(102): Illuminate\Routing\Pipeline->Illuminate\Routing\{closure}(Object(Illuminate\Http\Request))
#55 C:\Users\Thorn\Desktop\epq\vendor\laravel\framework\src\Illuminate\Foundation\Http\Kernel.php(151): Illuminate\Pipeline\Pipeline->then(Object(Closure))
#56 C:\Users\Thorn\Desktop\epq\vendor\laravel\framework\src\Illuminate\Foundation\Http\Kernel.php(116): Illuminate\Foundation\Http\Kernel->sendRequestThroughRouter(Object(Illuminate\Http\Request))
#57 C:\Users\Thorn\Desktop\epq\public\index.php(54): Illuminate\Foundation\Http\Kernel->handle(Object(Illuminate\Http\Request))
#58 C:\Users\Thorn\Desktop\epq\server.php(21): require_once('C:\\Users\\Thorn\\...')
#59 {main}  
[2017-12-21 01:11:54] local.ERROR: exception 'PDOException' with message 'SQLSTATE[23000]: Integrity constraint violation: 1048 Column 'body' cannot be null' in C:\Users\Thorn\Desktop\epq\vendor\laravel\framework\src\Illuminate\Database\Connection.php:449
Stack trace:
#0 C:\Users\Thorn\Desktop\epq\vendor\laravel\framework\src\Illuminate\Database\Connection.php(449): PDOStatement->execute()
#1 C:\Users\Thorn\Desktop\epq\vendor\laravel\framework\src\Illuminate\Database\Connection.php(640): Illuminate\Database\Connection->Illuminate\Database\{closure}('insert into `qu...', Array)
#2 C:\Users\Thorn\Desktop\epq\vendor\laravel\framework\src\Illuminate\Database\Connection.php(607): Illuminate\Database\Connection->runQueryCallback('insert into `qu...', Array, Object(Closure))
#3 C:\Users\Thorn\Desktop\epq\vendor\laravel\framework\src\Illuminate\Database\Connection.php(450): Illuminate\Database\Connection->run('insert into `qu...', Array, Object(Closure))
#4 C:\Users\Thorn\Desktop\epq\vendor\laravel\framework\src\Illuminate\Database\Connection.php(404): Illuminate\Database\Connection->statement('insert into `qu...', Array)
#5 C:\Users\Thorn\Desktop\epq\vendor\laravel\framework\src\Illuminate\Database\Query\Processors\Processor.php(32): Illuminate\Database\Connection->insert('insert into `qu...', Array)
#6 C:\Users\Thorn\Desktop\epq\vendor\laravel\framework\src\Illuminate\Database\Query\Builder.php(2133): Illuminate\Database\Query\Processors\Processor->processInsertGetId(Object(Illuminate\Database\Query\Builder), 'insert into `qu...', Array, 'id')
#7 C:\Users\Thorn\Desktop\epq\vendor\laravel\framework\src\Illuminate\Database\Eloquent\Builder.php(1251): Illuminate\Database\Query\Builder->insertGetId(Array, 'id')
#8 C:\Users\Thorn\Desktop\epq\vendor\laravel\framework\src\Illuminate\Database\Eloquent\Model.php(688): Illuminate\Database\Eloquent\Builder->__call('insertGetId', Array)
#9 C:\Users\Thorn\Desktop\epq\vendor\laravel\framework\src\Illuminate\Database\Eloquent\Model.php(688): Illuminate\Database\Eloquent\Builder->insertGetId(Array, 'id')
#10 C:\Users\Thorn\Desktop\epq\vendor\laravel\framework\src\Illuminate\Database\Eloquent\Model.php(653): Illuminate\Database\Eloquent\Model->insertAndSetId(Object(Illuminate\Database\Eloquent\Builder), Array)
#11 C:\Users\Thorn\Desktop\epq\vendor\laravel\framework\src\Illuminate\Database\Eloquent\Model.php(522): Illuminate\Database\Eloquent\Model->performInsert(Object(Illuminate\Database\Eloquent\Builder))
#12 C:\Users\Thorn\Desktop\epq\app\Http\Controllers\create.php(20): Illuminate\Database\Eloquent\Model->save()
#13 [internal function]: App\Http\Controllers\create->post()
#14 C:\Users\Thorn\Desktop\epq\vendor\laravel\framework\src\Illuminate\Routing\Controller.php(55): call_user_func_array(Array, Array)
#15 C:\Users\Thorn\Desktop\epq\vendor\laravel\framework\src\Illuminate\Routing\ControllerDispatcher.php(44): Illuminate\Routing\Controller->callAction('post', Array)
#16 C:\Users\Thorn\Desktop\epq\vendor\laravel\framework\src\Illuminate\Routing\Route.php(204): Illuminate\Routing\ControllerDispatcher->dispatch(Object(Illuminate\Routing\Route), Object(App\Http\Controllers\create), 'post')
#17 C:\Users\Thorn\Desktop\epq\vendor\laravel\framework\src\Illuminate\Routing\Route.php(160): Illuminate\Routing\Route->runController()
#18 C:\Users\Thorn\Desktop\epq\vendor\laravel\framework\src\Illuminate\Routing\Router.php(572): Illuminate\Routing\Route->run()
#19 C:\Users\Thorn\Desktop\epq\vendor\laravel\framework\src\Illuminate\Routing\Pipeline.php(30): Illuminate\Routing\Router->Illuminate\Routing\{closure}(Object(Illuminate\Http\Request))
#20 C:\Users\Thorn\Desktop\epq\vendor\laravel\framework\src\Illuminate\Routing\Middleware\SubstituteBindings.php(41): Illuminate\Routing\Pipeline->Illuminate\Routing\{closure}(Object(Illuminate\Http\Request))
#21 C:\Users\Thorn\Desktop\epq\vendor\laravel\framework\src\Illuminate\Pipeline\Pipeline.php(148): Illuminate\Routing\Middleware\SubstituteBindings->handle(Object(Illuminate\Http\Request), Object(Closure))
#22 C:\Users\Thorn\Desktop\epq\vendor\laravel\framework\src\Illuminate\Routing\Pipeline.php(53): Illuminate\Pipeline\Pipeline->Illuminate\Pipeline\{closure}(Object(Illuminate\Http\Request))
#23 C:\Users\Thorn\Desktop\epq\vendor\laravel\framework\src\Illuminate\Foundation\Http\Middleware\VerifyCsrfToken.php(65): Illuminate\Routing\Pipeline->Illuminate\Routing\{closure}(Object(Illuminate\Http\Request))
#24 C:\Users\Thorn\Desktop\epq\vendor\laravel\framework\src\Illuminate\Pipeline\Pipeline.php(148): Illuminate\Foundation\Http\Middleware\VerifyCsrfToken->handle(Object(Illuminate\Http\Request), Object(Closure))
#25 C:\Users\Thorn\Desktop\epq\vendor\laravel\framework\src\Illuminate\Routing\Pipeline.php(53): Illuminate\Pipeline\Pipeline->Illuminate\Pipeline\{closure}(Object(Illuminate\Http\Request))
#26 C:\Users\Thorn\Desktop\epq\vendor\laravel\framework\src\Illuminate\View\Middleware\ShareErrorsFromSession.php(49): Illuminate\Routing\Pipeline->Illuminate\Routing\{closure}(Object(Illuminate\Http\Request))
#27 C:\Users\Thorn\Desktop\epq\vendor\laravel\framework\src\Illuminate\Pipeline\Pipeline.php(148): Illuminate\View\Middleware\ShareErrorsFromSession->handle(Object(Illuminate\Http\Request), Object(Closure))
#28 C:\Users\Thorn\Desktop\epq\vendor\laravel\framework\src\Illuminate\Routing\Pipeline.php(53): Illuminate\Pipeline\Pipeline->Illuminate\Pipeline\{closure}(Object(Illuminate\Http\Request))
#29 C:\Users\Thorn\Desktop\epq\vendor\laravel\framework\src\Illuminate\Session\Middleware\StartSession.php(64): Illuminate\Routing\Pipeline->Illuminate\Routing\{closure}(Object(Illuminate\Http\Request))
#30 C:\Users\Thorn\Desktop\epq\vendor\laravel\framework\src\Illuminate\Pipeline\Pipeline.php(148): Illuminate\Session\Middleware\StartSession->handle(Object(Illuminate\Http\Request), Object(Closure))
#31 C:\Users\Thorn\Desktop\epq\vendor\laravel\framework\src\Illuminate\Routing\Pipeline.php(53): Illuminate\Pipeline\Pipeline->Illuminate\Pipeline\{closure}(Object(Illuminate\Http\Request))
#32 C:\Users\Thorn\Desktop\epq\vendor\laravel\framework\src\Illuminate\Cookie\Middleware\AddQueuedCookiesToResponse.php(37): Illuminate\Routing\Pipeline->Illuminate\Routing\{closure}(Object(Illuminate\Http\Request))
#33 C:\Users\Thorn\Desktop\epq\vendor\laravel\framework\src\Illuminate\Pipeline\Pipeline.php(148): Illuminate\Cookie\Middleware\AddQueuedCookiesToResponse->handle(Object(Illuminate\Http\Request), Object(Closure))
#34 C:\Users\Thorn\Desktop\epq\vendor\laravel\framework\src\Illuminate\Routing\Pipeline.php(53): Illuminate\Pipeline\Pipeline->Illuminate\Pipeline\{closure}(Object(Illuminate\Http\Request))
#35 C:\Users\Thorn\Desktop\epq\vendor\laravel\framework\src\Illuminate\Cookie\Middleware\EncryptCookies.php(59): Illuminate\Routing\Pipeline->Illuminate\Routing\{closure}(Object(Illuminate\Http\Request))
#36 C:\Users\Thorn\Desktop\epq\vendor\laravel\framework\src\Illuminate\Pipeline\Pipeline.php(148): Illuminate\Cookie\Middleware\EncryptCookies->handle(Object(Illuminate\Http\Request), Object(Closure))
#37 C:\Users\Thorn\Desktop\epq\vendor\laravel\framework\src\Illuminate\Routing\Pipeline.php(53): Illuminate\Pipeline\Pipeline->Illuminate\Pipeline\{closure}(Object(Illuminate\Http\Request))
#38 C:\Users\Thorn\Desktop\epq\vendor\laravel\framework\src\Illuminate\Pipeline\Pipeline.php(102): Illuminate\Routing\Pipeline->Illuminate\Routing\{closure}(Object(Illuminate\Http\Request))
#39 C:\Users\Thorn\Desktop\epq\vendor\laravel\framework\src\Illuminate\Routing\Router.php(574): Illuminate\Pipeline\Pipeline->then(Object(Closure))
#40 C:\Users\Thorn\Desktop\epq\vendor\laravel\framework\src\Illuminate\Routing\Router.php(533): Illuminate\Routing\Router->runRouteWithinStack(Object(Illuminate\Routing\Route), Object(Illuminate\Http\Request))
#41 C:\Users\Thorn\Desktop\epq\vendor\laravel\framework\src\Illuminate\Routing\Router.php(511): Illuminate\Routing\Router->dispatchToRoute(Object(Illuminate\Http\Request))
#42 C:\Users\Thorn\Desktop\epq\vendor\laravel\framework\src\Illuminate\Foundation\Http\Kernel.php(176): Illuminate\Routing\Router->dispatch(Object(Illuminate\Http\Request))
#43 C:\Users\Thorn\Desktop\epq\vendor\laravel\framework\src\Illuminate\Routing\Pipeline.php(30): Illuminate\Foundation\Http\Kernel->Illuminate\Foundation\Http\{closure}(Object(Illuminate\Http\Request))
#44 C:\Users\Thorn\Desktop\epq\vendor\laravel\framework\src\Illuminate\Foundation\Http\Middleware\TransformsRequest.php(30): Illuminate\Routing\Pipeline->Illuminate\Routing\{closure}(Object(Illuminate\Http\Request))
#45 C:\Users\Thorn\Desktop\epq\vendor\laravel\framework\src\Illuminate\Pipeline\Pipeline.php(148): Illuminate\Foundation\Http\Middleware\TransformsRequest->handle(Object(Illuminate\Http\Request), Object(Closure))
#46 C:\Users\Thorn\Desktop\epq\vendor\laravel\framework\src\Illuminate\Routing\Pipeline.php(53): Illuminate\Pipeline\Pipeline->Illuminate\Pipeline\{closure}(Object(Illuminate\Http\Request))
#47 C:\Users\Thorn\Desktop\epq\vendor\laravel\framework\src\Illuminate\Foundation\Http\Middleware\TransformsRequest.php(30): Illuminate\Routing\Pipeline->Illuminate\Routing\{closure}(Object(Illuminate\Http\Request))
#48 C:\Users\Thorn\Desktop\epq\vendor\laravel\framework\src\Illuminate\Pipeline\Pipeline.php(148): Illuminate\Foundation\Http\Middleware\TransformsRequest->handle(Object(Illuminate\Http\Request), Object(Closure))
#49 C:\Users\Thorn\Desktop\epq\vendor\laravel\framework\src\Illuminate\Routing\Pipeline.php(53): Illuminate\Pipeline\Pipeline->Illuminate\Pipeline\{closure}(Object(Illuminate\Http\Request))
#50 C:\Users\Thorn\Desktop\epq\vendor\laravel\framework\src\Illuminate\Foundation\Http\Middleware\ValidatePostSize.php(27): Illuminate\Routing\Pipeline->Illuminate\Routing\{closure}(Object(Illuminate\Http\Request))
#51 C:\Users\Thorn\Desktop\epq\vendor\laravel\framework\src\Illuminate\Pipeline\Pipeline.php(148): Illuminate\Foundation\Http\Middleware\ValidatePostSize->handle(Object(Illuminate\Http\Request), Object(Closure))
#52 C:\Users\Thorn\Desktop\epq\vendor\laravel\framework\src\Illuminate\Routing\Pipeline.php(53): Illuminate\Pipeline\Pipeline->Illuminate\Pipeline\{closure}(Object(Illuminate\Http\Request))
#53 C:\Users\Thorn\Desktop\epq\vendor\laravel\framework\src\Illuminate\Foundation\Http\Middleware\CheckForMaintenanceMode.php(46): Illuminate\Routing\Pipeline->Illuminate\Routing\{closure}(Object(Illuminate\Http\Request))
#54 C:\Users\Thorn\Desktop\epq\vendor\laravel\framework\src\Illuminate\Pipeline\Pipeline.php(148): Illuminate\Foundation\Http\Middleware\CheckForMaintenanceMode->handle(Object(Illuminate\Http\Request), Object(Closure))
#55 C:\Users\Thorn\Desktop\epq\vendor\laravel\framework\src\Illuminate\Routing\Pipeline.php(53): Illuminate\Pipeline\Pipeline->Illuminate\Pipeline\{closure}(Object(Illuminate\Http\Request))
#56 C:\Users\Thorn\Desktop\epq\vendor\laravel\framework\src\Illuminate\Pipeline\Pipeline.php(102): Illuminate\Routing\Pipeline->Illuminate\Routing\{closure}(Object(Illuminate\Http\Request))
#57 C:\Users\Thorn\Desktop\epq\vendor\laravel\framework\src\Illuminate\Foundation\Http\Kernel.php(151): Illuminate\Pipeline\Pipeline->then(Object(Closure))
#58 C:\Users\Thorn\Desktop\epq\vendor\laravel\framework\src\Illuminate\Foundation\Http\Kernel.php(116): Illuminate\Foundation\Http\Kernel->sendRequestThroughRouter(Object(Illuminate\Http\Request))
#59 C:\Users\Thorn\Desktop\epq\public\index.php(54): Illuminate\Foundation\Http\Kernel->handle(Object(Illuminate\Http\Request))
#60 C:\Users\Thorn\Desktop\epq\server.php(21): require_once('C:\\Users\\Thorn\\...')
#61 {main}

Next exception 'Illuminate\Database\QueryException' with message 'SQLSTATE[23000]: Integrity constraint violation: 1048 Column 'body' cannot be null (SQL: insert into `questions` (`body`, `key`, `updated_at`, `created_at`) values (, AD45KKLMN, 2017-12-21 01:11:54, 2017-12-21 01:11:54))' in C:\Users\Thorn\Desktop\epq\vendor\laravel\framework\src\Illuminate\Database\Connection.php:647
Stack trace:
#0 C:\Users\Thorn\Desktop\epq\vendor\laravel\framework\src\Illuminate\Database\Connection.php(607): Illuminate\Database\Connection->runQueryCallback('insert into `qu...', Array, Object(Closure))
#1 C:\Users\Thorn\Desktop\epq\vendor\laravel\framework\src\Illuminate\Database\Connection.php(450): Illuminate\Database\Connection->run('insert into `qu...', Array, Object(Closure))
#2 C:\Users\Thorn\Desktop\epq\vendor\laravel\framework\src\Illuminate\Database\Connection.php(404): Illuminate\Database\Connection->statement('insert into `qu...', Array)
#3 C:\Users\Thorn\Desktop\epq\vendor\laravel\framework\src\Illuminate\Database\Query\Processors\Processor.php(32): Illuminate\Database\Connection->insert('insert into `qu...', Array)
#4 C:\Users\Thorn\Desktop\epq\vendor\laravel\framework\src\Illuminate\Database\Query\Builder.php(2133): Illuminate\Database\Query\Processors\Processor->processInsertGetId(Object(Illuminate\Database\Query\Builder), 'insert into `qu...', Array, 'id')
#5 C:\Users\Thorn\Desktop\epq\vendor\laravel\framework\src\Illuminate\Database\Eloquent\Builder.php(1251): Illuminate\Database\Query\Builder->insertGetId(Array, 'id')
#6 C:\Users\Thorn\Desktop\epq\vendor\laravel\framework\src\Illuminate\Database\Eloquent\Model.php(688): Illuminate\Database\Eloquent\Builder->__call('insertGetId', Array)
#7 C:\Users\Thorn\Desktop\epq\vendor\laravel\framework\src\Illuminate\Database\Eloquent\Model.php(688): Illuminate\Database\Eloquent\Builder->insertGetId(Array, 'id')
#8 C:\Users\Thorn\Desktop\epq\vendor\laravel\framework\src\Illuminate\Database\Eloquent\Model.php(653): Illuminate\Database\Eloquent\Model->insertAndSetId(Object(Illuminate\Database\Eloquent\Builder), Array)
#9 C:\Users\Thorn\Desktop\epq\vendor\laravel\framework\src\Illuminate\Database\Eloquent\Model.php(522): Illuminate\Database\Eloquent\Model->performInsert(Object(Illuminate\Database\Eloquent\Builder))
#10 C:\Users\Thorn\Desktop\epq\app\Http\Controllers\create.php(20): Illuminate\Database\Eloquent\Model->save()
#11 [internal function]: App\Http\Controllers\create->post()
#12 C:\Users\Thorn\Desktop\epq\vendor\laravel\framework\src\Illuminate\Routing\Controller.php(55): call_user_func_array(Array, Array)
#13 C:\Users\Thorn\Desktop\epq\vendor\laravel\framework\src\Illuminate\Routing\ControllerDispatcher.php(44): Illuminate\Routing\Controller->callAction('post', Array)
#14 C:\Users\Thorn\Desktop\epq\vendor\laravel\framework\src\Illuminate\Routing\Route.php(204): Illuminate\Routing\ControllerDispatcher->dispatch(Object(Illuminate\Routing\Route), Object(App\Http\Controllers\create), 'post')
#15 C:\Users\Thorn\Desktop\epq\vendor\laravel\framework\src\Illuminate\Routing\Route.php(160): Illuminate\Routing\Route->runController()
#16 C:\Users\Thorn\Desktop\epq\vendor\laravel\framework\src\Illuminate\Routing\Router.php(572): Illuminate\Routing\Route->run()
#17 C:\Users\Thorn\Desktop\epq\vendor\laravel\framework\src\Illuminate\Routing\Pipeline.php(30): Illuminate\Routing\Router->Illuminate\Routing\{closure}(Object(Illuminate\Http\Request))
#18 C:\Users\Thorn\Desktop\epq\vendor\laravel\framework\src\Illuminate\Routing\Middleware\SubstituteBindings.php(41): Illuminate\Routing\Pipeline->Illuminate\Routing\{closure}(Object(Illuminate\Http\Request))
#19 C:\Users\Thorn\Desktop\epq\vendor\laravel\framework\src\Illuminate\Pipeline\Pipeline.php(148): Illuminate\Routing\Middleware\SubstituteBindings->handle(Object(Illuminate\Http\Request), Object(Closure))
#20 C:\Users\Thorn\Desktop\epq\vendor\laravel\framework\src\Illuminate\Routing\Pipeline.php(53): Illuminate\Pipeline\Pipeline->Illuminate\Pipeline\{closure}(Object(Illuminate\Http\Request))
#21 C:\Users\Thorn\Desktop\epq\vendor\laravel\framework\src\Illuminate\Foundation\Http\Middleware\VerifyCsrfToken.php(65): Illuminate\Routing\Pipeline->Illuminate\Routing\{closure}(Object(Illuminate\Http\Request))
#22 C:\Users\Thorn\Desktop\epq\vendor\laravel\framework\src\Illuminate\Pipeline\Pipeline.php(148): Illuminate\Foundation\Http\Middleware\VerifyCsrfToken->handle(Object(Illuminate\Http\Request), Object(Closure))
#23 C:\Users\Thorn\Desktop\epq\vendor\laravel\framework\src\Illuminate\Routing\Pipeline.php(53): Illuminate\Pipeline\Pipeline->Illuminate\Pipeline\{closure}(Object(Illuminate\Http\Request))
#24 C:\Users\Thorn\Desktop\epq\vendor\laravel\framework\src\Illuminate\View\Middleware\ShareErrorsFromSession.php(49): Illuminate\Routing\Pipeline->Illuminate\Routing\{closure}(Object(Illuminate\Http\Request))
#25 C:\Users\Thorn\Desktop\epq\vendor\laravel\framework\src\Illuminate\Pipeline\Pipeline.php(148): Illuminate\View\Middleware\ShareErrorsFromSession->handle(Object(Illuminate\Http\Request), Object(Closure))
#26 C:\Users\Thorn\Desktop\epq\vendor\laravel\framework\src\Illuminate\Routing\Pipeline.php(53): Illuminate\Pipeline\Pipeline->Illuminate\Pipeline\{closure}(Object(Illuminate\Http\Request))
#27 C:\Users\Thorn\Desktop\epq\vendor\laravel\framework\src\Illuminate\Session\Middleware\StartSession.php(64): Illuminate\Routing\Pipeline->Illuminate\Routing\{closure}(Object(Illuminate\Http\Request))
#28 C:\Users\Thorn\Desktop\epq\vendor\laravel\framework\src\Illuminate\Pipeline\Pipeline.php(148): Illuminate\Session\Middleware\StartSession->handle(Object(Illuminate\Http\Request), Object(Closure))
#29 C:\Users\Thorn\Desktop\epq\vendor\laravel\framework\src\Illuminate\Routing\Pipeline.php(53): Illuminate\Pipeline\Pipeline->Illuminate\Pipeline\{closure}(Object(Illuminate\Http\Request))
#30 C:\Users\Thorn\Desktop\epq\vendor\laravel\framework\src\Illuminate\Cookie\Middleware\AddQueuedCookiesToResponse.php(37): Illuminate\Routing\Pipeline->Illuminate\Routing\{closure}(Object(Illuminate\Http\Request))
#31 C:\Users\Thorn\Desktop\epq\vendor\laravel\framework\src\Illuminate\Pipeline\Pipeline.php(148): Illuminate\Cookie\Middleware\AddQueuedCookiesToResponse->handle(Object(Illuminate\Http\Request), Object(Closure))
#32 C:\Users\Thorn\Desktop\epq\vendor\laravel\framework\src\Illuminate\Routing\Pipeline.php(53): Illuminate\Pipeline\Pipeline->Illuminate\Pipeline\{closure}(Object(Illuminate\Http\Request))
#33 C:\Users\Thorn\Desktop\epq\vendor\laravel\framework\src\Illuminate\Cookie\Middleware\EncryptCookies.php(59): Illuminate\Routing\Pipeline->Illuminate\Routing\{closure}(Object(Illuminate\Http\Request))
#34 C:\Users\Thorn\Desktop\epq\vendor\laravel\framework\src\Illuminate\Pipeline\Pipeline.php(148): Illuminate\Cookie\Middleware\EncryptCookies->handle(Object(Illuminate\Http\Request), Object(Closure))
#35 C:\Users\Thorn\Desktop\epq\vendor\laravel\framework\src\Illuminate\Routing\Pipeline.php(53): Illuminate\Pipeline\Pipeline->Illuminate\Pipeline\{closure}(Object(Illuminate\Http\Request))
#36 C:\Users\Thorn\Desktop\epq\vendor\laravel\framework\src\Illuminate\Pipeline\Pipeline.php(102): Illuminate\Routing\Pipeline->Illuminate\Routing\{closure}(Object(Illuminate\Http\Request))
#37 C:\Users\Thorn\Desktop\epq\vendor\laravel\framework\src\Illuminate\Routing\Router.php(574): Illuminate\Pipeline\Pipeline->then(Object(Closure))
#38 C:\Users\Thorn\Desktop\epq\vendor\laravel\framework\src\Illuminate\Routing\Router.php(533): Illuminate\Routing\Router->runRouteWithinStack(Object(Illuminate\Routing\Route), Object(Illuminate\Http\Request))
#39 C:\Users\Thorn\Desktop\epq\vendor\laravel\framework\src\Illuminate\Routing\Router.php(511): Illuminate\Routing\Router->dispatchToRoute(Object(Illuminate\Http\Request))
#40 C:\Users\Thorn\Desktop\epq\vendor\laravel\framework\src\Illuminate\Foundation\Http\Kernel.php(176): Illuminate\Routing\Router->dispatch(Object(Illuminate\Http\Request))
#41 C:\Users\Thorn\Desktop\epq\vendor\laravel\framework\src\Illuminate\Routing\Pipeline.php(30): Illuminate\Foundation\Http\Kernel->Illuminate\Foundation\Http\{closure}(Object(Illuminate\Http\Request))
#42 C:\Users\Thorn\Desktop\epq\vendor\laravel\framework\src\Illuminate\Foundation\Http\Middleware\TransformsRequest.php(30): Illuminate\Routing\Pipeline->Illuminate\Routing\{closure}(Object(Illuminate\Http\Request))
#43 C:\Users\Thorn\Desktop\epq\vendor\laravel\framework\src\Illuminate\Pipeline\Pipeline.php(148): Illuminate\Foundation\Http\Middleware\TransformsRequest->handle(Object(Illuminate\Http\Request), Object(Closure))
#44 C:\Users\Thorn\Desktop\epq\vendor\laravel\framework\src\Illuminate\Routing\Pipeline.php(53): Illuminate\Pipeline\Pipeline->Illuminate\Pipeline\{closure}(Object(Illuminate\Http\Request))
#45 C:\Users\Thorn\Desktop\epq\vendor\laravel\framework\src\Illuminate\Foundation\Http\Middleware\TransformsRequest.php(30): Illuminate\Routing\Pipeline->Illuminate\Routing\{closure}(Object(Illuminate\Http\Request))
#46 C:\Users\Thorn\Desktop\epq\vendor\laravel\framework\src\Illuminate\Pipeline\Pipeline.php(148): Illuminate\Foundation\Http\Middleware\TransformsRequest->handle(Object(Illuminate\Http\Request), Object(Closure))
#47 C:\Users\Thorn\Desktop\epq\vendor\laravel\framework\src\Illuminate\Routing\Pipeline.php(53): Illuminate\Pipeline\Pipeline->Illuminate\Pipeline\{closure}(Object(Illuminate\Http\Request))
#48 C:\Users\Thorn\Desktop\epq\vendor\laravel\framework\src\Illuminate\Foundation\Http\Middleware\ValidatePostSize.php(27): Illuminate\Routing\Pipeline->Illuminate\Routing\{closure}(Object(Illuminate\Http\Request))
#49 C:\Users\Thorn\Desktop\epq\vendor\laravel\framework\src\Illuminate\Pipeline\Pipeline.php(148): Illuminate\Foundation\Http\Middleware\ValidatePostSize->handle(Object(Illuminate\Http\Request), Object(Closure))
#50 C:\Users\Thorn\Desktop\epq\vendor\laravel\framework\src\Illuminate\Routing\Pipeline.php(53): Illuminate\Pipeline\Pipeline->Illuminate\Pipeline\{closure}(Object(Illuminate\Http\Request))
#51 C:\Users\Thorn\Desktop\epq\vendor\laravel\framework\src\Illuminate\Foundation\Http\Middleware\CheckForMaintenanceMode.php(46): Illuminate\Routing\Pipeline->Illuminate\Routing\{closure}(Object(Illuminate\Http\Request))
#52 C:\Users\Thorn\Desktop\epq\vendor\laravel\framework\src\Illuminate\Pipeline\Pipeline.php(148): Illuminate\Foundation\Http\Middleware\CheckForMaintenanceMode->handle(Object(Illuminate\Http\Request), Object(Closure))
#53 C:\Users\Thorn\Desktop\epq\vendor\laravel\framework\src\Illuminate\Routing\Pipeline.php(53): Illuminate\Pipeline\Pipeline->Illuminate\Pipeline\{closure}(Object(Illuminate\Http\Request))
#54 C:\Users\Thorn\Desktop\epq\vendor\laravel\framework\src\Illuminate\Pipeline\Pipeline.php(102): Illuminate\Routing\Pipeline->Illuminate\Routing\{closure}(Object(Illuminate\Http\Request))
#55 C:\Users\Thorn\Desktop\epq\vendor\laravel\framework\src\Illuminate\Foundation\Http\Kernel.php(151): Illuminate\Pipeline\Pipeline->then(Object(Closure))
#56 C:\Users\Thorn\Desktop\epq\vendor\laravel\framework\src\Illuminate\Foundation\Http\Kernel.php(116): Illuminate\Foundation\Http\Kernel->sendRequestThroughRouter(Object(Illuminate\Http\Request))
#57 C:\Users\Thorn\Desktop\epq\public\index.php(54): Illuminate\Foundation\Http\Kernel->handle(Object(Illuminate\Http\Request))
#58 C:\Users\Thorn\Desktop\epq\server.php(21): require_once('C:\\Users\\Thorn\\...')
#59 {main}  
[2017-12-21 21:52:19] local.ERROR: exception 'ErrorException' with message 'Undefined variable: question' in C:\Users\Thorn\Desktop\epq\app\Http\Controllers\create.php:32
Stack trace:
#0 C:\Users\Thorn\Desktop\epq\app\Http\Controllers\create.php(32): Illuminate\Foundation\Bootstrap\HandleExceptions->handleError(8, 'Undefined varia...', 'C:\\Users\\Thorn\\...', 32, Array)
#1 [internal function]: App\Http\Controllers\create->store(Object(Illuminate\Http\Request))
#2 C:\Users\Thorn\Desktop\epq\vendor\laravel\framework\src\Illuminate\Routing\Controller.php(55): call_user_func_array(Array, Array)
#3 C:\Users\Thorn\Desktop\epq\vendor\laravel\framework\src\Illuminate\Routing\ControllerDispatcher.php(44): Illuminate\Routing\Controller->callAction('store', Array)
#4 C:\Users\Thorn\Desktop\epq\vendor\laravel\framework\src\Illuminate\Routing\Route.php(204): Illuminate\Routing\ControllerDispatcher->dispatch(Object(Illuminate\Routing\Route), Object(App\Http\Controllers\create), 'store')
#5 C:\Users\Thorn\Desktop\epq\vendor\laravel\framework\src\Illuminate\Routing\Route.php(160): Illuminate\Routing\Route->runController()
#6 C:\Users\Thorn\Desktop\epq\vendor\laravel\framework\src\Illuminate\Routing\Router.php(572): Illuminate\Routing\Route->run()
#7 C:\Users\Thorn\Desktop\epq\vendor\laravel\framework\src\Illuminate\Routing\Pipeline.php(30): Illuminate\Routing\Router->Illuminate\Routing\{closure}(Object(Illuminate\Http\Request))
#8 C:\Users\Thorn\Desktop\epq\vendor\laravel\framework\src\Illuminate\Routing\Middleware\SubstituteBindings.php(41): Illuminate\Routing\Pipeline->Illuminate\Routing\{closure}(Object(Illuminate\Http\Request))
#9 C:\Users\Thorn\Desktop\epq\vendor\laravel\framework\src\Illuminate\Pipeline\Pipeline.php(148): Illuminate\Routing\Middleware\SubstituteBindings->handle(Object(Illuminate\Http\Request), Object(Closure))
#10 C:\Users\Thorn\Desktop\epq\vendor\laravel\framework\src\Illuminate\Routing\Pipeline.php(53): Illuminate\Pipeline\Pipeline->Illuminate\Pipeline\{closure}(Object(Illuminate\Http\Request))
#11 C:\Users\Thorn\Desktop\epq\vendor\laravel\framework\src\Illuminate\Foundation\Http\Middleware\VerifyCsrfToken.php(65): Illuminate\Routing\Pipeline->Illuminate\Routing\{closure}(Object(Illuminate\Http\Request))
#12 C:\Users\Thorn\Desktop\epq\vendor\laravel\framework\src\Illuminate\Pipeline\Pipeline.php(148): Illuminate\Foundation\Http\Middleware\VerifyCsrfToken->handle(Object(Illuminate\Http\Request), Object(Closure))
#13 C:\Users\Thorn\Desktop\epq\vendor\laravel\framework\src\Illuminate\Routing\Pipeline.php(53): Illuminate\Pipeline\Pipeline->Illuminate\Pipeline\{closure}(Object(Illuminate\Http\Request))
#14 C:\Users\Thorn\Desktop\epq\vendor\laravel\framework\src\Illuminate\View\Middleware\ShareErrorsFromSession.php(49): Illuminate\Routing\Pipeline->Illuminate\Routing\{closure}(Object(Illuminate\Http\Request))
#15 C:\Users\Thorn\Desktop\epq\vendor\laravel\framework\src\Illuminate\Pipeline\Pipeline.php(148): Illuminate\View\Middleware\ShareErrorsFromSession->handle(Object(Illuminate\Http\Request), Object(Closure))
#16 C:\Users\Thorn\Desktop\epq\vendor\laravel\framework\src\Illuminate\Routing\Pipeline.php(53): Illuminate\Pipeline\Pipeline->Illuminate\Pipeline\{closure}(Object(Illuminate\Http\Request))
#17 C:\Users\Thorn\Desktop\epq\vendor\laravel\framework\src\Illuminate\Session\Middleware\StartSession.php(64): Illuminate\Routing\Pipeline->Illuminate\Routing\{closure}(Object(Illuminate\Http\Request))
#18 C:\Users\Thorn\Desktop\epq\vendor\laravel\framework\src\Illuminate\Pipeline\Pipeline.php(148): Illuminate\Session\Middleware\StartSession->handle(Object(Illuminate\Http\Request), Object(Closure))
#19 C:\Users\Thorn\Desktop\epq\vendor\laravel\framework\src\Illuminate\Routing\Pipeline.php(53): Illuminate\Pipeline\Pipeline->Illuminate\Pipeline\{closure}(Object(Illuminate\Http\Request))
#20 C:\Users\Thorn\Desktop\epq\vendor\laravel\framework\src\Illuminate\Cookie\Middleware\AddQueuedCookiesToResponse.php(37): Illuminate\Routing\Pipeline->Illuminate\Routing\{closure}(Object(Illuminate\Http\Request))
#21 C:\Users\Thorn\Desktop\epq\vendor\laravel\framework\src\Illuminate\Pipeline\Pipeline.php(148): Illuminate\Cookie\Middleware\AddQueuedCookiesToResponse->handle(Object(Illuminate\Http\Request), Object(Closure))
#22 C:\Users\Thorn\Desktop\epq\vendor\laravel\framework\src\Illuminate\Routing\Pipeline.php(53): Illuminate\Pipeline\Pipeline->Illuminate\Pipeline\{closure}(Object(Illuminate\Http\Request))
#23 C:\Users\Thorn\Desktop\epq\vendor\laravel\framework\src\Illuminate\Cookie\Middleware\EncryptCookies.php(59): Illuminate\Routing\Pipeline->Illuminate\Routing\{closure}(Object(Illuminate\Http\Request))
#24 C:\Users\Thorn\Desktop\epq\vendor\laravel\framework\src\Illuminate\Pipeline\Pipeline.php(148): Illuminate\Cookie\Middleware\EncryptCookies->handle(Object(Illuminate\Http\Request), Object(Closure))
#25 C:\Users\Thorn\Desktop\epq\vendor\laravel\framework\src\Illuminate\Routing\Pipeline.php(53): Illuminate\Pipeline\Pipeline->Illuminate\Pipeline\{closure}(Object(Illuminate\Http\Request))
#26 C:\Users\Thorn\Desktop\epq\vendor\laravel\framework\src\Illuminate\Pipeline\Pipeline.php(102): Illuminate\Routing\Pipeline->Illuminate\Routing\{closure}(Object(Illuminate\Http\Request))
#27 C:\Users\Thorn\Desktop\epq\vendor\laravel\framework\src\Illuminate\Routing\Router.php(574): Illuminate\Pipeline\Pipeline->then(Object(Closure))
#28 C:\Users\Thorn\Desktop\epq\vendor\laravel\framework\src\Illuminate\Routing\Router.php(533): Illuminate\Routing\Router->runRouteWithinStack(Object(Illuminate\Routing\Route), Object(Illuminate\Http\Request))
#29 C:\Users\Thorn\Desktop\epq\vendor\laravel\framework\src\Illuminate\Routing\Router.php(511): Illuminate\Routing\Router->dispatchToRoute(Object(Illuminate\Http\Request))
#30 C:\Users\Thorn\Desktop\epq\vendor\laravel\framework\src\Illuminate\Foundation\Http\Kernel.php(176): Illuminate\Routing\Router->dispatch(Object(Illuminate\Http\Request))
#31 C:\Users\Thorn\Desktop\epq\vendor\laravel\framework\src\Illuminate\Routing\Pipeline.php(30): Illuminate\Foundation\Http\Kernel->Illuminate\Foundation\Http\{closure}(Object(Illuminate\Http\Request))
#32 C:\Users\Thorn\Desktop\epq\vendor\laravel\framework\src\Illuminate\Foundation\Http\Middleware\TransformsRequest.php(30): Illuminate\Routing\Pipeline->Illuminate\Routing\{closure}(Object(Illuminate\Http\Request))
#33 C:\Users\Thorn\Desktop\epq\vendor\laravel\framework\src\Illuminate\Pipeline\Pipeline.php(148): Illuminate\Foundation\Http\Middleware\TransformsRequest->handle(Object(Illuminate\Http\Request), Object(Closure))
#34 C:\Users\Thorn\Desktop\epq\vendor\laravel\framework\src\Illuminate\Routing\Pipeline.php(53): Illuminate\Pipeline\Pipeline->Illuminate\Pipeline\{closure}(Object(Illuminate\Http\Request))
#35 C:\Users\Thorn\Desktop\epq\vendor\laravel\framework\src\Illuminate\Foundation\Http\Middleware\TransformsRequest.php(30): Illuminate\Routing\Pipeline->Illuminate\Routing\{closure}(Object(Illuminate\Http\Request))
#36 C:\Users\Thorn\Desktop\epq\vendor\laravel\framework\src\Illuminate\Pipeline\Pipeline.php(148): Illuminate\Foundation\Http\Middleware\TransformsRequest->handle(Object(Illuminate\Http\Request), Object(Closure))
#37 C:\Users\Thorn\Desktop\epq\vendor\laravel\framework\src\Illuminate\Routing\Pipeline.php(53): Illuminate\Pipeline\Pipeline->Illuminate\Pipeline\{closure}(Object(Illuminate\Http\Request))
#38 C:\Users\Thorn\Desktop\epq\vendor\laravel\framework\src\Illuminate\Foundation\Http\Middleware\ValidatePostSize.php(27): Illuminate\Routing\Pipeline->Illuminate\Routing\{closure}(Object(Illuminate\Http\Request))
#39 C:\Users\Thorn\Desktop\epq\vendor\laravel\framework\src\Illuminate\Pipeline\Pipeline.php(148): Illuminate\Foundation\Http\Middleware\ValidatePostSize->handle(Object(Illuminate\Http\Request), Object(Closure))
#40 C:\Users\Thorn\Desktop\epq\vendor\laravel\framework\src\Illuminate\Routing\Pipeline.php(53): Illuminate\Pipeline\Pipeline->Illuminate\Pipeline\{closure}(Object(Illuminate\Http\Request))
#41 C:\Users\Thorn\Desktop\epq\vendor\laravel\framework\src\Illuminate\Foundation\Http\Middleware\CheckForMaintenanceMode.php(46): Illuminate\Routing\Pipeline->Illuminate\Routing\{closure}(Object(Illuminate\Http\Request))
#42 C:\Users\Thorn\Desktop\epq\vendor\laravel\framework\src\Illuminate\Pipeline\Pipeline.php(148): Illuminate\Foundation\Http\Middleware\CheckForMaintenanceMode->handle(Object(Illuminate\Http\Request), Object(Closure))
#43 C:\Users\Thorn\Desktop\epq\vendor\laravel\framework\src\Illuminate\Routing\Pipeline.php(53): Illuminate\Pipeline\Pipeline->Illuminate\Pipeline\{closure}(Object(Illuminate\Http\Request))
#44 C:\Users\Thorn\Desktop\epq\vendor\laravel\framework\src\Illuminate\Pipeline\Pipeline.php(102): Illuminate\Routing\Pipeline->Illuminate\Routing\{closure}(Object(Illuminate\Http\Request))
#45 C:\Users\Thorn\Desktop\epq\vendor\laravel\framework\src\Illuminate\Foundation\Http\Kernel.php(151): Illuminate\Pipeline\Pipeline->then(Object(Closure))
#46 C:\Users\Thorn\Desktop\epq\vendor\laravel\framework\src\Illuminate\Foundation\Http\Kernel.php(116): Illuminate\Foundation\Http\Kernel->sendRequestThroughRouter(Object(Illuminate\Http\Request))
#47 C:\Users\Thorn\Desktop\epq\public\index.php(54): Illuminate\Foundation\Http\Kernel->handle(Object(Illuminate\Http\Request))
#48 C:\Users\Thorn\Desktop\epq\server.php(21): require_once('C:\\Users\\Thorn\\...')
#49 {main}  
[2017-12-21 21:56:24] local.ERROR: exception 'Symfony\Component\Debug\Exception\FatalErrorException' with message 'syntax error, unexpected '}'' in C:\Users\Thorn\Desktop\epq\app\Http\Controllers\create.php:38
Stack trace:
#0 {main}  
[2017-12-22 18:05:11] local.ERROR: exception 'Symfony\Component\Debug\Exception\FatalErrorException' with message 'syntax error, unexpected 'dd' (T_STRING)' in C:\Users\Thorn\Desktop\epq\app\Http\Controllers\create.php:27
Stack trace:
#0 {main}  
[2017-12-22 18:05:21] local.ERROR: exception 'Symfony\Component\Debug\Exception\FatalErrorException' with message 'syntax error, unexpected '}', expecting variable (T_VARIABLE) or '$'' in C:\Users\Thorn\Desktop\epq\app\Http\Controllers\create.php:30
Stack trace:
#0 {main}  
[2017-12-22 18:27:45] local.ERROR: exception 'InvalidArgumentException' with message 'View [poll] not found.' in C:\Users\Thorn\Desktop\epq\vendor\laravel\framework\src\Illuminate\View\FileViewFinder.php:137
Stack trace:
#0 C:\Users\Thorn\Desktop\epq\vendor\laravel\framework\src\Illuminate\View\FileViewFinder.php(79): Illuminate\View\FileViewFinder->findInPaths('poll', Array)
#1 C:\Users\Thorn\Desktop\epq\vendor\laravel\framework\src\Illuminate\View\Factory.php(129): Illuminate\View\FileViewFinder->find('poll')
#2 C:\Users\Thorn\Desktop\epq\vendor\laravel\framework\src\Illuminate\Foundation\helpers.php(885): Illuminate\View\Factory->make('poll', Array, Array)
#3 C:\Users\Thorn\Desktop\epq\app\Http\Controllers\create.php(50): view('poll')
#4 [internal function]: App\Http\Controllers\create->load('V2_sV')
#5 C:\Users\Thorn\Desktop\epq\vendor\laravel\framework\src\Illuminate\Routing\Controller.php(55): call_user_func_array(Array, Array)
#6 C:\Users\Thorn\Desktop\epq\vendor\laravel\framework\src\Illuminate\Routing\ControllerDispatcher.php(44): Illuminate\Routing\Controller->callAction('load', Array)
#7 C:\Users\Thorn\Desktop\epq\vendor\laravel\framework\src\Illuminate\Routing\Route.php(204): Illuminate\Routing\ControllerDispatcher->dispatch(Object(Illuminate\Routing\Route), Object(App\Http\Controllers\create), 'load')
#8 C:\Users\Thorn\Desktop\epq\vendor\laravel\framework\src\Illuminate\Routing\Route.php(160): Illuminate\Routing\Route->runController()
#9 C:\Users\Thorn\Desktop\epq\vendor\laravel\framework\src\Illuminate\Routing\Router.php(572): Illuminate\Routing\Route->run()
#10 C:\Users\Thorn\Desktop\epq\vendor\laravel\framework\src\Illuminate\Routing\Pipeline.php(30): Illuminate\Routing\Router->Illuminate\Routing\{closure}(Object(Illuminate\Http\Request))
#11 C:\Users\Thorn\Desktop\epq\vendor\laravel\framework\src\Illuminate\Routing\Middleware\SubstituteBindings.php(41): Illuminate\Routing\Pipeline->Illuminate\Routing\{closure}(Object(Illuminate\Http\Request))
#12 C:\Users\Thorn\Desktop\epq\vendor\laravel\framework\src\Illuminate\Pipeline\Pipeline.php(148): Illuminate\Routing\Middleware\SubstituteBindings->handle(Object(Illuminate\Http\Request), Object(Closure))
#13 C:\Users\Thorn\Desktop\epq\vendor\laravel\framework\src\Illuminate\Routing\Pipeline.php(53): Illuminate\Pipeline\Pipeline->Illuminate\Pipeline\{closure}(Object(Illuminate\Http\Request))
#14 C:\Users\Thorn\Desktop\epq\vendor\laravel\framework\src\Illuminate\Foundation\Http\Middleware\VerifyCsrfToken.php(65): Illuminate\Routing\Pipeline->Illuminate\Routing\{closure}(Object(Illuminate\Http\Request))
#15 C:\Users\Thorn\Desktop\epq\vendor\laravel\framework\src\Illuminate\Pipeline\Pipeline.php(148): Illuminate\Foundation\Http\Middleware\VerifyCsrfToken->handle(Object(Illuminate\Http\Request), Object(Closure))
#16 C:\Users\Thorn\Desktop\epq\vendor\laravel\framework\src\Illuminate\Routing\Pipeline.php(53): Illuminate\Pipeline\Pipeline->Illuminate\Pipeline\{closure}(Object(Illuminate\Http\Request))
#17 C:\Users\Thorn\Desktop\epq\vendor\laravel\framework\src\Illuminate\View\Middleware\ShareErrorsFromSession.php(49): Illuminate\Routing\Pipeline->Illuminate\Routing\{closure}(Object(Illuminate\Http\Request))
#18 C:\Users\Thorn\Desktop\epq\vendor\laravel\framework\src\Illuminate\Pipeline\Pipeline.php(148): Illuminate\View\Middleware\ShareErrorsFromSession->handle(Object(Illuminate\Http\Request), Object(Closure))
#19 C:\Users\Thorn\Desktop\epq\vendor\laravel\framework\src\Illuminate\Routing\Pipeline.php(53): Illuminate\Pipeline\Pipeline->Illuminate\Pipeline\{closure}(Object(Illuminate\Http\Request))
#20 C:\Users\Thorn\Desktop\epq\vendor\laravel\framework\src\Illuminate\Session\Middleware\StartSession.php(64): Illuminate\Routing\Pipeline->Illuminate\Routing\{closure}(Object(Illuminate\Http\Request))
#21 C:\Users\Thorn\Desktop\epq\vendor\laravel\framework\src\Illuminate\Pipeline\Pipeline.php(148): Illuminate\Session\Middleware\StartSession->handle(Object(Illuminate\Http\Request), Object(Closure))
#22 C:\Users\Thorn\Desktop\epq\vendor\laravel\framework\src\Illuminate\Routing\Pipeline.php(53): Illuminate\Pipeline\Pipeline->Illuminate\Pipeline\{closure}(Object(Illuminate\Http\Request))
#23 C:\Users\Thorn\Desktop\epq\vendor\laravel\framework\src\Illuminate\Cookie\Middleware\AddQueuedCookiesToResponse.php(37): Illuminate\Routing\Pipeline->Illuminate\Routing\{closure}(Object(Illuminate\Http\Request))
#24 C:\Users\Thorn\Desktop\epq\vendor\laravel\framework\src\Illuminate\Pipeline\Pipeline.php(148): Illuminate\Cookie\Middleware\AddQueuedCookiesToResponse->handle(Object(Illuminate\Http\Request), Object(Closure))
#25 C:\Users\Thorn\Desktop\epq\vendor\laravel\framework\src\Illuminate\Routing\Pipeline.php(53): Illuminate\Pipeline\Pipeline->Illuminate\Pipeline\{closure}(Object(Illuminate\Http\Request))
#26 C:\Users\Thorn\Desktop\epq\vendor\laravel\framework\src\Illuminate\Cookie\Middleware\EncryptCookies.php(59): Illuminate\Routing\Pipeline->Illuminate\Routing\{closure}(Object(Illuminate\Http\Request))
#27 C:\Users\Thorn\Desktop\epq\vendor\laravel\framework\src\Illuminate\Pipeline\Pipeline.php(148): Illuminate\Cookie\Middleware\EncryptCookies->handle(Object(Illuminate\Http\Request), Object(Closure))
#28 C:\Users\Thorn\Desktop\epq\vendor\laravel\framework\src\Illuminate\Routing\Pipeline.php(53): Illuminate\Pipeline\Pipeline->Illuminate\Pipeline\{closure}(Object(Illuminate\Http\Request))
#29 C:\Users\Thorn\Desktop\epq\vendor\laravel\framework\src\Illuminate\Pipeline\Pipeline.php(102): Illuminate\Routing\Pipeline->Illuminate\Routing\{closure}(Object(Illuminate\Http\Request))
#30 C:\Users\Thorn\Desktop\epq\vendor\laravel\framework\src\Illuminate\Routing\Router.php(574): Illuminate\Pipeline\Pipeline->then(Object(Closure))
#31 C:\Users\Thorn\Desktop\epq\vendor\laravel\framework\src\Illuminate\Routing\Router.php(533): Illuminate\Routing\Router->runRouteWithinStack(Object(Illuminate\Routing\Route), Object(Illuminate\Http\Request))
#32 C:\Users\Thorn\Desktop\epq\vendor\laravel\framework\src\Illuminate\Routing\Router.php(511): Illuminate\Routing\Router->dispatchToRoute(Object(Illuminate\Http\Request))
#33 C:\Users\Thorn\Desktop\epq\vendor\laravel\framework\src\Illuminate\Foundation\Http\Kernel.php(176): Illuminate\Routing\Router->dispatch(Object(Illuminate\Http\Request))
#34 C:\Users\Thorn\Desktop\epq\vendor\laravel\framework\src\Illuminate\Routing\Pipeline.php(30): Illuminate\Foundation\Http\Kernel->Illuminate\Foundation\Http\{closure}(Object(Illuminate\Http\Request))
#35 C:\Users\Thorn\Desktop\epq\vendor\laravel\framework\src\Illuminate\Foundation\Http\Middleware\TransformsRequest.php(30): Illuminate\Routing\Pipeline->Illuminate\Routing\{closure}(Object(Illuminate\Http\Request))
#36 C:\Users\Thorn\Desktop\epq\vendor\laravel\framework\src\Illuminate\Pipeline\Pipeline.php(148): Illuminate\Foundation\Http\Middleware\TransformsRequest->handle(Object(Illuminate\Http\Request), Object(Closure))
#37 C:\Users\Thorn\Desktop\epq\vendor\laravel\framework\src\Illuminate\Routing\Pipeline.php(53): Illuminate\Pipeline\Pipeline->Illuminate\Pipeline\{closure}(Object(Illuminate\Http\Request))
#38 C:\Users\Thorn\Desktop\epq\vendor\laravel\framework\src\Illuminate\Foundation\Http\Middleware\TransformsRequest.php(30): Illuminate\Routing\Pipeline->Illuminate\Routing\{closure}(Object(Illuminate\Http\Request))
#39 C:\Users\Thorn\Desktop\epq\vendor\laravel\framework\src\Illuminate\Pipeline\Pipeline.php(148): Illuminate\Foundation\Http\Middleware\TransformsRequest->handle(Object(Illuminate\Http\Request), Object(Closure))
#40 C:\Users\Thorn\Desktop\epq\vendor\laravel\framework\src\Illuminate\Routing\Pipeline.php(53): Illuminate\Pipeline\Pipeline->Illuminate\Pipeline\{closure}(Object(Illuminate\Http\Request))
#41 C:\Users\Thorn\Desktop\epq\vendor\laravel\framework\src\Illuminate\Foundation\Http\Middleware\ValidatePostSize.php(27): Illuminate\Routing\Pipeline->Illuminate\Routing\{closure}(Object(Illuminate\Http\Request))
#42 C:\Users\Thorn\Desktop\epq\vendor\laravel\framework\src\Illuminate\Pipeline\Pipeline.php(148): Illuminate\Foundation\Http\Middleware\ValidatePostSize->handle(Object(Illuminate\Http\Request), Object(Closure))
#43 C:\Users\Thorn\Desktop\epq\vendor\laravel\framework\src\Illuminate\Routing\Pipeline.php(53): Illuminate\Pipeline\Pipeline->Illuminate\Pipeline\{closure}(Object(Illuminate\Http\Request))
#44 C:\Users\Thorn\Desktop\epq\vendor\laravel\framework\src\Illuminate\Foundation\Http\Middleware\CheckForMaintenanceMode.php(46): Illuminate\Routing\Pipeline->Illuminate\Routing\{closure}(Object(Illuminate\Http\Request))
#45 C:\Users\Thorn\Desktop\epq\vendor\laravel\framework\src\Illuminate\Pipeline\Pipeline.php(148): Illuminate\Foundation\Http\Middleware\CheckForMaintenanceMode->handle(Object(Illuminate\Http\Request), Object(Closure))
#46 C:\Users\Thorn\Desktop\epq\vendor\laravel\framework\src\Illuminate\Routing\Pipeline.php(53): Illuminate\Pipeline\Pipeline->Illuminate\Pipeline\{closure}(Object(Illuminate\Http\Request))
#47 C:\Users\Thorn\Desktop\epq\vendor\laravel\framework\src\Illuminate\Pipeline\Pipeline.php(102): Illuminate\Routing\Pipeline->Illuminate\Routing\{closure}(Object(Illuminate\Http\Request))
#48 C:\Users\Thorn\Desktop\epq\vendor\laravel\framework\src\Illuminate\Foundation\Http\Kernel.php(151): Illuminate\Pipeline\Pipeline->then(Object(Closure))
#49 C:\Users\Thorn\Desktop\epq\vendor\laravel\framework\src\Illuminate\Foundation\Http\Kernel.php(116): Illuminate\Foundation\Http\Kernel->sendRequestThroughRouter(Object(Illuminate\Http\Request))
#50 C:\Users\Thorn\Desktop\epq\public\index.php(54): Illuminate\Foundation\Http\Kernel->handle(Object(Illuminate\Http\Request))
#51 C:\Users\Thorn\Desktop\epq\server.php(21): require_once('C:\\Users\\Thorn\\...')
#52 {main}  
[2017-12-22 23:46:59] local.ERROR: exception 'Exception' with message 'Property [body] does not exist on this collection instance.' in C:\Users\Thorn\Desktop\epq\vendor\laravel\framework\src\Illuminate\Support\Collection.php:1650
Stack trace:
#0 C:\Users\Thorn\Desktop\epq\storage\framework\views\c37401e44af4424d893d80f9c4d91879a3340b58.php(5): Illuminate\Support\Collection->__get('body')
#1 C:\Users\Thorn\Desktop\epq\vendor\laravel\framework\src\Illuminate\View\Engines\PhpEngine.php(42): include('C:\\Users\\Thorn\\...')
#2 C:\Users\Thorn\Desktop\epq\vendor\laravel\framework\src\Illuminate\View\Engines\CompilerEngine.php(59): Illuminate\View\Engines\PhpEngine->evaluatePath('C:\\Users\\Thorn\\...', Array)
#3 C:\Users\Thorn\Desktop\epq\vendor\laravel\framework\src\Illuminate\View\View.php(137): Illuminate\View\Engines\CompilerEngine->get('C:\\Users\\Thorn\\...', Array)
#4 C:\Users\Thorn\Desktop\epq\vendor\laravel\framework\src\Illuminate\View\View.php(120): Illuminate\View\View->getContents()
#5 C:\Users\Thorn\Desktop\epq\vendor\laravel\framework\src\Illuminate\View\View.php(85): Illuminate\View\View->renderContents()
#6 C:\Users\Thorn\Desktop\epq\vendor\laravel\framework\src\Illuminate\Http\Response.php(38): Illuminate\View\View->render()
#7 C:\Users\Thorn\Desktop\epq\vendor\symfony\http-foundation\Response.php(200): Illuminate\Http\Response->setContent(Object(Illuminate\View\View))
#8 C:\Users\Thorn\Desktop\epq\vendor\laravel\framework\src\Illuminate\Routing\Router.php(615): Symfony\Component\HttpFoundation\Response->__construct(Object(Illuminate\View\View))
#9 C:\Users\Thorn\Desktop\epq\vendor\laravel\framework\src\Illuminate\Routing\Router.php(573): Illuminate\Routing\Router->prepareResponse(Object(Illuminate\Http\Request), Object(Illuminate\View\View))
#10 C:\Users\Thorn\Desktop\epq\vendor\laravel\framework\src\Illuminate\Routing\Pipeline.php(30): Illuminate\Routing\Router->Illuminate\Routing\{closure}(Object(Illuminate\Http\Request))
#11 C:\Users\Thorn\Desktop\epq\vendor\laravel\framework\src\Illuminate\Routing\Middleware\SubstituteBindings.php(41): Illuminate\Routing\Pipeline->Illuminate\Routing\{closure}(Object(Illuminate\Http\Request))
#12 C:\Users\Thorn\Desktop\epq\vendor\laravel\framework\src\Illuminate\Pipeline\Pipeline.php(148): Illuminate\Routing\Middleware\SubstituteBindings->handle(Object(Illuminate\Http\Request), Object(Closure))
#13 C:\Users\Thorn\Desktop\epq\vendor\laravel\framework\src\Illuminate\Routing\Pipeline.php(53): Illuminate\Pipeline\Pipeline->Illuminate\Pipeline\{closure}(Object(Illuminate\Http\Request))
#14 C:\Users\Thorn\Desktop\epq\vendor\laravel\framework\src\Illuminate\Foundation\Http\Middleware\VerifyCsrfToken.php(65): Illuminate\Routing\Pipeline->Illuminate\Routing\{closure}(Object(Illuminate\Http\Request))
#15 C:\Users\Thorn\Desktop\epq\vendor\laravel\framework\src\Illuminate\Pipeline\Pipeline.php(148): Illuminate\Foundation\Http\Middleware\VerifyCsrfToken->handle(Object(Illuminate\Http\Request), Object(Closure))
#16 C:\Users\Thorn\Desktop\epq\vendor\laravel\framework\src\Illuminate\Routing\Pipeline.php(53): Illuminate\Pipeline\Pipeline->Illuminate\Pipeline\{closure}(Object(Illuminate\Http\Request))
#17 C:\Users\Thorn\Desktop\epq\vendor\laravel\framework\src\Illuminate\View\Middleware\ShareErrorsFromSession.php(49): Illuminate\Routing\Pipeline->Illuminate\Routing\{closure}(Object(Illuminate\Http\Request))
#18 C:\Users\Thorn\Desktop\epq\vendor\laravel\framework\src\Illuminate\Pipeline\Pipeline.php(148): Illuminate\View\Middleware\ShareErrorsFromSession->handle(Object(Illuminate\Http\Request), Object(Closure))
#19 C:\Users\Thorn\Desktop\epq\vendor\laravel\framework\src\Illuminate\Routing\Pipeline.php(53): Illuminate\Pipeline\Pipeline->Illuminate\Pipeline\{closure}(Object(Illuminate\Http\Request))
#20 C:\Users\Thorn\Desktop\epq\vendor\laravel\framework\src\Illuminate\Session\Middleware\StartSession.php(64): Illuminate\Routing\Pipeline->Illuminate\Routing\{closure}(Object(Illuminate\Http\Request))
#21 C:\Users\Thorn\Desktop\epq\vendor\laravel\framework\src\Illuminate\Pipeline\Pipeline.php(148): Illuminate\Session\Middleware\StartSession->handle(Object(Illuminate\Http\Request), Object(Closure))
#22 C:\Users\Thorn\Desktop\epq\vendor\laravel\framework\src\Illuminate\Routing\Pipeline.php(53): Illuminate\Pipeline\Pipeline->Illuminate\Pipeline\{closure}(Object(Illuminate\Http\Request))
#23 C:\Users\Thorn\Desktop\epq\vendor\laravel\framework\src\Illuminate\Cookie\Middleware\AddQueuedCookiesToResponse.php(37): Illuminate\Routing\Pipeline->Illuminate\Routing\{closure}(Object(Illuminate\Http\Request))
#24 C:\Users\Thorn\Desktop\epq\vendor\laravel\framework\src\Illuminate\Pipeline\Pipeline.php(148): Illuminate\Cookie\Middleware\AddQueuedCookiesToResponse->handle(Object(Illuminate\Http\Request), Object(Closure))
#25 C:\Users\Thorn\Desktop\epq\vendor\laravel\framework\src\Illuminate\Routing\Pipeline.php(53): Illuminate\Pipeline\Pipeline->Illuminate\Pipeline\{closure}(Object(Illuminate\Http\Request))
#26 C:\Users\Thorn\Desktop\epq\vendor\laravel\framework\src\Illuminate\Cookie\Middleware\EncryptCookies.php(59): Illuminate\Routing\Pipeline->Illuminate\Routing\{closure}(Object(Illuminate\Http\Request))
#27 C:\Users\Thorn\Desktop\epq\vendor\laravel\framework\src\Illuminate\Pipeline\Pipeline.php(148): Illuminate\Cookie\Middleware\EncryptCookies->handle(Object(Illuminate\Http\Request), Object(Closure))
#28 C:\Users\Thorn\Desktop\epq\vendor\laravel\framework\src\Illuminate\Routing\Pipeline.php(53): Illuminate\Pipeline\Pipeline->Illuminate\Pipeline\{closure}(Object(Illuminate\Http\Request))
#29 C:\Users\Thorn\Desktop\epq\vendor\laravel\framework\src\Illuminate\Pipeline\Pipeline.php(102): Illuminate\Routing\Pipeline->Illuminate\Routing\{closure}(Object(Illuminate\Http\Request))
#30 C:\Users\Thorn\Desktop\epq\vendor\laravel\framework\src\Illuminate\Routing\Router.php(574): Illuminate\Pipeline\Pipeline->then(Object(Closure))
#31 C:\Users\Thorn\Desktop\epq\vendor\laravel\framework\src\Illuminate\Routing\Router.php(533): Illuminate\Routing\Router->runRouteWithinStack(Object(Illuminate\Routing\Route), Object(Illuminate\Http\Request))
#32 C:\Users\Thorn\Desktop\epq\vendor\laravel\framework\src\Illuminate\Routing\Router.php(511): Illuminate\Routing\Router->dispatchToRoute(Object(Illuminate\Http\Request))
#33 C:\Users\Thorn\Desktop\epq\vendor\laravel\framework\src\Illuminate\Foundation\Http\Kernel.php(176): Illuminate\Routing\Router->dispatch(Object(Illuminate\Http\Request))
#34 C:\Users\Thorn\Desktop\epq\vendor\laravel\framework\src\Illuminate\Routing\Pipeline.php(30): Illuminate\Foundation\Http\Kernel->Illuminate\Foundation\Http\{closure}(Object(Illuminate\Http\Request))
#35 C:\Users\Thorn\Desktop\epq\vendor\laravel\framework\src\Illuminate\Foundation\Http\Middleware\TransformsRequest.php(30): Illuminate\Routing\Pipeline->Illuminate\Routing\{closure}(Object(Illuminate\Http\Request))
#36 C:\Users\Thorn\Desktop\epq\vendor\laravel\framework\src\Illuminate\Pipeline\Pipeline.php(148): Illuminate\Foundation\Http\Middleware\TransformsRequest->handle(Object(Illuminate\Http\Request), Object(Closure))
#37 C:\Users\Thorn\Desktop\epq\vendor\laravel\framework\src\Illuminate\Routing\Pipeline.php(53): Illuminate\Pipeline\Pipeline->Illuminate\Pipeline\{closure}(Object(Illuminate\Http\Request))
#38 C:\Users\Thorn\Desktop\epq\vendor\laravel\framework\src\Illuminate\Foundation\Http\Middleware\TransformsRequest.php(30): Illuminate\Routing\Pipeline->Illuminate\Routing\{closure}(Object(Illuminate\Http\Request))
#39 C:\Users\Thorn\Desktop\epq\vendor\laravel\framework\src\Illuminate\Pipeline\Pipeline.php(148): Illuminate\Foundation\Http\Middleware\TransformsRequest->handle(Object(Illuminate\Http\Request), Object(Closure))
#40 C:\Users\Thorn\Desktop\epq\vendor\laravel\framework\src\Illuminate\Routing\Pipeline.php(53): Illuminate\Pipeline\Pipeline->Illuminate\Pipeline\{closure}(Object(Illuminate\Http\Request))
#41 C:\Users\Thorn\Desktop\epq\vendor\laravel\framework\src\Illuminate\Foundation\Http\Middleware\ValidatePostSize.php(27): Illuminate\Routing\Pipeline->Illuminate\Routing\{closure}(Object(Illuminate\Http\Request))
#42 C:\Users\Thorn\Desktop\epq\vendor\laravel\framework\src\Illuminate\Pipeline\Pipeline.php(148): Illuminate\Foundation\Http\Middleware\ValidatePostSize->handle(Object(Illuminate\Http\Request), Object(Closure))
#43 C:\Users\Thorn\Desktop\epq\vendor\laravel\framework\src\Illuminate\Routing\Pipeline.php(53): Illuminate\Pipeline\Pipeline->Illuminate\Pipeline\{closure}(Object(Illuminate\Http\Request))
#44 C:\Users\Thorn\Desktop\epq\vendor\laravel\framework\src\Illuminate\Foundation\Http\Middleware\CheckForMaintenanceMode.php(46): Illuminate\Routing\Pipeline->Illuminate\Routing\{closure}(Object(Illuminate\Http\Request))
#45 C:\Users\Thorn\Desktop\epq\vendor\laravel\framework\src\Illuminate\Pipeline\Pipeline.php(148): Illuminate\Foundation\Http\Middleware\CheckForMaintenanceMode->handle(Object(Illuminate\Http\Request), Object(Closure))
#46 C:\Users\Thorn\Desktop\epq\vendor\laravel\framework\src\Illuminate\Routing\Pipeline.php(53): Illuminate\Pipeline\Pipeline->Illuminate\Pipeline\{closure}(Object(Illuminate\Http\Request))
#47 C:\Users\Thorn\Desktop\epq\vendor\laravel\framework\src\Illuminate\Pipeline\Pipeline.php(102): Illuminate\Routing\Pipeline->Illuminate\Routing\{closure}(Object(Illuminate\Http\Request))
#48 C:\Users\Thorn\Desktop\epq\vendor\laravel\framework\src\Illuminate\Foundation\Http\Kernel.php(151): Illuminate\Pipeline\Pipeline->then(Object(Closure))
#49 C:\Users\Thorn\Desktop\epq\vendor\laravel\framework\src\Illuminate\Foundation\Http\Kernel.php(116): Illuminate\Foundation\Http\Kernel->sendRequestThroughRouter(Object(Illuminate\Http\Request))
#50 C:\Users\Thorn\Desktop\epq\public\index.php(54): Illuminate\Foundation\Http\Kernel->handle(Object(Illuminate\Http\Request))
#51 C:\Users\Thorn\Desktop\epq\server.php(21): require_once('C:\\Users\\Thorn\\...')
#52 {main}

Next exception 'ErrorException' with message 'Property [body] does not exist on this collection instance. (View: C:\Users\Thorn\Desktop\epq\resources\views\poll.blade.php)' in C:\Users\Thorn\Desktop\epq\vendor\laravel\framework\src\Illuminate\Support\Collection.php:1650
Stack trace:
#0 C:\Users\Thorn\Desktop\epq\vendor\laravel\framework\src\Illuminate\View\Engines\PhpEngine.php(44): Illuminate\View\Engines\CompilerEngine->handleViewException(Object(Exception), 1)
#1 C:\Users\Thorn\Desktop\epq\vendor\laravel\framework\src\Illuminate\View\Engines\CompilerEngine.php(59): Illuminate\View\Engines\PhpEngine->evaluatePath('C:\\Users\\Thorn\\...', Array)
#2 C:\Users\Thorn\Desktop\epq\vendor\laravel\framework\src\Illuminate\View\View.php(137): Illuminate\View\Engines\CompilerEngine->get('C:\\Users\\Thorn\\...', Array)
#3 C:\Users\Thorn\Desktop\epq\vendor\laravel\framework\src\Illuminate\View\View.php(120): Illuminate\View\View->getContents()
#4 C:\Users\Thorn\Desktop\epq\vendor\laravel\framework\src\Illuminate\View\View.php(85): Illuminate\View\View->renderContents()
#5 C:\Users\Thorn\Desktop\epq\vendor\laravel\framework\src\Illuminate\Http\Response.php(38): Illuminate\View\View->render()
#6 C:\Users\Thorn\Desktop\epq\vendor\symfony\http-foundation\Response.php(200): Illuminate\Http\Response->setContent(Object(Illuminate\View\View))
#7 C:\Users\Thorn\Desktop\epq\vendor\laravel\framework\src\Illuminate\Routing\Router.php(615): Symfony\Component\HttpFoundation\Response->__construct(Object(Illuminate\View\View))
#8 C:\Users\Thorn\Desktop\epq\vendor\laravel\framework\src\Illuminate\Routing\Router.php(573): Illuminate\Routing\Router->prepareResponse(Object(Illuminate\Http\Request), Object(Illuminate\View\View))
#9 C:\Users\Thorn\Desktop\epq\vendor\laravel\framework\src\Illuminate\Routing\Pipeline.php(30): Illuminate\Routing\Router->Illuminate\Routing\{closure}(Object(Illuminate\Http\Request))
#10 C:\Users\Thorn\Desktop\epq\vendor\laravel\framework\src\Illuminate\Routing\Middleware\SubstituteBindings.php(41): Illuminate\Routing\Pipeline->Illuminate\Routing\{closure}(Object(Illuminate\Http\Request))
#11 C:\Users\Thorn\Desktop\epq\vendor\laravel\framework\src\Illuminate\Pipeline\Pipeline.php(148): Illuminate\Routing\Middleware\SubstituteBindings->handle(Object(Illuminate\Http\Request), Object(Closure))
#12 C:\Users\Thorn\Desktop\epq\vendor\laravel\framework\src\Illuminate\Routing\Pipeline.php(53): Illuminate\Pipeline\Pipeline->Illuminate\Pipeline\{closure}(Object(Illuminate\Http\Request))
#13 C:\Users\Thorn\Desktop\epq\vendor\laravel\framework\src\Illuminate\Foundation\Http\Middleware\VerifyCsrfToken.php(65): Illuminate\Routing\Pipeline->Illuminate\Routing\{closure}(Object(Illuminate\Http\Request))
#14 C:\Users\Thorn\Desktop\epq\vendor\laravel\framework\src\Illuminate\Pipeline\Pipeline.php(148): Illuminate\Foundation\Http\Middleware\VerifyCsrfToken->handle(Object(Illuminate\Http\Request), Object(Closure))
#15 C:\Users\Thorn\Desktop\epq\vendor\laravel\framework\src\Illuminate\Routing\Pipeline.php(53): Illuminate\Pipeline\Pipeline->Illuminate\Pipeline\{closure}(Object(Illuminate\Http\Request))
#16 C:\Users\Thorn\Desktop\epq\vendor\laravel\framework\src\Illuminate\View\Middleware\ShareErrorsFromSession.php(49): Illuminate\Routing\Pipeline->Illuminate\Routing\{closure}(Object(Illuminate\Http\Request))
#17 C:\Users\Thorn\Desktop\epq\vendor\laravel\framework\src\Illuminate\Pipeline\Pipeline.php(148): Illuminate\View\Middleware\ShareErrorsFromSession->handle(Object(Illuminate\Http\Request), Object(Closure))
#18 C:\Users\Thorn\Desktop\epq\vendor\laravel\framework\src\Illuminate\Routing\Pipeline.php(53): Illuminate\Pipeline\Pipeline->Illuminate\Pipeline\{closure}(Object(Illuminate\Http\Request))
#19 C:\Users\Thorn\Desktop\epq\vendor\laravel\framework\src\Illuminate\Session\Middleware\StartSession.php(64): Illuminate\Routing\Pipeline->Illuminate\Routing\{closure}(Object(Illuminate\Http\Request))
#20 C:\Users\Thorn\Desktop\epq\vendor\laravel\framework\src\Illuminate\Pipeline\Pipeline.php(148): Illuminate\Session\Middleware\StartSession->handle(Object(Illuminate\Http\Request), Object(Closure))
#21 C:\Users\Thorn\Desktop\epq\vendor\laravel\framework\src\Illuminate\Routing\Pipeline.php(53): Illuminate\Pipeline\Pipeline->Illuminate\Pipeline\{closure}(Object(Illuminate\Http\Request))
#22 C:\Users\Thorn\Desktop\epq\vendor\laravel\framework\src\Illuminate\Cookie\Middleware\AddQueuedCookiesToResponse.php(37): Illuminate\Routing\Pipeline->Illuminate\Routing\{closure}(Object(Illuminate\Http\Request))
#23 C:\Users\Thorn\Desktop\epq\vendor\laravel\framework\src\Illuminate\Pipeline\Pipeline.php(148): Illuminate\Cookie\Middleware\AddQueuedCookiesToResponse->handle(Object(Illuminate\Http\Request), Object(Closure))
#24 C:\Users\Thorn\Desktop\epq\vendor\laravel\framework\src\Illuminate\Routing\Pipeline.php(53): Illuminate\Pipeline\Pipeline->Illuminate\Pipeline\{closure}(Object(Illuminate\Http\Request))
#25 C:\Users\Thorn\Desktop\epq\vendor\laravel\framework\src\Illuminate\Cookie\Middleware\EncryptCookies.php(59): Illuminate\Routing\Pipeline->Illuminate\Routing\{closure}(Object(Illuminate\Http\Request))
#26 C:\Users\Thorn\Desktop\epq\vendor\laravel\framework\src\Illuminate\Pipeline\Pipeline.php(148): Illuminate\Cookie\Middleware\EncryptCookies->handle(Object(Illuminate\Http\Request), Object(Closure))
#27 C:\Users\Thorn\Desktop\epq\vendor\laravel\framework\src\Illuminate\Routing\Pipeline.php(53): Illuminate\Pipeline\Pipeline->Illuminate\Pipeline\{closure}(Object(Illuminate\Http\Request))
#28 C:\Users\Thorn\Desktop\epq\vendor\laravel\framework\src\Illuminate\Pipeline\Pipeline.php(102): Illuminate\Routing\Pipeline->Illuminate\Routing\{closure}(Object(Illuminate\Http\Request))
#29 C:\Users\Thorn\Desktop\epq\vendor\laravel\framework\src\Illuminate\Routing\Router.php(574): Illuminate\Pipeline\Pipeline->then(Object(Closure))
#30 C:\Users\Thorn\Desktop\epq\vendor\laravel\framework\src\Illuminate\Routing\Router.php(533): Illuminate\Routing\Router->runRouteWithinStack(Object(Illuminate\Routing\Route), Object(Illuminate\Http\Request))
#31 C:\Users\Thorn\Desktop\epq\vendor\laravel\framework\src\Illuminate\Routing\Router.php(511): Illuminate\Routing\Router->dispatchToRoute(Object(Illuminate\Http\Request))
#32 C:\Users\Thorn\Desktop\epq\vendor\laravel\framework\src\Illuminate\Foundation\Http\Kernel.php(176): Illuminate\Routing\Router->dispatch(Object(Illuminate\Http\Request))
#33 C:\Users\Thorn\Desktop\epq\vendor\laravel\framework\src\Illuminate\Routing\Pipeline.php(30): Illuminate\Foundation\Http\Kernel->Illuminate\Foundation\Http\{closure}(Object(Illuminate\Http\Request))
#34 C:\Users\Thorn\Desktop\epq\vendor\laravel\framework\src\Illuminate\Foundation\Http\Middleware\TransformsRequest.php(30): Illuminate\Routing\Pipeline->Illuminate\Routing\{closure}(Object(Illuminate\Http\Request))
#35 C:\Users\Thorn\Desktop\epq\vendor\laravel\framework\src\Illuminate\Pipeline\Pipeline.php(148): Illuminate\Foundation\Http\Middleware\TransformsRequest->handle(Object(Illuminate\Http\Request), Object(Closure))
#36 C:\Users\Thorn\Desktop\epq\vendor\laravel\framework\src\Illuminate\Routing\Pipeline.php(53): Illuminate\Pipeline\Pipeline->Illuminate\Pipeline\{closure}(Object(Illuminate\Http\Request))
#37 C:\Users\Thorn\Desktop\epq\vendor\laravel\framework\src\Illuminate\Foundation\Http\Middleware\TransformsRequest.php(30): Illuminate\Routing\Pipeline->Illuminate\Routing\{closure}(Object(Illuminate\Http\Request))
#38 C:\Users\Thorn\Desktop\epq\vendor\laravel\framework\src\Illuminate\Pipeline\Pipeline.php(148): Illuminate\Foundation\Http\Middleware\TransformsRequest->handle(Object(Illuminate\Http\Request), Object(Closure))
#39 C:\Users\Thorn\Desktop\epq\vendor\laravel\framework\src\Illuminate\Routing\Pipeline.php(53): Illuminate\Pipeline\Pipeline->Illuminate\Pipeline\{closure}(Object(Illuminate\Http\Request))
#40 C:\Users\Thorn\Desktop\epq\vendor\laravel\framework\src\Illuminate\Foundation\Http\Middleware\ValidatePostSize.php(27): Illuminate\Routing\Pipeline->Illuminate\Routing\{closure}(Object(Illuminate\Http\Request))
#41 C:\Users\Thorn\Desktop\epq\vendor\laravel\framework\src\Illuminate\Pipeline\Pipeline.php(148): Illuminate\Foundation\Http\Middleware\ValidatePostSize->handle(Object(Illuminate\Http\Request), Object(Closure))
#42 C:\Users\Thorn\Desktop\epq\vendor\laravel\framework\src\Illuminate\Routing\Pipeline.php(53): Illuminate\Pipeline\Pipeline->Illuminate\Pipeline\{closure}(Object(Illuminate\Http\Request))
#43 C:\Users\Thorn\Desktop\epq\vendor\laravel\framework\src\Illuminate\Foundation\Http\Middleware\CheckForMaintenanceMode.php(46): Illuminate\Routing\Pipeline->Illuminate\Routing\{closure}(Object(Illuminate\Http\Request))
#44 C:\Users\Thorn\Desktop\epq\vendor\laravel\framework\src\Illuminate\Pipeline\Pipeline.php(148): Illuminate\Foundation\Http\Middleware\CheckForMaintenanceMode->handle(Object(Illuminate\Http\Request), Object(Closure))
#45 C:\Users\Thorn\Desktop\epq\vendor\laravel\framework\src\Illuminate\Routing\Pipeline.php(53): Illuminate\Pipeline\Pipeline->Illuminate\Pipeline\{closure}(Object(Illuminate\Http\Request))
#46 C:\Users\Thorn\Desktop\epq\vendor\laravel\framework\src\Illuminate\Pipeline\Pipeline.php(102): Illuminate\Routing\Pipeline->Illuminate\Routing\{closure}(Object(Illuminate\Http\Request))
#47 C:\Users\Thorn\Desktop\epq\vendor\laravel\framework\src\Illuminate\Foundation\Http\Kernel.php(151): Illuminate\Pipeline\Pipeline->then(Object(Closure))
#48 C:\Users\Thorn\Desktop\epq\vendor\laravel\framework\src\Illuminate\Foundation\Http\Kernel.php(116): Illuminate\Foundation\Http\Kernel->sendRequestThroughRouter(Object(Illuminate\Http\Request))
#49 C:\Users\Thorn\Desktop\epq\public\index.php(54): Illuminate\Foundation\Http\Kernel->handle(Object(Illuminate\Http\Request))
#50 C:\Users\Thorn\Desktop\epq\server.php(21): require_once('C:\\Users\\Thorn\\...')
#51 {main}  
[2017-12-23 01:11:48] local.ERROR: exception 'PDOException' with message 'SQLSTATE[HY000]: General error: 1364 Field 'uid' doesn't have a default value' in C:\Users\Thorn\Desktop\epq\vendor\laravel\framework\src\Illuminate\Database\Connection.php:449
Stack trace:
#0 C:\Users\Thorn\Desktop\epq\vendor\laravel\framework\src\Illuminate\Database\Connection.php(449): PDOStatement->execute()
#1 C:\Users\Thorn\Desktop\epq\vendor\laravel\framework\src\Illuminate\Database\Connection.php(640): Illuminate\Database\Connection->Illuminate\Database\{closure}('insert into `qu...', Array)
#2 C:\Users\Thorn\Desktop\epq\vendor\laravel\framework\src\Illuminate\Database\Connection.php(607): Illuminate\Database\Connection->runQueryCallback('insert into `qu...', Array, Object(Closure))
#3 C:\Users\Thorn\Desktop\epq\vendor\laravel\framework\src\Illuminate\Database\Connection.php(450): Illuminate\Database\Connection->run('insert into `qu...', Array, Object(Closure))
#4 C:\Users\Thorn\Desktop\epq\vendor\laravel\framework\src\Illuminate\Database\Connection.php(404): Illuminate\Database\Connection->statement('insert into `qu...', Array)
#5 C:\Users\Thorn\Desktop\epq\vendor\laravel\framework\src\Illuminate\Database\Query\Processors\Processor.php(32): Illuminate\Database\Connection->insert('insert into `qu...', Array)
#6 C:\Users\Thorn\Desktop\epq\vendor\laravel\framework\src\Illuminate\Database\Query\Builder.php(2133): Illuminate\Database\Query\Processors\Processor->processInsertGetId(Object(Illuminate\Database\Query\Builder), 'insert into `qu...', Array, 'id')
#7 C:\Users\Thorn\Desktop\epq\vendor\laravel\framework\src\Illuminate\Database\Eloquent\Builder.php(1251): Illuminate\Database\Query\Builder->insertGetId(Array, 'id')
#8 C:\Users\Thorn\Desktop\epq\vendor\laravel\framework\src\Illuminate\Database\Eloquent\Model.php(688): Illuminate\Database\Eloquent\Builder->__call('insertGetId', Array)
#9 C:\Users\Thorn\Desktop\epq\vendor\laravel\framework\src\Illuminate\Database\Eloquent\Model.php(688): Illuminate\Database\Eloquent\Builder->insertGetId(Array, 'id')
#10 C:\Users\Thorn\Desktop\epq\vendor\laravel\framework\src\Illuminate\Database\Eloquent\Model.php(653): Illuminate\Database\Eloquent\Model->insertAndSetId(Object(Illuminate\Database\Eloquent\Builder), Array)
#11 C:\Users\Thorn\Desktop\epq\vendor\laravel\framework\src\Illuminate\Database\Eloquent\Model.php(522): Illuminate\Database\Eloquent\Model->performInsert(Object(Illuminate\Database\Eloquent\Builder))
#12 C:\Users\Thorn\Desktop\epq\app\Http\Controllers\create.php(36): Illuminate\Database\Eloquent\Model->save()
#13 [internal function]: App\Http\Controllers\create->store(Object(Illuminate\Http\Request))
#14 C:\Users\Thorn\Desktop\epq\vendor\laravel\framework\src\Illuminate\Routing\Controller.php(55): call_user_func_array(Array, Array)
#15 C:\Users\Thorn\Desktop\epq\vendor\laravel\framework\src\Illuminate\Routing\ControllerDispatcher.php(44): Illuminate\Routing\Controller->callAction('store', Array)
#16 C:\Users\Thorn\Desktop\epq\vendor\laravel\framework\src\Illuminate\Routing\Route.php(204): Illuminate\Routing\ControllerDispatcher->dispatch(Object(Illuminate\Routing\Route), Object(App\Http\Controllers\create), 'store')
#17 C:\Users\Thorn\Desktop\epq\vendor\laravel\framework\src\Illuminate\Routing\Route.php(160): Illuminate\Routing\Route->runController()
#18 C:\Users\Thorn\Desktop\epq\vendor\laravel\framework\src\Illuminate\Routing\Router.php(572): Illuminate\Routing\Route->run()
#19 C:\Users\Thorn\Desktop\epq\vendor\laravel\framework\src\Illuminate\Routing\Pipeline.php(30): Illuminate\Routing\Router->Illuminate\Routing\{closure}(Object(Illuminate\Http\Request))
#20 C:\Users\Thorn\Desktop\epq\vendor\laravel\framework\src\Illuminate\Routing\Middleware\SubstituteBindings.php(41): Illuminate\Routing\Pipeline->Illuminate\Routing\{closure}(Object(Illuminate\Http\Request))
#21 C:\Users\Thorn\Desktop\epq\vendor\laravel\framework\src\Illuminate\Pipeline\Pipeline.php(148): Illuminate\Routing\Middleware\SubstituteBindings->handle(Object(Illuminate\Http\Request), Object(Closure))
#22 C:\Users\Thorn\Desktop\epq\vendor\laravel\framework\src\Illuminate\Routing\Pipeline.php(53): Illuminate\Pipeline\Pipeline->Illuminate\Pipeline\{closure}(Object(Illuminate\Http\Request))
#23 C:\Users\Thorn\Desktop\epq\vendor\laravel\framework\src\Illuminate\Foundation\Http\Middleware\VerifyCsrfToken.php(65): Illuminate\Routing\Pipeline->Illuminate\Routing\{closure}(Object(Illuminate\Http\Request))
#24 C:\Users\Thorn\Desktop\epq\vendor\laravel\framework\src\Illuminate\Pipeline\Pipeline.php(148): Illuminate\Foundation\Http\Middleware\VerifyCsrfToken->handle(Object(Illuminate\Http\Request), Object(Closure))
#25 C:\Users\Thorn\Desktop\epq\vendor\laravel\framework\src\Illuminate\Routing\Pipeline.php(53): Illuminate\Pipeline\Pipeline->Illuminate\Pipeline\{closure}(Object(Illuminate\Http\Request))
#26 C:\Users\Thorn\Desktop\epq\vendor\laravel\framework\src\Illuminate\View\Middleware\ShareErrorsFromSession.php(49): Illuminate\Routing\Pipeline->Illuminate\Routing\{closure}(Object(Illuminate\Http\Request))
#27 C:\Users\Thorn\Desktop\epq\vendor\laravel\framework\src\Illuminate\Pipeline\Pipeline.php(148): Illuminate\View\Middleware\ShareErrorsFromSession->handle(Object(Illuminate\Http\Request), Object(Closure))
#28 C:\Users\Thorn\Desktop\epq\vendor\laravel\framework\src\Illuminate\Routing\Pipeline.php(53): Illuminate\Pipeline\Pipeline->Illuminate\Pipeline\{closure}(Object(Illuminate\Http\Request))
#29 C:\Users\Thorn\Desktop\epq\vendor\laravel\framework\src\Illuminate\Session\Middleware\StartSession.php(64): Illuminate\Routing\Pipeline->Illuminate\Routing\{closure}(Object(Illuminate\Http\Request))
#30 C:\Users\Thorn\Desktop\epq\vendor\laravel\framework\src\Illuminate\Pipeline\Pipeline.php(148): Illuminate\Session\Middleware\StartSession->handle(Object(Illuminate\Http\Request), Object(Closure))
#31 C:\Users\Thorn\Desktop\epq\vendor\laravel\framework\src\Illuminate\Routing\Pipeline.php(53): Illuminate\Pipeline\Pipeline->Illuminate\Pipeline\{closure}(Object(Illuminate\Http\Request))
#32 C:\Users\Thorn\Desktop\epq\vendor\laravel\framework\src\Illuminate\Cookie\Middleware\AddQueuedCookiesToResponse.php(37): Illuminate\Routing\Pipeline->Illuminate\Routing\{closure}(Object(Illuminate\Http\Request))
#33 C:\Users\Thorn\Desktop\epq\vendor\laravel\framework\src\Illuminate\Pipeline\Pipeline.php(148): Illuminate\Cookie\Middleware\AddQueuedCookiesToResponse->handle(Object(Illuminate\Http\Request), Object(Closure))
#34 C:\Users\Thorn\Desktop\epq\vendor\laravel\framework\src\Illuminate\Routing\Pipeline.php(53): Illuminate\Pipeline\Pipeline->Illuminate\Pipeline\{closure}(Object(Illuminate\Http\Request))
#35 C:\Users\Thorn\Desktop\epq\vendor\laravel\framework\src\Illuminate\Cookie\Middleware\EncryptCookies.php(59): Illuminate\Routing\Pipeline->Illuminate\Routing\{closure}(Object(Illuminate\Http\Request))
#36 C:\Users\Thorn\Desktop\epq\vendor\laravel\framework\src\Illuminate\Pipeline\Pipeline.php(148): Illuminate\Cookie\Middleware\EncryptCookies->handle(Object(Illuminate\Http\Request), Object(Closure))
#37 C:\Users\Thorn\Desktop\epq\vendor\laravel\framework\src\Illuminate\Routing\Pipeline.php(53): Illuminate\Pipeline\Pipeline->Illuminate\Pipeline\{closure}(Object(Illuminate\Http\Request))
#38 C:\Users\Thorn\Desktop\epq\vendor\laravel\framework\src\Illuminate\Pipeline\Pipeline.php(102): Illuminate\Routing\Pipeline->Illuminate\Routing\{closure}(Object(Illuminate\Http\Request))
#39 C:\Users\Thorn\Desktop\epq\vendor\laravel\framework\src\Illuminate\Routing\Router.php(574): Illuminate\Pipeline\Pipeline->then(Object(Closure))
#40 C:\Users\Thorn\Desktop\epq\vendor\laravel\framework\src\Illuminate\Routing\Router.php(533): Illuminate\Routing\Router->runRouteWithinStack(Object(Illuminate\Routing\Route), Object(Illuminate\Http\Request))
#41 C:\Users\Thorn\Desktop\epq\vendor\laravel\framework\src\Illuminate\Routing\Router.php(511): Illuminate\Routing\Router->dispatchToRoute(Object(Illuminate\Http\Request))
#42 C:\Users\Thorn\Desktop\epq\vendor\laravel\framework\src\Illuminate\Foundation\Http\Kernel.php(176): Illuminate\Routing\Router->dispatch(Object(Illuminate\Http\Request))
#43 C:\Users\Thorn\Desktop\epq\vendor\laravel\framework\src\Illuminate\Routing\Pipeline.php(30): Illuminate\Foundation\Http\Kernel->Illuminate\Foundation\Http\{closure}(Object(Illuminate\Http\Request))
#44 C:\Users\Thorn\Desktop\epq\vendor\laravel\framework\src\Illuminate\Foundation\Http\Middleware\TransformsRequest.php(30): Illuminate\Routing\Pipeline->Illuminate\Routing\{closure}(Object(Illuminate\Http\Request))
#45 C:\Users\Thorn\Desktop\epq\vendor\laravel\framework\src\Illuminate\Pipeline\Pipeline.php(148): Illuminate\Foundation\Http\Middleware\TransformsRequest->handle(Object(Illuminate\Http\Request), Object(Closure))
#46 C:\Users\Thorn\Desktop\epq\vendor\laravel\framework\src\Illuminate\Routing\Pipeline.php(53): Illuminate\Pipeline\Pipeline->Illuminate\Pipeline\{closure}(Object(Illuminate\Http\Request))
#47 C:\Users\Thorn\Desktop\epq\vendor\laravel\framework\src\Illuminate\Foundation\Http\Middleware\TransformsRequest.php(30): Illuminate\Routing\Pipeline->Illuminate\Routing\{closure}(Object(Illuminate\Http\Request))
#48 C:\Users\Thorn\Desktop\epq\vendor\laravel\framework\src\Illuminate\Pipeline\Pipeline.php(148): Illuminate\Foundation\Http\Middleware\TransformsRequest->handle(Object(Illuminate\Http\Request), Object(Closure))
#49 C:\Users\Thorn\Desktop\epq\vendor\laravel\framework\src\Illuminate\Routing\Pipeline.php(53): Illuminate\Pipeline\Pipeline->Illuminate\Pipeline\{closure}(Object(Illuminate\Http\Request))
#50 C:\Users\Thorn\Desktop\epq\vendor\laravel\framework\src\Illuminate\Foundation\Http\Middleware\ValidatePostSize.php(27): Illuminate\Routing\Pipeline->Illuminate\Routing\{closure}(Object(Illuminate\Http\Request))
#51 C:\Users\Thorn\Desktop\epq\vendor\laravel\framework\src\Illuminate\Pipeline\Pipeline.php(148): Illuminate\Foundation\Http\Middleware\ValidatePostSize->handle(Object(Illuminate\Http\Request), Object(Closure))
#52 C:\Users\Thorn\Desktop\epq\vendor\laravel\framework\src\Illuminate\Routing\Pipeline.php(53): Illuminate\Pipeline\Pipeline->Illuminate\Pipeline\{closure}(Object(Illuminate\Http\Request))
#53 C:\Users\Thorn\Desktop\epq\vendor\laravel\framework\src\Illuminate\Foundation\Http\Middleware\CheckForMaintenanceMode.php(46): Illuminate\Routing\Pipeline->Illuminate\Routing\{closure}(Object(Illuminate\Http\Request))
#54 C:\Users\Thorn\Desktop\epq\vendor\laravel\framework\src\Illuminate\Pipeline\Pipeline.php(148): Illuminate\Foundation\Http\Middleware\CheckForMaintenanceMode->handle(Object(Illuminate\Http\Request), Object(Closure))
#55 C:\Users\Thorn\Desktop\epq\vendor\laravel\framework\src\Illuminate\Routing\Pipeline.php(53): Illuminate\Pipeline\Pipeline->Illuminate\Pipeline\{closure}(Object(Illuminate\Http\Request))
#56 C:\Users\Thorn\Desktop\epq\vendor\laravel\framework\src\Illuminate\Pipeline\Pipeline.php(102): Illuminate\Routing\Pipeline->Illuminate\Routing\{closure}(Object(Illuminate\Http\Request))
#57 C:\Users\Thorn\Desktop\epq\vendor\laravel\framework\src\Illuminate\Foundation\Http\Kernel.php(151): Illuminate\Pipeline\Pipeline->then(Object(Closure))
#58 C:\Users\Thorn\Desktop\epq\vendor\laravel\framework\src\Illuminate\Foundation\Http\Kernel.php(116): Illuminate\Foundation\Http\Kernel->sendRequestThroughRouter(Object(Illuminate\Http\Request))
#59 C:\Users\Thorn\Desktop\epq\public\index.php(54): Illuminate\Foundation\Http\Kernel->handle(Object(Illuminate\Http\Request))
#60 C:\Users\Thorn\Desktop\epq\server.php(21): require_once('C:\\Users\\Thorn\\...')
#61 {main}

Next exception 'Illuminate\Database\QueryException' with message 'SQLSTATE[HY000]: General error: 1364 Field 'uid' doesn't have a default value (SQL: insert into `questions` (`body`, `key`, `updated_at`, `created_at`) values (Is Alex Moore a cuntdqe8G, 2017-12-23 01:11:48, 2017-12-23 01:11:48, ?))' in C:\Users\Thorn\Desktop\epq\vendor\laravel\framework\src\Illuminate\Database\Connection.php:647
Stack trace:
#0 C:\Users\Thorn\Desktop\epq\vendor\laravel\framework\src\Illuminate\Database\Connection.php(607): Illuminate\Database\Connection->runQueryCallback('insert into `qu...', Array, Object(Closure))
#1 C:\Users\Thorn\Desktop\epq\vendor\laravel\framework\src\Illuminate\Database\Connection.php(450): Illuminate\Database\Connection->run('insert into `qu...', Array, Object(Closure))
#2 C:\Users\Thorn\Desktop\epq\vendor\laravel\framework\src\Illuminate\Database\Connection.php(404): Illuminate\Database\Connection->statement('insert into `qu...', Array)
#3 C:\Users\Thorn\Desktop\epq\vendor\laravel\framework\src\Illuminate\Database\Query\Processors\Processor.php(32): Illuminate\Database\Connection->insert('insert into `qu...', Array)
#4 C:\Users\Thorn\Desktop\epq\vendor\laravel\framework\src\Illuminate\Database\Query\Builder.php(2133): Illuminate\Database\Query\Processors\Processor->processInsertGetId(Object(Illuminate\Database\Query\Builder), 'insert into `qu...', Array, 'id')
#5 C:\Users\Thorn\Desktop\epq\vendor\laravel\framework\src\Illuminate\Database\Eloquent\Builder.php(1251): Illuminate\Database\Query\Builder->insertGetId(Array, 'id')
#6 C:\Users\Thorn\Desktop\epq\vendor\laravel\framework\src\Illuminate\Database\Eloquent\Model.php(688): Illuminate\Database\Eloquent\Builder->__call('insertGetId', Array)
#7 C:\Users\Thorn\Desktop\epq\vendor\laravel\framework\src\Illuminate\Database\Eloquent\Model.php(688): Illuminate\Database\Eloquent\Builder->insertGetId(Array, 'id')
#8 C:\Users\Thorn\Desktop\epq\vendor\laravel\framework\src\Illuminate\Database\Eloquent\Model.php(653): Illuminate\Database\Eloquent\Model->insertAndSetId(Object(Illuminate\Database\Eloquent\Builder), Array)
#9 C:\Users\Thorn\Desktop\epq\vendor\laravel\framework\src\Illuminate\Database\Eloquent\Model.php(522): Illuminate\Database\Eloquent\Model->performInsert(Object(Illuminate\Database\Eloquent\Builder))
#10 C:\Users\Thorn\Desktop\epq\app\Http\Controllers\create.php(36): Illuminate\Database\Eloquent\Model->save()
#11 [internal function]: App\Http\Controllers\create->store(Object(Illuminate\Http\Request))
#12 C:\Users\Thorn\Desktop\epq\vendor\laravel\framework\src\Illuminate\Routing\Controller.php(55): call_user_func_array(Array, Array)
#13 C:\Users\Thorn\Desktop\epq\vendor\laravel\framework\src\Illuminate\Routing\ControllerDispatcher.php(44): Illuminate\Routing\Controller->callAction('store', Array)
#14 C:\Users\Thorn\Desktop\epq\vendor\laravel\framework\src\Illuminate\Routing\Route.php(204): Illuminate\Routing\ControllerDispatcher->dispatch(Object(Illuminate\Routing\Route), Object(App\Http\Controllers\create), 'store')
#15 C:\Users\Thorn\Desktop\epq\vendor\laravel\framework\src\Illuminate\Routing\Route.php(160): Illuminate\Routing\Route->runController()
#16 C:\Users\Thorn\Desktop\epq\vendor\laravel\framework\src\Illuminate\Routing\Router.php(572): Illuminate\Routing\Route->run()
#17 C:\Users\Thorn\Desktop\epq\vendor\laravel\framework\src\Illuminate\Routing\Pipeline.php(30): Illuminate\Routing\Router->Illuminate\Routing\{closure}(Object(Illuminate\Http\Request))
#18 C:\Users\Thorn\Desktop\epq\vendor\laravel\framework\src\Illuminate\Routing\Middleware\SubstituteBindings.php(41): Illuminate\Routing\Pipeline->Illuminate\Routing\{closure}(Object(Illuminate\Http\Request))
#19 C:\Users\Thorn\Desktop\epq\vendor\laravel\framework\src\Illuminate\Pipeline\Pipeline.php(148): Illuminate\Routing\Middleware\SubstituteBindings->handle(Object(Illuminate\Http\Request), Object(Closure))
#20 C:\Users\Thorn\Desktop\epq\vendor\laravel\framework\src\Illuminate\Routing\Pipeline.php(53): Illuminate\Pipeline\Pipeline->Illuminate\Pipeline\{closure}(Object(Illuminate\Http\Request))
#21 C:\Users\Thorn\Desktop\epq\vendor\laravel\framework\src\Illuminate\Foundation\Http\Middleware\VerifyCsrfToken.php(65): Illuminate\Routing\Pipeline->Illuminate\Routing\{closure}(Object(Illuminate\Http\Request))
#22 C:\Users\Thorn\Desktop\epq\vendor\laravel\framework\src\Illuminate\Pipeline\Pipeline.php(148): Illuminate\Foundation\Http\Middleware\VerifyCsrfToken->handle(Object(Illuminate\Http\Request), Object(Closure))
#23 C:\Users\Thorn\Desktop\epq\vendor\laravel\framework\src\Illuminate\Routing\Pipeline.php(53): Illuminate\Pipeline\Pipeline->Illuminate\Pipeline\{closure}(Object(Illuminate\Http\Request))
#24 C:\Users\Thorn\Desktop\epq\vendor\laravel\framework\src\Illuminate\View\Middleware\ShareErrorsFromSession.php(49): Illuminate\Routing\Pipeline->Illuminate\Routing\{closure}(Object(Illuminate\Http\Request))
#25 C:\Users\Thorn\Desktop\epq\vendor\laravel\framework\src\Illuminate\Pipeline\Pipeline.php(148): Illuminate\View\Middleware\ShareErrorsFromSession->handle(Object(Illuminate\Http\Request), Object(Closure))
#26 C:\Users\Thorn\Desktop\epq\vendor\laravel\framework\src\Illuminate\Routing\Pipeline.php(53): Illuminate\Pipeline\Pipeline->Illuminate\Pipeline\{closure}(Object(Illuminate\Http\Request))
#27 C:\Users\Thorn\Desktop\epq\vendor\laravel\framework\src\Illuminate\Session\Middleware\StartSession.php(64): Illuminate\Routing\Pipeline->Illuminate\Routing\{closure}(Object(Illuminate\Http\Request))
#28 C:\Users\Thorn\Desktop\epq\vendor\laravel\framework\src\Illuminate\Pipeline\Pipeline.php(148): Illuminate\Session\Middleware\StartSession->handle(Object(Illuminate\Http\Request), Object(Closure))
#29 C:\Users\Thorn\Desktop\epq\vendor\laravel\framework\src\Illuminate\Routing\Pipeline.php(53): Illuminate\Pipeline\Pipeline->Illuminate\Pipeline\{closure}(Object(Illuminate\Http\Request))
#30 C:\Users\Thorn\Desktop\epq\vendor\laravel\framework\src\Illuminate\Cookie\Middleware\AddQueuedCookiesToResponse.php(37): Illuminate\Routing\Pipeline->Illuminate\Routing\{closure}(Object(Illuminate\Http\Request))
#31 C:\Users\Thorn\Desktop\epq\vendor\laravel\framework\src\Illuminate\Pipeline\Pipeline.php(148): Illuminate\Cookie\Middleware\AddQueuedCookiesToResponse->handle(Object(Illuminate\Http\Request), Object(Closure))
#32 C:\Users\Thorn\Desktop\epq\vendor\laravel\framework\src\Illuminate\Routing\Pipeline.php(53): Illuminate\Pipeline\Pipeline->Illuminate\Pipeline\{closure}(Object(Illuminate\Http\Request))
#33 C:\Users\Thorn\Desktop\epq\vendor\laravel\framework\src\Illuminate\Cookie\Middleware\EncryptCookies.php(59): Illuminate\Routing\Pipeline->Illuminate\Routing\{closure}(Object(Illuminate\Http\Request))
#34 C:\Users\Thorn\Desktop\epq\vendor\laravel\framework\src\Illuminate\Pipeline\Pipeline.php(148): Illuminate\Cookie\Middleware\EncryptCookies->handle(Object(Illuminate\Http\Request), Object(Closure))
#35 C:\Users\Thorn\Desktop\epq\vendor\laravel\framework\src\Illuminate\Routing\Pipeline.php(53): Illuminate\Pipeline\Pipeline->Illuminate\Pipeline\{closure}(Object(Illuminate\Http\Request))
#36 C:\Users\Thorn\Desktop\epq\vendor\laravel\framework\src\Illuminate\Pipeline\Pipeline.php(102): Illuminate\Routing\Pipeline->Illuminate\Routing\{closure}(Object(Illuminate\Http\Request))
#37 C:\Users\Thorn\Desktop\epq\vendor\laravel\framework\src\Illuminate\Routing\Router.php(574): Illuminate\Pipeline\Pipeline->then(Object(Closure))
#38 C:\Users\Thorn\Desktop\epq\vendor\laravel\framework\src\Illuminate\Routing\Router.php(533): Illuminate\Routing\Router->runRouteWithinStack(Object(Illuminate\Routing\Route), Object(Illuminate\Http\Request))
#39 C:\Users\Thorn\Desktop\epq\vendor\laravel\framework\src\Illuminate\Routing\Router.php(511): Illuminate\Routing\Router->dispatchToRoute(Object(Illuminate\Http\Request))
#40 C:\Users\Thorn\Desktop\epq\vendor\laravel\framework\src\Illuminate\Foundation\Http\Kernel.php(176): Illuminate\Routing\Router->dispatch(Object(Illuminate\Http\Request))
#41 C:\Users\Thorn\Desktop\epq\vendor\laravel\framework\src\Illuminate\Routing\Pipeline.php(30): Illuminate\Foundation\Http\Kernel->Illuminate\Foundation\Http\{closure}(Object(Illuminate\Http\Request))
#42 C:\Users\Thorn\Desktop\epq\vendor\laravel\framework\src\Illuminate\Foundation\Http\Middleware\TransformsRequest.php(30): Illuminate\Routing\Pipeline->Illuminate\Routing\{closure}(Object(Illuminate\Http\Request))
#43 C:\Users\Thorn\Desktop\epq\vendor\laravel\framework\src\Illuminate\Pipeline\Pipeline.php(148): Illuminate\Foundation\Http\Middleware\TransformsRequest->handle(Object(Illuminate\Http\Request), Object(Closure))
#44 C:\Users\Thorn\Desktop\epq\vendor\laravel\framework\src\Illuminate\Routing\Pipeline.php(53): Illuminate\Pipeline\Pipeline->Illuminate\Pipeline\{closure}(Object(Illuminate\Http\Request))
#45 C:\Users\Thorn\Desktop\epq\vendor\laravel\framework\src\Illuminate\Foundation\Http\Middleware\TransformsRequest.php(30): Illuminate\Routing\Pipeline->Illuminate\Routing\{closure}(Object(Illuminate\Http\Request))
#46 C:\Users\Thorn\Desktop\epq\vendor\laravel\framework\src\Illuminate\Pipeline\Pipeline.php(148): Illuminate\Foundation\Http\Middleware\TransformsRequest->handle(Object(Illuminate\Http\Request), Object(Closure))
#47 C:\Users\Thorn\Desktop\epq\vendor\laravel\framework\src\Illuminate\Routing\Pipeline.php(53): Illuminate\Pipeline\Pipeline->Illuminate\Pipeline\{closure}(Object(Illuminate\Http\Request))
#48 C:\Users\Thorn\Desktop\epq\vendor\laravel\framework\src\Illuminate\Foundation\Http\Middleware\ValidatePostSize.php(27): Illuminate\Routing\Pipeline->Illuminate\Routing\{closure}(Object(Illuminate\Http\Request))
#49 C:\Users\Thorn\Desktop\epq\vendor\laravel\framework\src\Illuminate\Pipeline\Pipeline.php(148): Illuminate\Foundation\Http\Middleware\ValidatePostSize->handle(Object(Illuminate\Http\Request), Object(Closure))
#50 C:\Users\Thorn\Desktop\epq\vendor\laravel\framework\src\Illuminate\Routing\Pipeline.php(53): Illuminate\Pipeline\Pipeline->Illuminate\Pipeline\{closure}(Object(Illuminate\Http\Request))
#51 C:\Users\Thorn\Desktop\epq\vendor\laravel\framework\src\Illuminate\Foundation\Http\Middleware\CheckForMaintenanceMode.php(46): Illuminate\Routing\Pipeline->Illuminate\Routing\{closure}(Object(Illuminate\Http\Request))
#52 C:\Users\Thorn\Desktop\epq\vendor\laravel\framework\src\Illuminate\Pipeline\Pipeline.php(148): Illuminate\Foundation\Http\Middleware\CheckForMaintenanceMode->handle(Object(Illuminate\Http\Request), Object(Closure))
#53 C:\Users\Thorn\Desktop\epq\vendor\laravel\framework\src\Illuminate\Routing\Pipeline.php(53): Illuminate\Pipeline\Pipeline->Illuminate\Pipeline\{closure}(Object(Illuminate\Http\Request))
#54 C:\Users\Thorn\Desktop\epq\vendor\laravel\framework\src\Illuminate\Pipeline\Pipeline.php(102): Illuminate\Routing\Pipeline->Illuminate\Routing\{closure}(Object(Illuminate\Http\Request))
#55 C:\Users\Thorn\Desktop\epq\vendor\laravel\framework\src\Illuminate\Foundation\Http\Kernel.php(151): Illuminate\Pipeline\Pipeline->then(Object(Closure))
#56 C:\Users\Thorn\Desktop\epq\vendor\laravel\framework\src\Illuminate\Foundation\Http\Kernel.php(116): Illuminate\Foundation\Http\Kernel->sendRequestThroughRouter(Object(Illuminate\Http\Request))
#57 C:\Users\Thorn\Desktop\epq\public\index.php(54): Illuminate\Foundation\Http\Kernel->handle(Object(Illuminate\Http\Request))
#58 C:\Users\Thorn\Desktop\epq\server.php(21): require_once('C:\\Users\\Thorn\\...')
#59 {main}  
[2017-12-23 01:13:13] local.ERROR: exception 'Symfony\Component\Debug\Exception\FatalErrorException' with message 'Class 'App\Http\Controllers\Auth' not found' in C:\Users\Thorn\Desktop\epq\app\Http\Controllers\create.php:36
Stack trace:
#0 {main}  
[2017-12-23 01:28:40] local.ERROR: exception 'Symfony\Component\Debug\Exception\FatalErrorException' with message 'Class 'App\Http\Controllers\Response' not found' in C:\Users\Thorn\Desktop\epq\app\Http\Controllers\create.php:57
Stack trace:
#0 {main}  
[2017-12-23 01:29:00] local.ERROR: exception 'InvalidArgumentException' with message 'View [errors.missing] not found.' in C:\Users\Thorn\Desktop\epq\vendor\laravel\framework\src\Illuminate\View\FileViewFinder.php:137
Stack trace:
#0 C:\Users\Thorn\Desktop\epq\vendor\laravel\framework\src\Illuminate\View\FileViewFinder.php(79): Illuminate\View\FileViewFinder->findInPaths('errors.missing', Array)
#1 C:\Users\Thorn\Desktop\epq\vendor\laravel\framework\src\Illuminate\View\Factory.php(129): Illuminate\View\FileViewFinder->find('errors.missing')
#2 C:\Users\Thorn\Desktop\epq\vendor\laravel\framework\src\Illuminate\Foundation\helpers.php(885): Illuminate\View\Factory->make('errors.missing', Array, 404)
#3 C:\Users\Thorn\Desktop\epq\app\Http\Controllers\create.php(57): view('errors.missing', Array, 404)
#4 [internal function]: App\Http\Controllers\create->load('tomas')
#5 C:\Users\Thorn\Desktop\epq\vendor\laravel\framework\src\Illuminate\Routing\Controller.php(55): call_user_func_array(Array, Array)
#6 C:\Users\Thorn\Desktop\epq\vendor\laravel\framework\src\Illuminate\Routing\ControllerDispatcher.php(44): Illuminate\Routing\Controller->callAction('load', Array)
#7 C:\Users\Thorn\Desktop\epq\vendor\laravel\framework\src\Illuminate\Routing\Route.php(204): Illuminate\Routing\ControllerDispatcher->dispatch(Object(Illuminate\Routing\Route), Object(App\Http\Controllers\create), 'load')
#8 C:\Users\Thorn\Desktop\epq\vendor\laravel\framework\src\Illuminate\Routing\Route.php(160): Illuminate\Routing\Route->runController()
#9 C:\Users\Thorn\Desktop\epq\vendor\laravel\framework\src\Illuminate\Routing\Router.php(572): Illuminate\Routing\Route->run()
#10 C:\Users\Thorn\Desktop\epq\vendor\laravel\framework\src\Illuminate\Routing\Pipeline.php(30): Illuminate\Routing\Router->Illuminate\Routing\{closure}(Object(Illuminate\Http\Request))
#11 C:\Users\Thorn\Desktop\epq\vendor\laravel\framework\src\Illuminate\Routing\Middleware\SubstituteBindings.php(41): Illuminate\Routing\Pipeline->Illuminate\Routing\{closure}(Object(Illuminate\Http\Request))
#12 C:\Users\Thorn\Desktop\epq\vendor\laravel\framework\src\Illuminate\Pipeline\Pipeline.php(148): Illuminate\Routing\Middleware\SubstituteBindings->handle(Object(Illuminate\Http\Request), Object(Closure))
#13 C:\Users\Thorn\Desktop\epq\vendor\laravel\framework\src\Illuminate\Routing\Pipeline.php(53): Illuminate\Pipeline\Pipeline->Illuminate\Pipeline\{closure}(Object(Illuminate\Http\Request))
#14 C:\Users\Thorn\Desktop\epq\vendor\laravel\framework\src\Illuminate\Auth\Middleware\Authenticate.php(43): Illuminate\Routing\Pipeline->Illuminate\Routing\{closure}(Object(Illuminate\Http\Request))
#15 C:\Users\Thorn\Desktop\epq\vendor\laravel\framework\src\Illuminate\Pipeline\Pipeline.php(148): Illuminate\Auth\Middleware\Authenticate->handle(Object(Illuminate\Http\Request), Object(Closure))
#16 C:\Users\Thorn\Desktop\epq\vendor\laravel\framework\src\Illuminate\Routing\Pipeline.php(53): Illuminate\Pipeline\Pipeline->Illuminate\Pipeline\{closure}(Object(Illuminate\Http\Request))
#17 C:\Users\Thorn\Desktop\epq\vendor\laravel\framework\src\Illuminate\Foundation\Http\Middleware\VerifyCsrfToken.php(65): Illuminate\Routing\Pipeline->Illuminate\Routing\{closure}(Object(Illuminate\Http\Request))
#18 C:\Users\Thorn\Desktop\epq\vendor\laravel\framework\src\Illuminate\Pipeline\Pipeline.php(148): Illuminate\Foundation\Http\Middleware\VerifyCsrfToken->handle(Object(Illuminate\Http\Request), Object(Closure))
#19 C:\Users\Thorn\Desktop\epq\vendor\laravel\framework\src\Illuminate\Routing\Pipeline.php(53): Illuminate\Pipeline\Pipeline->Illuminate\Pipeline\{closure}(Object(Illuminate\Http\Request))
#20 C:\Users\Thorn\Desktop\epq\vendor\laravel\framework\src\Illuminate\View\Middleware\ShareErrorsFromSession.php(49): Illuminate\Routing\Pipeline->Illuminate\Routing\{closure}(Object(Illuminate\Http\Request))
#21 C:\Users\Thorn\Desktop\epq\vendor\laravel\framework\src\Illuminate\Pipeline\Pipeline.php(148): Illuminate\View\Middleware\ShareErrorsFromSession->handle(Object(Illuminate\Http\Request), Object(Closure))
#22 C:\Users\Thorn\Desktop\epq\vendor\laravel\framework\src\Illuminate\Routing\Pipeline.php(53): Illuminate\Pipeline\Pipeline->Illuminate\Pipeline\{closure}(Object(Illuminate\Http\Request))
#23 C:\Users\Thorn\Desktop\epq\vendor\laravel\framework\src\Illuminate\Session\Middleware\StartSession.php(64): Illuminate\Routing\Pipeline->Illuminate\Routing\{closure}(Object(Illuminate\Http\Request))
#24 C:\Users\Thorn\Desktop\epq\vendor\laravel\framework\src\Illuminate\Pipeline\Pipeline.php(148): Illuminate\Session\Middleware\StartSession->handle(Object(Illuminate\Http\Request), Object(Closure))
#25 C:\Users\Thorn\Desktop\epq\vendor\laravel\framework\src\Illuminate\Routing\Pipeline.php(53): Illuminate\Pipeline\Pipeline->Illuminate\Pipeline\{closure}(Object(Illuminate\Http\Request))
#26 C:\Users\Thorn\Desktop\epq\vendor\laravel\framework\src\Illuminate\Cookie\Middleware\AddQueuedCookiesToResponse.php(37): Illuminate\Routing\Pipeline->Illuminate\Routing\{closure}(Object(Illuminate\Http\Request))
#27 C:\Users\Thorn\Desktop\epq\vendor\laravel\framework\src\Illuminate\Pipeline\Pipeline.php(148): Illuminate\Cookie\Middleware\AddQueuedCookiesToResponse->handle(Object(Illuminate\Http\Request), Object(Closure))
#28 C:\Users\Thorn\Desktop\epq\vendor\laravel\framework\src\Illuminate\Routing\Pipeline.php(53): Illuminate\Pipeline\Pipeline->Illuminate\Pipeline\{closure}(Object(Illuminate\Http\Request))
#29 C:\Users\Thorn\Desktop\epq\vendor\laravel\framework\src\Illuminate\Cookie\Middleware\EncryptCookies.php(59): Illuminate\Routing\Pipeline->Illuminate\Routing\{closure}(Object(Illuminate\Http\Request))
#30 C:\Users\Thorn\Desktop\epq\vendor\laravel\framework\src\Illuminate\Pipeline\Pipeline.php(148): Illuminate\Cookie\Middleware\EncryptCookies->handle(Object(Illuminate\Http\Request), Object(Closure))
#31 C:\Users\Thorn\Desktop\epq\vendor\laravel\framework\src\Illuminate\Routing\Pipeline.php(53): Illuminate\Pipeline\Pipeline->Illuminate\Pipeline\{closure}(Object(Illuminate\Http\Request))
#32 C:\Users\Thorn\Desktop\epq\vendor\laravel\framework\src\Illuminate\Pipeline\Pipeline.php(102): Illuminate\Routing\Pipeline->Illuminate\Routing\{closure}(Object(Illuminate\Http\Request))
#33 C:\Users\Thorn\Desktop\epq\vendor\laravel\framework\src\Illuminate\Routing\Router.php(574): Illuminate\Pipeline\Pipeline->then(Object(Closure))
#34 C:\Users\Thorn\Desktop\epq\vendor\laravel\framework\src\Illuminate\Routing\Router.php(533): Illuminate\Routing\Router->runRouteWithinStack(Object(Illuminate\Routing\Route), Object(Illuminate\Http\Request))
#35 C:\Users\Thorn\Desktop\epq\vendor\laravel\framework\src\Illuminate\Routing\Router.php(511): Illuminate\Routing\Router->dispatchToRoute(Object(Illuminate\Http\Request))
#36 C:\Users\Thorn\Desktop\epq\vendor\laravel\framework\src\Illuminate\Foundation\Http\Kernel.php(176): Illuminate\Routing\Router->dispatch(Object(Illuminate\Http\Request))
#37 C:\Users\Thorn\Desktop\epq\vendor\laravel\framework\src\Illuminate\Routing\Pipeline.php(30): Illuminate\Foundation\Http\Kernel->Illuminate\Foundation\Http\{closure}(Object(Illuminate\Http\Request))
#38 C:\Users\Thorn\Desktop\epq\vendor\laravel\framework\src\Illuminate\Foundation\Http\Middleware\TransformsRequest.php(30): Illuminate\Routing\Pipeline->Illuminate\Routing\{closure}(Object(Illuminate\Http\Request))
#39 C:\Users\Thorn\Desktop\epq\vendor\laravel\framework\src\Illuminate\Pipeline\Pipeline.php(148): Illuminate\Foundation\Http\Middleware\TransformsRequest->handle(Object(Illuminate\Http\Request), Object(Closure))
#40 C:\Users\Thorn\Desktop\epq\vendor\laravel\framework\src\Illuminate\Routing\Pipeline.php(53): Illuminate\Pipeline\Pipeline->Illuminate\Pipeline\{closure}(Object(Illuminate\Http\Request))
#41 C:\Users\Thorn\Desktop\epq\vendor\laravel\framework\src\Illuminate\Foundation\Http\Middleware\TransformsRequest.php(30): Illuminate\Routing\Pipeline->Illuminate\Routing\{closure}(Object(Illuminate\Http\Request))
#42 C:\Users\Thorn\Desktop\epq\vendor\laravel\framework\src\Illuminate\Pipeline\Pipeline.php(148): Illuminate\Foundation\Http\Middleware\TransformsRequest->handle(Object(Illuminate\Http\Request), Object(Closure))
#43 C:\Users\Thorn\Desktop\epq\vendor\laravel\framework\src\Illuminate\Routing\Pipeline.php(53): Illuminate\Pipeline\Pipeline->Illuminate\Pipeline\{closure}(Object(Illuminate\Http\Request))
#44 C:\Users\Thorn\Desktop\epq\vendor\laravel\framework\src\Illuminate\Foundation\Http\Middleware\ValidatePostSize.php(27): Illuminate\Routing\Pipeline->Illuminate\Routing\{closure}(Object(Illuminate\Http\Request))
#45 C:\Users\Thorn\Desktop\epq\vendor\laravel\framework\src\Illuminate\Pipeline\Pipeline.php(148): Illuminate\Foundation\Http\Middleware\ValidatePostSize->handle(Object(Illuminate\Http\Request), Object(Closure))
#46 C:\Users\Thorn\Desktop\epq\vendor\laravel\framework\src\Illuminate\Routing\Pipeline.php(53): Illuminate\Pipeline\Pipeline->Illuminate\Pipeline\{closure}(Object(Illuminate\Http\Request))
#47 C:\Users\Thorn\Desktop\epq\vendor\laravel\framework\src\Illuminate\Foundation\Http\Middleware\CheckForMaintenanceMode.php(46): Illuminate\Routing\Pipeline->Illuminate\Routing\{closure}(Object(Illuminate\Http\Request))
#48 C:\Users\Thorn\Desktop\epq\vendor\laravel\framework\src\Illuminate\Pipeline\Pipeline.php(148): Illuminate\Foundation\Http\Middleware\CheckForMaintenanceMode->handle(Object(Illuminate\Http\Request), Object(Closure))
#49 C:\Users\Thorn\Desktop\epq\vendor\laravel\framework\src\Illuminate\Routing\Pipeline.php(53): Illuminate\Pipeline\Pipeline->Illuminate\Pipeline\{closure}(Object(Illuminate\Http\Request))
#50 C:\Users\Thorn\Desktop\epq\vendor\laravel\framework\src\Illuminate\Pipeline\Pipeline.php(102): Illuminate\Routing\Pipeline->Illuminate\Routing\{closure}(Object(Illuminate\Http\Request))
#51 C:\Users\Thorn\Desktop\epq\vendor\laravel\framework\src\Illuminate\Foundation\Http\Kernel.php(151): Illuminate\Pipeline\Pipeline->then(Object(Closure))
#52 C:\Users\Thorn\Desktop\epq\vendor\laravel\framework\src\Illuminate\Foundation\Http\Kernel.php(116): Illuminate\Foundation\Http\Kernel->sendRequestThroughRouter(Object(Illuminate\Http\Request))
#53 C:\Users\Thorn\Desktop\epq\public\index.php(54): Illuminate\Foundation\Http\Kernel->handle(Object(Illuminate\Http\Request))
#54 C:\Users\Thorn\Desktop\epq\server.php(21): require_once('C:\\Users\\Thorn\\...')
#55 {main}  
[2017-12-23 01:29:51] local.ERROR: exception 'Symfony\Component\Debug\Exception\FatalErrorException' with message 'Class 'App\Http\Controllers\App' not found' in C:\Users\Thorn\Desktop\epq\app\Http\Controllers\create.php:58
Stack trace:
#0 {main}  
[2017-12-23 02:09:16] local.ERROR: exception 'PDOException' with message 'SQLSTATE[42S22]: Column not found: 1054 Unknown column 'optionid' in 'field list'' in C:\Users\Thorn\Desktop\epq\vendor\laravel\framework\src\Illuminate\Database\Connection.php:445
Stack trace:
#0 C:\Users\Thorn\Desktop\epq\vendor\laravel\framework\src\Illuminate\Database\Connection.php(445): PDO->prepare('insert into `vo...')
#1 C:\Users\Thorn\Desktop\epq\vendor\laravel\framework\src\Illuminate\Database\Connection.php(640): Illuminate\Database\Connection->Illuminate\Database\{closure}('insert into `vo...', Array)
#2 C:\Users\Thorn\Desktop\epq\vendor\laravel\framework\src\Illuminate\Database\Connection.php(607): Illuminate\Database\Connection->runQueryCallback('insert into `vo...', Array, Object(Closure))
#3 C:\Users\Thorn\Desktop\epq\vendor\laravel\framework\src\Illuminate\Database\Connection.php(450): Illuminate\Database\Connection->run('insert into `vo...', Array, Object(Closure))
#4 C:\Users\Thorn\Desktop\epq\vendor\laravel\framework\src\Illuminate\Database\Connection.php(404): Illuminate\Database\Connection->statement('insert into `vo...', Array)
#5 C:\Users\Thorn\Desktop\epq\vendor\laravel\framework\src\Illuminate\Database\Query\Processors\Processor.php(32): Illuminate\Database\Connection->insert('insert into `vo...', Array)
#6 C:\Users\Thorn\Desktop\epq\vendor\laravel\framework\src\Illuminate\Database\Query\Builder.php(2133): Illuminate\Database\Query\Processors\Processor->processInsertGetId(Object(Illuminate\Database\Query\Builder), 'insert into `vo...', Array, 'id')
#7 C:\Users\Thorn\Desktop\epq\vendor\laravel\framework\src\Illuminate\Database\Eloquent\Builder.php(1251): Illuminate\Database\Query\Builder->insertGetId(Array, 'id')
#8 C:\Users\Thorn\Desktop\epq\vendor\laravel\framework\src\Illuminate\Database\Eloquent\Model.php(688): Illuminate\Database\Eloquent\Builder->__call('insertGetId', Array)
#9 C:\Users\Thorn\Desktop\epq\vendor\laravel\framework\src\Illuminate\Database\Eloquent\Model.php(688): Illuminate\Database\Eloquent\Builder->insertGetId(Array, 'id')
#10 C:\Users\Thorn\Desktop\epq\vendor\laravel\framework\src\Illuminate\Database\Eloquent\Model.php(653): Illuminate\Database\Eloquent\Model->insertAndSetId(Object(Illuminate\Database\Eloquent\Builder), Array)
#11 C:\Users\Thorn\Desktop\epq\vendor\laravel\framework\src\Illuminate\Database\Eloquent\Model.php(522): Illuminate\Database\Eloquent\Model->performInsert(Object(Illuminate\Database\Eloquent\Builder))
#12 C:\Users\Thorn\Desktop\epq\app\Http\Controllers\create.php(72): Illuminate\Database\Eloquent\Model->save()
#13 [internal function]: App\Http\Controllers\create->vote(Object(Illuminate\Http\Request))
#14 C:\Users\Thorn\Desktop\epq\vendor\laravel\framework\src\Illuminate\Routing\Controller.php(55): call_user_func_array(Array, Array)
#15 C:\Users\Thorn\Desktop\epq\vendor\laravel\framework\src\Illuminate\Routing\ControllerDispatcher.php(44): Illuminate\Routing\Controller->callAction('vote', Array)
#16 C:\Users\Thorn\Desktop\epq\vendor\laravel\framework\src\Illuminate\Routing\Route.php(204): Illuminate\Routing\ControllerDispatcher->dispatch(Object(Illuminate\Routing\Route), Object(App\Http\Controllers\create), 'vote')
#17 C:\Users\Thorn\Desktop\epq\vendor\laravel\framework\src\Illuminate\Routing\Route.php(160): Illuminate\Routing\Route->runController()
#18 C:\Users\Thorn\Desktop\epq\vendor\laravel\framework\src\Illuminate\Routing\Router.php(572): Illuminate\Routing\Route->run()
#19 C:\Users\Thorn\Desktop\epq\vendor\laravel\framework\src\Illuminate\Routing\Pipeline.php(30): Illuminate\Routing\Router->Illuminate\Routing\{closure}(Object(Illuminate\Http\Request))
#20 C:\Users\Thorn\Desktop\epq\vendor\laravel\framework\src\Illuminate\Routing\Middleware\SubstituteBindings.php(41): Illuminate\Routing\Pipeline->Illuminate\Routing\{closure}(Object(Illuminate\Http\Request))
#21 C:\Users\Thorn\Desktop\epq\vendor\laravel\framework\src\Illuminate\Pipeline\Pipeline.php(148): Illuminate\Routing\Middleware\SubstituteBindings->handle(Object(Illuminate\Http\Request), Object(Closure))
#22 C:\Users\Thorn\Desktop\epq\vendor\laravel\framework\src\Illuminate\Routing\Pipeline.php(53): Illuminate\Pipeline\Pipeline->Illuminate\Pipeline\{closure}(Object(Illuminate\Http\Request))
#23 C:\Users\Thorn\Desktop\epq\vendor\laravel\framework\src\Illuminate\Auth\Middleware\Authenticate.php(43): Illuminate\Routing\Pipeline->Illuminate\Routing\{closure}(Object(Illuminate\Http\Request))
#24 C:\Users\Thorn\Desktop\epq\vendor\laravel\framework\src\Illuminate\Pipeline\Pipeline.php(148): Illuminate\Auth\Middleware\Authenticate->handle(Object(Illuminate\Http\Request), Object(Closure))
#25 C:\Users\Thorn\Desktop\epq\vendor\laravel\framework\src\Illuminate\Routing\Pipeline.php(53): Illuminate\Pipeline\Pipeline->Illuminate\Pipeline\{closure}(Object(Illuminate\Http\Request))
#26 C:\Users\Thorn\Desktop\epq\vendor\laravel\framework\src\Illuminate\Foundation\Http\Middleware\VerifyCsrfToken.php(65): Illuminate\Routing\Pipeline->Illuminate\Routing\{closure}(Object(Illuminate\Http\Request))
#27 C:\Users\Thorn\Desktop\epq\vendor\laravel\framework\src\Illuminate\Pipeline\Pipeline.php(148): Illuminate\Foundation\Http\Middleware\VerifyCsrfToken->handle(Object(Illuminate\Http\Request), Object(Closure))
#28 C:\Users\Thorn\Desktop\epq\vendor\laravel\framework\src\Illuminate\Routing\Pipeline.php(53): Illuminate\Pipeline\Pipeline->Illuminate\Pipeline\{closure}(Object(Illuminate\Http\Request))
#29 C:\Users\Thorn\Desktop\epq\vendor\laravel\framework\src\Illuminate\View\Middleware\ShareErrorsFromSession.php(49): Illuminate\Routing\Pipeline->Illuminate\Routing\{closure}(Object(Illuminate\Http\Request))
#30 C:\Users\Thorn\Desktop\epq\vendor\laravel\framework\src\Illuminate\Pipeline\Pipeline.php(148): Illuminate\View\Middleware\ShareErrorsFromSession->handle(Object(Illuminate\Http\Request), Object(Closure))
#31 C:\Users\Thorn\Desktop\epq\vendor\laravel\framework\src\Illuminate\Routing\Pipeline.php(53): Illuminate\Pipeline\Pipeline->Illuminate\Pipeline\{closure}(Object(Illuminate\Http\Request))
#32 C:\Users\Thorn\Desktop\epq\vendor\laravel\framework\src\Illuminate\Session\Middleware\StartSession.php(64): Illuminate\Routing\Pipeline->Illuminate\Routing\{closure}(Object(Illuminate\Http\Request))
#33 C:\Users\Thorn\Desktop\epq\vendor\laravel\framework\src\Illuminate\Pipeline\Pipeline.php(148): Illuminate\Session\Middleware\StartSession->handle(Object(Illuminate\Http\Request), Object(Closure))
#34 C:\Users\Thorn\Desktop\epq\vendor\laravel\framework\src\Illuminate\Routing\Pipeline.php(53): Illuminate\Pipeline\Pipeline->Illuminate\Pipeline\{closure}(Object(Illuminate\Http\Request))
#35 C:\Users\Thorn\Desktop\epq\vendor\laravel\framework\src\Illuminate\Cookie\Middleware\AddQueuedCookiesToResponse.php(37): Illuminate\Routing\Pipeline->Illuminate\Routing\{closure}(Object(Illuminate\Http\Request))
#36 C:\Users\Thorn\Desktop\epq\vendor\laravel\framework\src\Illuminate\Pipeline\Pipeline.php(148): Illuminate\Cookie\Middleware\AddQueuedCookiesToResponse->handle(Object(Illuminate\Http\Request), Object(Closure))
#37 C:\Users\Thorn\Desktop\epq\vendor\laravel\framework\src\Illuminate\Routing\Pipeline.php(53): Illuminate\Pipeline\Pipeline->Illuminate\Pipeline\{closure}(Object(Illuminate\Http\Request))
#38 C:\Users\Thorn\Desktop\epq\vendor\laravel\framework\src\Illuminate\Cookie\Middleware\EncryptCookies.php(59): Illuminate\Routing\Pipeline->Illuminate\Routing\{closure}(Object(Illuminate\Http\Request))
#39 C:\Users\Thorn\Desktop\epq\vendor\laravel\framework\src\Illuminate\Pipeline\Pipeline.php(148): Illuminate\Cookie\Middleware\EncryptCookies->handle(Object(Illuminate\Http\Request), Object(Closure))
#40 C:\Users\Thorn\Desktop\epq\vendor\laravel\framework\src\Illuminate\Routing\Pipeline.php(53): Illuminate\Pipeline\Pipeline->Illuminate\Pipeline\{closure}(Object(Illuminate\Http\Request))
#41 C:\Users\Thorn\Desktop\epq\vendor\laravel\framework\src\Illuminate\Pipeline\Pipeline.php(102): Illuminate\Routing\Pipeline->Illuminate\Routing\{closure}(Object(Illuminate\Http\Request))
#42 C:\Users\Thorn\Desktop\epq\vendor\laravel\framework\src\Illuminate\Routing\Router.php(574): Illuminate\Pipeline\Pipeline->then(Object(Closure))
#43 C:\Users\Thorn\Desktop\epq\vendor\laravel\framework\src\Illuminate\Routing\Router.php(533): Illuminate\Routing\Router->runRouteWithinStack(Object(Illuminate\Routing\Route), Object(Illuminate\Http\Request))
#44 C:\Users\Thorn\Desktop\epq\vendor\laravel\framework\src\Illuminate\Routing\Router.php(511): Illuminate\Routing\Router->dispatchToRoute(Object(Illuminate\Http\Request))
#45 C:\Users\Thorn\Desktop\epq\vendor\laravel\framework\src\Illuminate\Foundation\Http\Kernel.php(176): Illuminate\Routing\Router->dispatch(Object(Illuminate\Http\Request))
#46 C:\Users\Thorn\Desktop\epq\vendor\laravel\framework\src\Illuminate\Routing\Pipeline.php(30): Illuminate\Foundation\Http\Kernel->Illuminate\Foundation\Http\{closure}(Object(Illuminate\Http\Request))
#47 C:\Users\Thorn\Desktop\epq\vendor\laravel\framework\src\Illuminate\Foundation\Http\Middleware\TransformsRequest.php(30): Illuminate\Routing\Pipeline->Illuminate\Routing\{closure}(Object(Illuminate\Http\Request))
#48 C:\Users\Thorn\Desktop\epq\vendor\laravel\framework\src\Illuminate\Pipeline\Pipeline.php(148): Illuminate\Foundation\Http\Middleware\TransformsRequest->handle(Object(Illuminate\Http\Request), Object(Closure))
#49 C:\Users\Thorn\Desktop\epq\vendor\laravel\framework\src\Illuminate\Routing\Pipeline.php(53): Illuminate\Pipeline\Pipeline->Illuminate\Pipeline\{closure}(Object(Illuminate\Http\Request))
#50 C:\Users\Thorn\Desktop\epq\vendor\laravel\framework\src\Illuminate\Foundation\Http\Middleware\TransformsRequest.php(30): Illuminate\Routing\Pipeline->Illuminate\Routing\{closure}(Object(Illuminate\Http\Request))
#51 C:\Users\Thorn\Desktop\epq\vendor\laravel\framework\src\Illuminate\Pipeline\Pipeline.php(148): Illuminate\Foundation\Http\Middleware\TransformsRequest->handle(Object(Illuminate\Http\Request), Object(Closure))
#52 C:\Users\Thorn\Desktop\epq\vendor\laravel\framework\src\Illuminate\Routing\Pipeline.php(53): Illuminate\Pipeline\Pipeline->Illuminate\Pipeline\{closure}(Object(Illuminate\Http\Request))
#53 C:\Users\Thorn\Desktop\epq\vendor\laravel\framework\src\Illuminate\Foundation\Http\Middleware\ValidatePostSize.php(27): Illuminate\Routing\Pipeline->Illuminate\Routing\{closure}(Object(Illuminate\Http\Request))
#54 C:\Users\Thorn\Desktop\epq\vendor\laravel\framework\src\Illuminate\Pipeline\Pipeline.php(148): Illuminate\Foundation\Http\Middleware\ValidatePostSize->handle(Object(Illuminate\Http\Request), Object(Closure))
#55 C:\Users\Thorn\Desktop\epq\vendor\laravel\framework\src\Illuminate\Routing\Pipeline.php(53): Illuminate\Pipeline\Pipeline->Illuminate\Pipeline\{closure}(Object(Illuminate\Http\Request))
#56 C:\Users\Thorn\Desktop\epq\vendor\laravel\framework\src\Illuminate\Foundation\Http\Middleware\CheckForMaintenanceMode.php(46): Illuminate\Routing\Pipeline->Illuminate\Routing\{closure}(Object(Illuminate\Http\Request))
#57 C:\Users\Thorn\Desktop\epq\vendor\laravel\framework\src\Illuminate\Pipeline\Pipeline.php(148): Illuminate\Foundation\Http\Middleware\CheckForMaintenanceMode->handle(Object(Illuminate\Http\Request), Object(Closure))
#58 C:\Users\Thorn\Desktop\epq\vendor\laravel\framework\src\Illuminate\Routing\Pipeline.php(53): Illuminate\Pipeline\Pipeline->Illuminate\Pipeline\{closure}(Object(Illuminate\Http\Request))
#59 C:\Users\Thorn\Desktop\epq\vendor\laravel\framework\src\Illuminate\Pipeline\Pipeline.php(102): Illuminate\Routing\Pipeline->Illuminate\Routing\{closure}(Object(Illuminate\Http\Request))
#60 C:\Users\Thorn\Desktop\epq\vendor\laravel\framework\src\Illuminate\Foundation\Http\Kernel.php(151): Illuminate\Pipeline\Pipeline->then(Object(Closure))
#61 C:\Users\Thorn\Desktop\epq\vendor\laravel\framework\src\Illuminate\Foundation\Http\Kernel.php(116): Illuminate\Foundation\Http\Kernel->sendRequestThroughRouter(Object(Illuminate\Http\Request))
#62 C:\Users\Thorn\Desktop\epq\public\index.php(54): Illuminate\Foundation\Http\Kernel->handle(Object(Illuminate\Http\Request))
#63 C:\Users\Thorn\Desktop\epq\server.php(21): require_once('C:\\Users\\Thorn\\...')
#64 {main}

Next exception 'Illuminate\Database\QueryException' with message 'SQLSTATE[42S22]: Column not found: 1054 Unknown column 'optionid' in 'field list' (SQL: insert into `votes` (`questionid`, `optionid`, `userid`, `updated_at`, `created_at`) values (, 2, 1, 2017-12-23 02:09:16, 2017-12-23 02:09:16))' in C:\Users\Thorn\Desktop\epq\vendor\laravel\framework\src\Illuminate\Database\Connection.php:647
Stack trace:
#0 C:\Users\Thorn\Desktop\epq\vendor\laravel\framework\src\Illuminate\Database\Connection.php(607): Illuminate\Database\Connection->runQueryCallback('insert into `vo...', Array, Object(Closure))
#1 C:\Users\Thorn\Desktop\epq\vendor\laravel\framework\src\Illuminate\Database\Connection.php(450): Illuminate\Database\Connection->run('insert into `vo...', Array, Object(Closure))
#2 C:\Users\Thorn\Desktop\epq\vendor\laravel\framework\src\Illuminate\Database\Connection.php(404): Illuminate\Database\Connection->statement('insert into `vo...', Array)
#3 C:\Users\Thorn\Desktop\epq\vendor\laravel\framework\src\Illuminate\Database\Query\Processors\Processor.php(32): Illuminate\Database\Connection->insert('insert into `vo...', Array)
#4 C:\Users\Thorn\Desktop\epq\vendor\laravel\framework\src\Illuminate\Database\Query\Builder.php(2133): Illuminate\Database\Query\Processors\Processor->processInsertGetId(Object(Illuminate\Database\Query\Builder), 'insert into `vo...', Array, 'id')
#5 C:\Users\Thorn\Desktop\epq\vendor\laravel\framework\src\Illuminate\Database\Eloquent\Builder.php(1251): Illuminate\Database\Query\Builder->insertGetId(Array, 'id')
#6 C:\Users\Thorn\Desktop\epq\vendor\laravel\framework\src\Illuminate\Database\Eloquent\Model.php(688): Illuminate\Database\Eloquent\Builder->__call('insertGetId', Array)
#7 C:\Users\Thorn\Desktop\epq\vendor\laravel\framework\src\Illuminate\Database\Eloquent\Model.php(688): Illuminate\Database\Eloquent\Builder->insertGetId(Array, 'id')
#8 C:\Users\Thorn\Desktop\epq\vendor\laravel\framework\src\Illuminate\Database\Eloquent\Model.php(653): Illuminate\Database\Eloquent\Model->insertAndSetId(Object(Illuminate\Database\Eloquent\Builder), Array)
#9 C:\Users\Thorn\Desktop\epq\vendor\laravel\framework\src\Illuminate\Database\Eloquent\Model.php(522): Illuminate\Database\Eloquent\Model->performInsert(Object(Illuminate\Database\Eloquent\Builder))
#10 C:\Users\Thorn\Desktop\epq\app\Http\Controllers\create.php(72): Illuminate\Database\Eloquent\Model->save()
#11 [internal function]: App\Http\Controllers\create->vote(Object(Illuminate\Http\Request))
#12 C:\Users\Thorn\Desktop\epq\vendor\laravel\framework\src\Illuminate\Routing\Controller.php(55): call_user_func_array(Array, Array)
#13 C:\Users\Thorn\Desktop\epq\vendor\laravel\framework\src\Illuminate\Routing\ControllerDispatcher.php(44): Illuminate\Routing\Controller->callAction('vote', Array)
#14 C:\Users\Thorn\Desktop\epq\vendor\laravel\framework\src\Illuminate\Routing\Route.php(204): Illuminate\Routing\ControllerDispatcher->dispatch(Object(Illuminate\Routing\Route), Object(App\Http\Controllers\create), 'vote')
#15 C:\Users\Thorn\Desktop\epq\vendor\laravel\framework\src\Illuminate\Routing\Route.php(160): Illuminate\Routing\Route->runController()
#16 C:\Users\Thorn\Desktop\epq\vendor\laravel\framework\src\Illuminate\Routing\Router.php(572): Illuminate\Routing\Route->run()
#17 C:\Users\Thorn\Desktop\epq\vendor\laravel\framework\src\Illuminate\Routing\Pipeline.php(30): Illuminate\Routing\Router->Illuminate\Routing\{closure}(Object(Illuminate\Http\Request))
#18 C:\Users\Thorn\Desktop\epq\vendor\laravel\framework\src\Illuminate\Routing\Middleware\SubstituteBindings.php(41): Illuminate\Routing\Pipeline->Illuminate\Routing\{closure}(Object(Illuminate\Http\Request))
#19 C:\Users\Thorn\Desktop\epq\vendor\laravel\framework\src\Illuminate\Pipeline\Pipeline.php(148): Illuminate\Routing\Middleware\SubstituteBindings->handle(Object(Illuminate\Http\Request), Object(Closure))
#20 C:\Users\Thorn\Desktop\epq\vendor\laravel\framework\src\Illuminate\Routing\Pipeline.php(53): Illuminate\Pipeline\Pipeline->Illuminate\Pipeline\{closure}(Object(Illuminate\Http\Request))
#21 C:\Users\Thorn\Desktop\epq\vendor\laravel\framework\src\Illuminate\Auth\Middleware\Authenticate.php(43): Illuminate\Routing\Pipeline->Illuminate\Routing\{closure}(Object(Illuminate\Http\Request))
#22 C:\Users\Thorn\Desktop\epq\vendor\laravel\framework\src\Illuminate\Pipeline\Pipeline.php(148): Illuminate\Auth\Middleware\Authenticate->handle(Object(Illuminate\Http\Request), Object(Closure))
#23 C:\Users\Thorn\Desktop\epq\vendor\laravel\framework\src\Illuminate\Routing\Pipeline.php(53): Illuminate\Pipeline\Pipeline->Illuminate\Pipeline\{closure}(Object(Illuminate\Http\Request))
#24 C:\Users\Thorn\Desktop\epq\vendor\laravel\framework\src\Illuminate\Foundation\Http\Middleware\VerifyCsrfToken.php(65): Illuminate\Routing\Pipeline->Illuminate\Routing\{closure}(Object(Illuminate\Http\Request))
#25 C:\Users\Thorn\Desktop\epq\vendor\laravel\framework\src\Illuminate\Pipeline\Pipeline.php(148): Illuminate\Foundation\Http\Middleware\VerifyCsrfToken->handle(Object(Illuminate\Http\Request), Object(Closure))
#26 C:\Users\Thorn\Desktop\epq\vendor\laravel\framework\src\Illuminate\Routing\Pipeline.php(53): Illuminate\Pipeline\Pipeline->Illuminate\Pipeline\{closure}(Object(Illuminate\Http\Request))
#27 C:\Users\Thorn\Desktop\epq\vendor\laravel\framework\src\Illuminate\View\Middleware\ShareErrorsFromSession.php(49): Illuminate\Routing\Pipeline->Illuminate\Routing\{closure}(Object(Illuminate\Http\Request))
#28 C:\Users\Thorn\Desktop\epq\vendor\laravel\framework\src\Illuminate\Pipeline\Pipeline.php(148): Illuminate\View\Middleware\ShareErrorsFromSession->handle(Object(Illuminate\Http\Request), Object(Closure))
#29 C:\Users\Thorn\Desktop\epq\vendor\laravel\framework\src\Illuminate\Routing\Pipeline.php(53): Illuminate\Pipeline\Pipeline->Illuminate\Pipeline\{closure}(Object(Illuminate\Http\Request))
#30 C:\Users\Thorn\Desktop\epq\vendor\laravel\framework\src\Illuminate\Session\Middleware\StartSession.php(64): Illuminate\Routing\Pipeline->Illuminate\Routing\{closure}(Object(Illuminate\Http\Request))
#31 C:\Users\Thorn\Desktop\epq\vendor\laravel\framework\src\Illuminate\Pipeline\Pipeline.php(148): Illuminate\Session\Middleware\StartSession->handle(Object(Illuminate\Http\Request), Object(Closure))
#32 C:\Users\Thorn\Desktop\epq\vendor\laravel\framework\src\Illuminate\Routing\Pipeline.php(53): Illuminate\Pipeline\Pipeline->Illuminate\Pipeline\{closure}(Object(Illuminate\Http\Request))
#33 C:\Users\Thorn\Desktop\epq\vendor\laravel\framework\src\Illuminate\Cookie\Middleware\AddQueuedCookiesToResponse.php(37): Illuminate\Routing\Pipeline->Illuminate\Routing\{closure}(Object(Illuminate\Http\Request))
#34 C:\Users\Thorn\Desktop\epq\vendor\laravel\framework\src\Illuminate\Pipeline\Pipeline.php(148): Illuminate\Cookie\Middleware\AddQueuedCookiesToResponse->handle(Object(Illuminate\Http\Request), Object(Closure))
#35 C:\Users\Thorn\Desktop\epq\vendor\laravel\framework\src\Illuminate\Routing\Pipeline.php(53): Illuminate\Pipeline\Pipeline->Illuminate\Pipeline\{closure}(Object(Illuminate\Http\Request))
#36 C:\Users\Thorn\Desktop\epq\vendor\laravel\framework\src\Illuminate\Cookie\Middleware\EncryptCookies.php(59): Illuminate\Routing\Pipeline->Illuminate\Routing\{closure}(Object(Illuminate\Http\Request))
#37 C:\Users\Thorn\Desktop\epq\vendor\laravel\framework\src\Illuminate\Pipeline\Pipeline.php(148): Illuminate\Cookie\Middleware\EncryptCookies->handle(Object(Illuminate\Http\Request), Object(Closure))
#38 C:\Users\Thorn\Desktop\epq\vendor\laravel\framework\src\Illuminate\Routing\Pipeline.php(53): Illuminate\Pipeline\Pipeline->Illuminate\Pipeline\{closure}(Object(Illuminate\Http\Request))
#39 C:\Users\Thorn\Desktop\epq\vendor\laravel\framework\src\Illuminate\Pipeline\Pipeline.php(102): Illuminate\Routing\Pipeline->Illuminate\Routing\{closure}(Object(Illuminate\Http\Request))
#40 C:\Users\Thorn\Desktop\epq\vendor\laravel\framework\src\Illuminate\Routing\Router.php(574): Illuminate\Pipeline\Pipeline->then(Object(Closure))
#41 C:\Users\Thorn\Desktop\epq\vendor\laravel\framework\src\Illuminate\Routing\Router.php(533): Illuminate\Routing\Router->runRouteWithinStack(Object(Illuminate\Routing\Route), Object(Illuminate\Http\Request))
#42 C:\Users\Thorn\Desktop\epq\vendor\laravel\framework\src\Illuminate\Routing\Router.php(511): Illuminate\Routing\Router->dispatchToRoute(Object(Illuminate\Http\Request))
#43 C:\Users\Thorn\Desktop\epq\vendor\laravel\framework\src\Illuminate\Foundation\Http\Kernel.php(176): Illuminate\Routing\Router->dispatch(Object(Illuminate\Http\Request))
#44 C:\Users\Thorn\Desktop\epq\vendor\laravel\framework\src\Illuminate\Routing\Pipeline.php(30): Illuminate\Foundation\Http\Kernel->Illuminate\Foundation\Http\{closure}(Object(Illuminate\Http\Request))
#45 C:\Users\Thorn\Desktop\epq\vendor\laravel\framework\src\Illuminate\Foundation\Http\Middleware\TransformsRequest.php(30): Illuminate\Routing\Pipeline->Illuminate\Routing\{closure}(Object(Illuminate\Http\Request))
#46 C:\Users\Thorn\Desktop\epq\vendor\laravel\framework\src\Illuminate\Pipeline\Pipeline.php(148): Illuminate\Foundation\Http\Middleware\TransformsRequest->handle(Object(Illuminate\Http\Request), Object(Closure))
#47 C:\Users\Thorn\Desktop\epq\vendor\laravel\framework\src\Illuminate\Routing\Pipeline.php(53): Illuminate\Pipeline\Pipeline->Illuminate\Pipeline\{closure}(Object(Illuminate\Http\Request))
#48 C:\Users\Thorn\Desktop\epq\vendor\laravel\framework\src\Illuminate\Foundation\Http\Middleware\TransformsRequest.php(30): Illuminate\Routing\Pipeline->Illuminate\Routing\{closure}(Object(Illuminate\Http\Request))
#49 C:\Users\Thorn\Desktop\epq\vendor\laravel\framework\src\Illuminate\Pipeline\Pipeline.php(148): Illuminate\Foundation\Http\Middleware\TransformsRequest->handle(Object(Illuminate\Http\Request), Object(Closure))
#50 C:\Users\Thorn\Desktop\epq\vendor\laravel\framework\src\Illuminate\Routing\Pipeline.php(53): Illuminate\Pipeline\Pipeline->Illuminate\Pipeline\{closure}(Object(Illuminate\Http\Request))
#51 C:\Users\Thorn\Desktop\epq\vendor\laravel\framework\src\Illuminate\Foundation\Http\Middleware\ValidatePostSize.php(27): Illuminate\Routing\Pipeline->Illuminate\Routing\{closure}(Object(Illuminate\Http\Request))
#52 C:\Users\Thorn\Desktop\epq\vendor\laravel\framework\src\Illuminate\Pipeline\Pipeline.php(148): Illuminate\Foundation\Http\Middleware\ValidatePostSize->handle(Object(Illuminate\Http\Request), Object(Closure))
#53 C:\Users\Thorn\Desktop\epq\vendor\laravel\framework\src\Illuminate\Routing\Pipeline.php(53): Illuminate\Pipeline\Pipeline->Illuminate\Pipeline\{closure}(Object(Illuminate\Http\Request))
#54 C:\Users\Thorn\Desktop\epq\vendor\laravel\framework\src\Illuminate\Foundation\Http\Middleware\CheckForMaintenanceMode.php(46): Illuminate\Routing\Pipeline->Illuminate\Routing\{closure}(Object(Illuminate\Http\Request))
#55 C:\Users\Thorn\Desktop\epq\vendor\laravel\framework\src\Illuminate\Pipeline\Pipeline.php(148): Illuminate\Foundation\Http\Middleware\CheckForMaintenanceMode->handle(Object(Illuminate\Http\Request), Object(Closure))
#56 C:\Users\Thorn\Desktop\epq\vendor\laravel\framework\src\Illuminate\Routing\Pipeline.php(53): Illuminate\Pipeline\Pipeline->Illuminate\Pipeline\{closure}(Object(Illuminate\Http\Request))
#57 C:\Users\Thorn\Desktop\epq\vendor\laravel\framework\src\Illuminate\Pipeline\Pipeline.php(102): Illuminate\Routing\Pipeline->Illuminate\Routing\{closure}(Object(Illuminate\Http\Request))
#58 C:\Users\Thorn\Desktop\epq\vendor\laravel\framework\src\Illuminate\Foundation\Http\Kernel.php(151): Illuminate\Pipeline\Pipeline->then(Object(Closure))
#59 C:\Users\Thorn\Desktop\epq\vendor\laravel\framework\src\Illuminate\Foundation\Http\Kernel.php(116): Illuminate\Foundation\Http\Kernel->sendRequestThroughRouter(Object(Illuminate\Http\Request))
#60 C:\Users\Thorn\Desktop\epq\public\index.php(54): Illuminate\Foundation\Http\Kernel->handle(Object(Illuminate\Http\Request))
#61 C:\Users\Thorn\Desktop\epq\server.php(21): require_once('C:\\Users\\Thorn\\...')
#62 {main}  
[2017-12-23 02:11:02] local.ERROR: exception 'PDOException' with message 'SQLSTATE[HY000] [1049] Unknown database 'epq'' in C:\Users\Thorn\Desktop\epq\vendor\laravel\framework\src\Illuminate\Database\Connectors\Connector.php:68
Stack trace:
#0 C:\Users\Thorn\Desktop\epq\vendor\laravel\framework\src\Illuminate\Database\Connectors\Connector.php(68): PDO->__construct('mysql:host=127....', 'root', '', Array)
#1 C:\Users\Thorn\Desktop\epq\vendor\laravel\framework\src\Illuminate\Database\Connectors\Connector.php(45): Illuminate\Database\Connectors\Connector->createPdoConnection('mysql:host=127....', 'root', '', Array)
#2 C:\Users\Thorn\Desktop\epq\vendor\laravel\framework\src\Illuminate\Database\Connectors\MySqlConnector.php(24): Illuminate\Database\Connectors\Connector->createConnection('mysql:host=127....', Array, Array)
#3 C:\Users\Thorn\Desktop\epq\vendor\laravel\framework\src\Illuminate\Database\Connectors\ConnectionFactory.php(183): Illuminate\Database\Connectors\MySqlConnector->connect(Array)
#4 [internal function]: Illuminate\Database\Connectors\ConnectionFactory->Illuminate\Database\Connectors\{closure}()
#5 C:\Users\Thorn\Desktop\epq\vendor\laravel\framework\src\Illuminate\Database\Connection.php(883): call_user_func(Object(Closure))
#6 C:\Users\Thorn\Desktop\epq\vendor\laravel\framework\src\Illuminate\Database\Connection.php(904): Illuminate\Database\Connection->getPdo()
#7 C:\Users\Thorn\Desktop\epq\vendor\laravel\framework\src\Illuminate\Database\Connection.php(392): Illuminate\Database\Connection->getReadPdo()
#8 C:\Users\Thorn\Desktop\epq\vendor\laravel\framework\src\Illuminate\Database\Connection.php(318): Illuminate\Database\Connection->getPdoForSelect(true)
#9 C:\Users\Thorn\Desktop\epq\vendor\laravel\framework\src\Illuminate\Database\Connection.php(640): Illuminate\Database\Connection->Illuminate\Database\{closure}('select * from i...', Array)
#10 C:\Users\Thorn\Desktop\epq\vendor\laravel\framework\src\Illuminate\Database\Connection.php(607): Illuminate\Database\Connection->runQueryCallback('select * from i...', Array, Object(Closure))
#11 C:\Users\Thorn\Desktop\epq\vendor\laravel\framework\src\Illuminate\Database\Connection.php(326): Illuminate\Database\Connection->run('select * from i...', Array, Object(Closure))
#12 C:\Users\Thorn\Desktop\epq\vendor\laravel\framework\src\Illuminate\Database\Schema\MySqlBuilder.php(19): Illuminate\Database\Connection->select('select * from i...', Array)
#13 C:\Users\Thorn\Desktop\epq\vendor\laravel\framework\src\Illuminate\Database\Migrations\DatabaseMigrationRepository.php(154): Illuminate\Database\Schema\MySqlBuilder->hasTable('migrations')
#14 C:\Users\Thorn\Desktop\epq\vendor\laravel\framework\src\Illuminate\Database\Migrations\Migrator.php(544): Illuminate\Database\Migrations\DatabaseMigrationRepository->repositoryExists()
#15 C:\Users\Thorn\Desktop\epq\vendor\laravel\framework\src\Illuminate\Database\Console\Migrations\MigrateCommand.php(96): Illuminate\Database\Migrations\Migrator->repositoryExists()
#16 C:\Users\Thorn\Desktop\epq\vendor\laravel\framework\src\Illuminate\Database\Console\Migrations\MigrateCommand.php(62): Illuminate\Database\Console\Migrations\MigrateCommand->prepareDatabase()
#17 [internal function]: Illuminate\Database\Console\Migrations\MigrateCommand->fire()
#18 C:\Users\Thorn\Desktop\epq\vendor\laravel\framework\src\Illuminate\Container\BoundMethod.php(30): call_user_func_array(Array, Array)
#19 C:\Users\Thorn\Desktop\epq\vendor\laravel\framework\src\Illuminate\Container\BoundMethod.php(87): Illuminate\Container\BoundMethod::Illuminate\Container\{closure}()
#20 C:\Users\Thorn\Desktop\epq\vendor\laravel\framework\src\Illuminate\Container\BoundMethod.php(31): Illuminate\Container\BoundMethod::callBoundMethod(Object(Illuminate\Foundation\Application), Array, Object(Closure))
#21 C:\Users\Thorn\Desktop\epq\vendor\laravel\framework\src\Illuminate\Container\Container.php(539): Illuminate\Container\BoundMethod::call(Object(Illuminate\Foundation\Application), Array, Array, NULL)
#22 C:\Users\Thorn\Desktop\epq\vendor\laravel\framework\src\Illuminate\Console\Command.php(182): Illuminate\Container\Container->call(Array)
#23 C:\Users\Thorn\Desktop\epq\vendor\symfony\console\Command\Command.php(240): Illuminate\Console\Command->execute(Object(Symfony\Component\Console\Input\ArgvInput), Object(Illuminate\Console\OutputStyle))
#24 C:\Users\Thorn\Desktop\epq\vendor\laravel\framework\src\Illuminate\Console\Command.php(168): Symfony\Component\Console\Command\Command->run(Object(Symfony\Component\Console\Input\ArgvInput), Object(Illuminate\Console\OutputStyle))
#25 C:\Users\Thorn\Desktop\epq\vendor\symfony\console\Application.php(860): Illuminate\Console\Command->run(Object(Symfony\Component\Console\Input\ArgvInput), Object(Symfony\Component\Console\Output\ConsoleOutput))
#26 C:\Users\Thorn\Desktop\epq\vendor\symfony\console\Application.php(218): Symfony\Component\Console\Application->doRunCommand(Object(Illuminate\Database\Console\Migrations\MigrateCommand), Object(Symfony\Component\Console\Input\ArgvInput), Object(Symfony\Component\Console\Output\ConsoleOutput))
#27 C:\Users\Thorn\Desktop\epq\vendor\symfony\console\Application.php(122): Symfony\Component\Console\Application->doRun(Object(Symfony\Component\Console\Input\ArgvInput), Object(Symfony\Component\Console\Output\ConsoleOutput))
#28 C:\Users\Thorn\Desktop\epq\vendor\laravel\framework\src\Illuminate\Foundation\Console\Kernel.php(122): Symfony\Component\Console\Application->run(Object(Symfony\Component\Console\Input\ArgvInput), Object(Symfony\Component\Console\Output\ConsoleOutput))
#29 C:\Users\Thorn\Desktop\epq\artisan(36): Illuminate\Foundation\Console\Kernel->handle(Object(Symfony\Component\Console\Input\ArgvInput), Object(Symfony\Component\Console\Output\ConsoleOutput))
#30 {main}  
[2017-12-23 02:11:02] local.ERROR: exception 'PDOException' with message 'SQLSTATE[HY000] [1049] Unknown database 'epq'' in C:\Users\Thorn\Desktop\epq\vendor\laravel\framework\src\Illuminate\Database\Connectors\Connector.php:68
Stack trace:
#0 C:\Users\Thorn\Desktop\epq\vendor\laravel\framework\src\Illuminate\Database\Connectors\Connector.php(68): PDO->__construct('mysql:host=127....', 'root', '', Array)
#1 C:\Users\Thorn\Desktop\epq\vendor\laravel\framework\src\Illuminate\Database\Connectors\Connector.php(45): Illuminate\Database\Connectors\Connector->createPdoConnection('mysql:host=127....', 'root', '', Array)
#2 C:\Users\Thorn\Desktop\epq\vendor\laravel\framework\src\Illuminate\Database\Connectors\MySqlConnector.php(24): Illuminate\Database\Connectors\Connector->createConnection('mysql:host=127....', Array, Array)
#3 C:\Users\Thorn\Desktop\epq\vendor\laravel\framework\src\Illuminate\Database\Connectors\ConnectionFactory.php(183): Illuminate\Database\Connectors\MySqlConnector->connect(Array)
#4 [internal function]: Illuminate\Database\Connectors\ConnectionFactory->Illuminate\Database\Connectors\{closure}()
#5 C:\Users\Thorn\Desktop\epq\vendor\laravel\framework\src\Illuminate\Database\Connection.php(883): call_user_func(Object(Closure))
#6 C:\Users\Thorn\Desktop\epq\vendor\laravel\framework\src\Illuminate\Database\Connection.php(904): Illuminate\Database\Connection->getPdo()
#7 C:\Users\Thorn\Desktop\epq\vendor\laravel\framework\src\Illuminate\Database\Connection.php(392): Illuminate\Database\Connection->getReadPdo()
#8 C:\Users\Thorn\Desktop\epq\vendor\laravel\framework\src\Illuminate\Database\Connection.php(318): Illuminate\Database\Connection->getPdoForSelect(true)
#9 C:\Users\Thorn\Desktop\epq\vendor\laravel\framework\src\Illuminate\Database\Connection.php(640): Illuminate\Database\Connection->Illuminate\Database\{closure}('select * from i...', Array)
#10 C:\Users\Thorn\Desktop\epq\vendor\laravel\framework\src\Illuminate\Database\Connection.php(607): Illuminate\Database\Connection->runQueryCallback('select * from i...', Array, Object(Closure))
#11 C:\Users\Thorn\Desktop\epq\vendor\laravel\framework\src\Illuminate\Database\Connection.php(326): Illuminate\Database\Connection->run('select * from i...', Array, Object(Closure))
#12 C:\Users\Thorn\Desktop\epq\vendor\laravel\framework\src\Illuminate\Database\Schema\MySqlBuilder.php(19): Illuminate\Database\Connection->select('select * from i...', Array)
#13 C:\Users\Thorn\Desktop\epq\vendor\laravel\framework\src\Illuminate\Database\Migrations\DatabaseMigrationRepository.php(154): Illuminate\Database\Schema\MySqlBuilder->hasTable('migrations')
#14 C:\Users\Thorn\Desktop\epq\vendor\laravel\framework\src\Illuminate\Database\Migrations\Migrator.php(544): Illuminate\Database\Migrations\DatabaseMigrationRepository->repositoryExists()
#15 C:\Users\Thorn\Desktop\epq\vendor\laravel\framework\src\Illuminate\Database\Console\Migrations\MigrateCommand.php(96): Illuminate\Database\Migrations\Migrator->repositoryExists()
#16 C:\Users\Thorn\Desktop\epq\vendor\laravel\framework\src\Illuminate\Database\Console\Migrations\MigrateCommand.php(62): Illuminate\Database\Console\Migrations\MigrateCommand->prepareDatabase()
#17 [internal function]: Illuminate\Database\Console\Migrations\MigrateCommand->fire()
#18 C:\Users\Thorn\Desktop\epq\vendor\laravel\framework\src\Illuminate\Container\BoundMethod.php(30): call_user_func_array(Array, Array)
#19 C:\Users\Thorn\Desktop\epq\vendor\laravel\framework\src\Illuminate\Container\BoundMethod.php(87): Illuminate\Container\BoundMethod::Illuminate\Container\{closure}()
#20 C:\Users\Thorn\Desktop\epq\vendor\laravel\framework\src\Illuminate\Container\BoundMethod.php(31): Illuminate\Container\BoundMethod::callBoundMethod(Object(Illuminate\Foundation\Application), Array, Object(Closure))
#21 C:\Users\Thorn\Desktop\epq\vendor\laravel\framework\src\Illuminate\Container\Container.php(539): Illuminate\Container\BoundMethod::call(Object(Illuminate\Foundation\Application), Array, Array, NULL)
#22 C:\Users\Thorn\Desktop\epq\vendor\laravel\framework\src\Illuminate\Console\Command.php(182): Illuminate\Container\Container->call(Array)
#23 C:\Users\Thorn\Desktop\epq\vendor\symfony\console\Command\Command.php(240): Illuminate\Console\Command->execute(Object(Symfony\Component\Console\Input\ArgvInput), Object(Illuminate\Console\OutputStyle))
#24 C:\Users\Thorn\Desktop\epq\vendor\laravel\framework\src\Illuminate\Console\Command.php(168): Symfony\Component\Console\Command\Command->run(Object(Symfony\Component\Console\Input\ArgvInput), Object(Illuminate\Console\OutputStyle))
#25 C:\Users\Thorn\Desktop\epq\vendor\symfony\console\Application.php(860): Illuminate\Console\Command->run(Object(Symfony\Component\Console\Input\ArgvInput), Object(Symfony\Component\Console\Output\ConsoleOutput))
#26 C:\Users\Thorn\Desktop\epq\vendor\symfony\console\Application.php(218): Symfony\Component\Console\Application->doRunCommand(Object(Illuminate\Database\Console\Migrations\MigrateCommand), Object(Symfony\Component\Console\Input\ArgvInput), Object(Symfony\Component\Console\Output\ConsoleOutput))
#27 C:\Users\Thorn\Desktop\epq\vendor\symfony\console\Application.php(122): Symfony\Component\Console\Application->doRun(Object(Symfony\Component\Console\Input\ArgvInput), Object(Symfony\Component\Console\Output\ConsoleOutput))
#28 C:\Users\Thorn\Desktop\epq\vendor\laravel\framework\src\Illuminate\Foundation\Console\Kernel.php(122): Symfony\Component\Console\Application->run(Object(Symfony\Component\Console\Input\ArgvInput), Object(Symfony\Component\Console\Output\ConsoleOutput))
#29 C:\Users\Thorn\Desktop\epq\artisan(36): Illuminate\Foundation\Console\Kernel->handle(Object(Symfony\Component\Console\Input\ArgvInput), Object(Symfony\Component\Console\Output\ConsoleOutput))
#30 {main}

Next exception 'Illuminate\Database\QueryException' with message 'SQLSTATE[HY000] [1049] Unknown database 'epq' (SQL: select * from information_schema.tables where table_schema = epq and table_name = migrations)' in C:\Users\Thorn\Desktop\epq\vendor\laravel\framework\src\Illuminate\Database\Connection.php:647
Stack trace:
#0 C:\Users\Thorn\Desktop\epq\vendor\laravel\framework\src\Illuminate\Database\Connection.php(607): Illuminate\Database\Connection->runQueryCallback('select * from i...', Array, Object(Closure))
#1 C:\Users\Thorn\Desktop\epq\vendor\laravel\framework\src\Illuminate\Database\Connection.php(326): Illuminate\Database\Connection->run('select * from i...', Array, Object(Closure))
#2 C:\Users\Thorn\Desktop\epq\vendor\laravel\framework\src\Illuminate\Database\Schema\MySqlBuilder.php(19): Illuminate\Database\Connection->select('select * from i...', Array)
#3 C:\Users\Thorn\Desktop\epq\vendor\laravel\framework\src\Illuminate\Database\Migrations\DatabaseMigrationRepository.php(154): Illuminate\Database\Schema\MySqlBuilder->hasTable('migrations')
#4 C:\Users\Thorn\Desktop\epq\vendor\laravel\framework\src\Illuminate\Database\Migrations\Migrator.php(544): Illuminate\Database\Migrations\DatabaseMigrationRepository->repositoryExists()
#5 C:\Users\Thorn\Desktop\epq\vendor\laravel\framework\src\Illuminate\Database\Console\Migrations\MigrateCommand.php(96): Illuminate\Database\Migrations\Migrator->repositoryExists()
#6 C:\Users\Thorn\Desktop\epq\vendor\laravel\framework\src\Illuminate\Database\Console\Migrations\MigrateCommand.php(62): Illuminate\Database\Console\Migrations\MigrateCommand->prepareDatabase()
#7 [internal function]: Illuminate\Database\Console\Migrations\MigrateCommand->fire()
#8 C:\Users\Thorn\Desktop\epq\vendor\laravel\framework\src\Illuminate\Container\BoundMethod.php(30): call_user_func_array(Array, Array)
#9 C:\Users\Thorn\Desktop\epq\vendor\laravel\framework\src\Illuminate\Container\BoundMethod.php(87): Illuminate\Container\BoundMethod::Illuminate\Container\{closure}()
#10 C:\Users\Thorn\Desktop\epq\vendor\laravel\framework\src\Illuminate\Container\BoundMethod.php(31): Illuminate\Container\BoundMethod::callBoundMethod(Object(Illuminate\Foundation\Application), Array, Object(Closure))
#11 C:\Users\Thorn\Desktop\epq\vendor\laravel\framework\src\Illuminate\Container\Container.php(539): Illuminate\Container\BoundMethod::call(Object(Illuminate\Foundation\Application), Array, Array, NULL)
#12 C:\Users\Thorn\Desktop\epq\vendor\laravel\framework\src\Illuminate\Console\Command.php(182): Illuminate\Container\Container->call(Array)
#13 C:\Users\Thorn\Desktop\epq\vendor\symfony\console\Command\Command.php(240): Illuminate\Console\Command->execute(Object(Symfony\Component\Console\Input\ArgvInput), Object(Illuminate\Console\OutputStyle))
#14 C:\Users\Thorn\Desktop\epq\vendor\laravel\framework\src\Illuminate\Console\Command.php(168): Symfony\Component\Console\Command\Command->run(Object(Symfony\Component\Console\Input\ArgvInput), Object(Illuminate\Console\OutputStyle))
#15 C:\Users\Thorn\Desktop\epq\vendor\symfony\console\Application.php(860): Illuminate\Console\Command->run(Object(Symfony\Component\Console\Input\ArgvInput), Object(Symfony\Component\Console\Output\ConsoleOutput))
#16 C:\Users\Thorn\Desktop\epq\vendor\symfony\console\Application.php(218): Symfony\Component\Console\Application->doRunCommand(Object(Illuminate\Database\Console\Migrations\MigrateCommand), Object(Symfony\Component\Console\Input\ArgvInput), Object(Symfony\Component\Console\Output\ConsoleOutput))
#17 C:\Users\Thorn\Desktop\epq\vendor\symfony\console\Application.php(122): Symfony\Component\Console\Application->doRun(Object(Symfony\Component\Console\Input\ArgvInput), Object(Symfony\Component\Console\Output\ConsoleOutput))
#18 C:\Users\Thorn\Desktop\epq\vendor\laravel\framework\src\Illuminate\Foundation\Console\Kernel.php(122): Symfony\Component\Console\Application->run(Object(Symfony\Component\Console\Input\ArgvInput), Object(Symfony\Component\Console\Output\ConsoleOutput))
#19 C:\Users\Thorn\Desktop\epq\artisan(36): Illuminate\Foundation\Console\Kernel->handle(Object(Symfony\Component\Console\Input\ArgvInput), Object(Symfony\Component\Console\Output\ConsoleOutput))
#20 {main}  
[2017-12-23 02:14:24] local.ERROR: exception 'PDOException' with message 'SQLSTATE[23000]: Integrity constraint violation: 1048 Column 'questionid' cannot be null' in C:\Users\Thorn\Desktop\epq\vendor\laravel\framework\src\Illuminate\Database\Connection.php:449
Stack trace:
#0 C:\Users\Thorn\Desktop\epq\vendor\laravel\framework\src\Illuminate\Database\Connection.php(449): PDOStatement->execute()
#1 C:\Users\Thorn\Desktop\epq\vendor\laravel\framework\src\Illuminate\Database\Connection.php(640): Illuminate\Database\Connection->Illuminate\Database\{closure}('insert into `vo...', Array)
#2 C:\Users\Thorn\Desktop\epq\vendor\laravel\framework\src\Illuminate\Database\Connection.php(607): Illuminate\Database\Connection->runQueryCallback('insert into `vo...', Array, Object(Closure))
#3 C:\Users\Thorn\Desktop\epq\vendor\laravel\framework\src\Illuminate\Database\Connection.php(450): Illuminate\Database\Connection->run('insert into `vo...', Array, Object(Closure))
#4 C:\Users\Thorn\Desktop\epq\vendor\laravel\framework\src\Illuminate\Database\Connection.php(404): Illuminate\Database\Connection->statement('insert into `vo...', Array)
#5 C:\Users\Thorn\Desktop\epq\vendor\laravel\framework\src\Illuminate\Database\Query\Processors\Processor.php(32): Illuminate\Database\Connection->insert('insert into `vo...', Array)
#6 C:\Users\Thorn\Desktop\epq\vendor\laravel\framework\src\Illuminate\Database\Query\Builder.php(2133): Illuminate\Database\Query\Processors\Processor->processInsertGetId(Object(Illuminate\Database\Query\Builder), 'insert into `vo...', Array, 'id')
#7 C:\Users\Thorn\Desktop\epq\vendor\laravel\framework\src\Illuminate\Database\Eloquent\Builder.php(1251): Illuminate\Database\Query\Builder->insertGetId(Array, 'id')
#8 C:\Users\Thorn\Desktop\epq\vendor\laravel\framework\src\Illuminate\Database\Eloquent\Model.php(688): Illuminate\Database\Eloquent\Builder->__call('insertGetId', Array)
#9 C:\Users\Thorn\Desktop\epq\vendor\laravel\framework\src\Illuminate\Database\Eloquent\Model.php(688): Illuminate\Database\Eloquent\Builder->insertGetId(Array, 'id')
#10 C:\Users\Thorn\Desktop\epq\vendor\laravel\framework\src\Illuminate\Database\Eloquent\Model.php(653): Illuminate\Database\Eloquent\Model->insertAndSetId(Object(Illuminate\Database\Eloquent\Builder), Array)
#11 C:\Users\Thorn\Desktop\epq\vendor\laravel\framework\src\Illuminate\Database\Eloquent\Model.php(522): Illuminate\Database\Eloquent\Model->performInsert(Object(Illuminate\Database\Eloquent\Builder))
#12 C:\Users\Thorn\Desktop\epq\app\Http\Controllers\create.php(72): Illuminate\Database\Eloquent\Model->save()
#13 [internal function]: App\Http\Controllers\create->vote(Object(Illuminate\Http\Request))
#14 C:\Users\Thorn\Desktop\epq\vendor\laravel\framework\src\Illuminate\Routing\Controller.php(55): call_user_func_array(Array, Array)
#15 C:\Users\Thorn\Desktop\epq\vendor\laravel\framework\src\Illuminate\Routing\ControllerDispatcher.php(44): Illuminate\Routing\Controller->callAction('vote', Array)
#16 C:\Users\Thorn\Desktop\epq\vendor\laravel\framework\src\Illuminate\Routing\Route.php(204): Illuminate\Routing\ControllerDispatcher->dispatch(Object(Illuminate\Routing\Route), Object(App\Http\Controllers\create), 'vote')
#17 C:\Users\Thorn\Desktop\epq\vendor\laravel\framework\src\Illuminate\Routing\Route.php(160): Illuminate\Routing\Route->runController()
#18 C:\Users\Thorn\Desktop\epq\vendor\laravel\framework\src\Illuminate\Routing\Router.php(572): Illuminate\Routing\Route->run()
#19 C:\Users\Thorn\Desktop\epq\vendor\laravel\framework\src\Illuminate\Routing\Pipeline.php(30): Illuminate\Routing\Router->Illuminate\Routing\{closure}(Object(Illuminate\Http\Request))
#20 C:\Users\Thorn\Desktop\epq\vendor\laravel\framework\src\Illuminate\Routing\Middleware\SubstituteBindings.php(41): Illuminate\Routing\Pipeline->Illuminate\Routing\{closure}(Object(Illuminate\Http\Request))
#21 C:\Users\Thorn\Desktop\epq\vendor\laravel\framework\src\Illuminate\Pipeline\Pipeline.php(148): Illuminate\Routing\Middleware\SubstituteBindings->handle(Object(Illuminate\Http\Request), Object(Closure))
#22 C:\Users\Thorn\Desktop\epq\vendor\laravel\framework\src\Illuminate\Routing\Pipeline.php(53): Illuminate\Pipeline\Pipeline->Illuminate\Pipeline\{closure}(Object(Illuminate\Http\Request))
#23 C:\Users\Thorn\Desktop\epq\vendor\laravel\framework\src\Illuminate\Auth\Middleware\Authenticate.php(43): Illuminate\Routing\Pipeline->Illuminate\Routing\{closure}(Object(Illuminate\Http\Request))
#24 C:\Users\Thorn\Desktop\epq\vendor\laravel\framework\src\Illuminate\Pipeline\Pipeline.php(148): Illuminate\Auth\Middleware\Authenticate->handle(Object(Illuminate\Http\Request), Object(Closure))
#25 C:\Users\Thorn\Desktop\epq\vendor\laravel\framework\src\Illuminate\Routing\Pipeline.php(53): Illuminate\Pipeline\Pipeline->Illuminate\Pipeline\{closure}(Object(Illuminate\Http\Request))
#26 C:\Users\Thorn\Desktop\epq\vendor\laravel\framework\src\Illuminate\Foundation\Http\Middleware\VerifyCsrfToken.php(65): Illuminate\Routing\Pipeline->Illuminate\Routing\{closure}(Object(Illuminate\Http\Request))
#27 C:\Users\Thorn\Desktop\epq\vendor\laravel\framework\src\Illuminate\Pipeline\Pipeline.php(148): Illuminate\Foundation\Http\Middleware\VerifyCsrfToken->handle(Object(Illuminate\Http\Request), Object(Closure))
#28 C:\Users\Thorn\Desktop\epq\vendor\laravel\framework\src\Illuminate\Routing\Pipeline.php(53): Illuminate\Pipeline\Pipeline->Illuminate\Pipeline\{closure}(Object(Illuminate\Http\Request))
#29 C:\Users\Thorn\Desktop\epq\vendor\laravel\framework\src\Illuminate\View\Middleware\ShareErrorsFromSession.php(49): Illuminate\Routing\Pipeline->Illuminate\Routing\{closure}(Object(Illuminate\Http\Request))
#30 C:\Users\Thorn\Desktop\epq\vendor\laravel\framework\src\Illuminate\Pipeline\Pipeline.php(148): Illuminate\View\Middleware\ShareErrorsFromSession->handle(Object(Illuminate\Http\Request), Object(Closure))
#31 C:\Users\Thorn\Desktop\epq\vendor\laravel\framework\src\Illuminate\Routing\Pipeline.php(53): Illuminate\Pipeline\Pipeline->Illuminate\Pipeline\{closure}(Object(Illuminate\Http\Request))
#32 C:\Users\Thorn\Desktop\epq\vendor\laravel\framework\src\Illuminate\Session\Middleware\StartSession.php(64): Illuminate\Routing\Pipeline->Illuminate\Routing\{closure}(Object(Illuminate\Http\Request))
#33 C:\Users\Thorn\Desktop\epq\vendor\laravel\framework\src\Illuminate\Pipeline\Pipeline.php(148): Illuminate\Session\Middleware\StartSession->handle(Object(Illuminate\Http\Request), Object(Closure))
#34 C:\Users\Thorn\Desktop\epq\vendor\laravel\framework\src\Illuminate\Routing\Pipeline.php(53): Illuminate\Pipeline\Pipeline->Illuminate\Pipeline\{closure}(Object(Illuminate\Http\Request))
#35 C:\Users\Thorn\Desktop\epq\vendor\laravel\framework\src\Illuminate\Cookie\Middleware\AddQueuedCookiesToResponse.php(37): Illuminate\Routing\Pipeline->Illuminate\Routing\{closure}(Object(Illuminate\Http\Request))
#36 C:\Users\Thorn\Desktop\epq\vendor\laravel\framework\src\Illuminate\Pipeline\Pipeline.php(148): Illuminate\Cookie\Middleware\AddQueuedCookiesToResponse->handle(Object(Illuminate\Http\Request), Object(Closure))
#37 C:\Users\Thorn\Desktop\epq\vendor\laravel\framework\src\Illuminate\Routing\Pipeline.php(53): Illuminate\Pipeline\Pipeline->Illuminate\Pipeline\{closure}(Object(Illuminate\Http\Request))
#38 C:\Users\Thorn\Desktop\epq\vendor\laravel\framework\src\Illuminate\Cookie\Middleware\EncryptCookies.php(59): Illuminate\Routing\Pipeline->Illuminate\Routing\{closure}(Object(Illuminate\Http\Request))
#39 C:\Users\Thorn\Desktop\epq\vendor\laravel\framework\src\Illuminate\Pipeline\Pipeline.php(148): Illuminate\Cookie\Middleware\EncryptCookies->handle(Object(Illuminate\Http\Request), Object(Closure))
#40 C:\Users\Thorn\Desktop\epq\vendor\laravel\framework\src\Illuminate\Routing\Pipeline.php(53): Illuminate\Pipeline\Pipeline->Illuminate\Pipeline\{closure}(Object(Illuminate\Http\Request))
#41 C:\Users\Thorn\Desktop\epq\vendor\laravel\framework\src\Illuminate\Pipeline\Pipeline.php(102): Illuminate\Routing\Pipeline->Illuminate\Routing\{closure}(Object(Illuminate\Http\Request))
#42 C:\Users\Thorn\Desktop\epq\vendor\laravel\framework\src\Illuminate\Routing\Router.php(574): Illuminate\Pipeline\Pipeline->then(Object(Closure))
#43 C:\Users\Thorn\Desktop\epq\vendor\laravel\framework\src\Illuminate\Routing\Router.php(533): Illuminate\Routing\Router->runRouteWithinStack(Object(Illuminate\Routing\Route), Object(Illuminate\Http\Request))
#44 C:\Users\Thorn\Desktop\epq\vendor\laravel\framework\src\Illuminate\Routing\Router.php(511): Illuminate\Routing\Router->dispatchToRoute(Object(Illuminate\Http\Request))
#45 C:\Users\Thorn\Desktop\epq\vendor\laravel\framework\src\Illuminate\Foundation\Http\Kernel.php(176): Illuminate\Routing\Router->dispatch(Object(Illuminate\Http\Request))
#46 C:\Users\Thorn\Desktop\epq\vendor\laravel\framework\src\Illuminate\Routing\Pipeline.php(30): Illuminate\Foundation\Http\Kernel->Illuminate\Foundation\Http\{closure}(Object(Illuminate\Http\Request))
#47 C:\Users\Thorn\Desktop\epq\vendor\laravel\framework\src\Illuminate\Foundation\Http\Middleware\TransformsRequest.php(30): Illuminate\Routing\Pipeline->Illuminate\Routing\{closure}(Object(Illuminate\Http\Request))
#48 C:\Users\Thorn\Desktop\epq\vendor\laravel\framework\src\Illuminate\Pipeline\Pipeline.php(148): Illuminate\Foundation\Http\Middleware\TransformsRequest->handle(Object(Illuminate\Http\Request), Object(Closure))
#49 C:\Users\Thorn\Desktop\epq\vendor\laravel\framework\src\Illuminate\Routing\Pipeline.php(53): Illuminate\Pipeline\Pipeline->Illuminate\Pipeline\{closure}(Object(Illuminate\Http\Request))
#50 C:\Users\Thorn\Desktop\epq\vendor\laravel\framework\src\Illuminate\Foundation\Http\Middleware\TransformsRequest.php(30): Illuminate\Routing\Pipeline->Illuminate\Routing\{closure}(Object(Illuminate\Http\Request))
#51 C:\Users\Thorn\Desktop\epq\vendor\laravel\framework\src\Illuminate\Pipeline\Pipeline.php(148): Illuminate\Foundation\Http\Middleware\TransformsRequest->handle(Object(Illuminate\Http\Request), Object(Closure))
#52 C:\Users\Thorn\Desktop\epq\vendor\laravel\framework\src\Illuminate\Routing\Pipeline.php(53): Illuminate\Pipeline\Pipeline->Illuminate\Pipeline\{closure}(Object(Illuminate\Http\Request))
#53 C:\Users\Thorn\Desktop\epq\vendor\laravel\framework\src\Illuminate\Foundation\Http\Middleware\ValidatePostSize.php(27): Illuminate\Routing\Pipeline->Illuminate\Routing\{closure}(Object(Illuminate\Http\Request))
#54 C:\Users\Thorn\Desktop\epq\vendor\laravel\framework\src\Illuminate\Pipeline\Pipeline.php(148): Illuminate\Foundation\Http\Middleware\ValidatePostSize->handle(Object(Illuminate\Http\Request), Object(Closure))
#55 C:\Users\Thorn\Desktop\epq\vendor\laravel\framework\src\Illuminate\Routing\Pipeline.php(53): Illuminate\Pipeline\Pipeline->Illuminate\Pipeline\{closure}(Object(Illuminate\Http\Request))
#56 C:\Users\Thorn\Desktop\epq\vendor\laravel\framework\src\Illuminate\Foundation\Http\Middleware\CheckForMaintenanceMode.php(46): Illuminate\Routing\Pipeline->Illuminate\Routing\{closure}(Object(Illuminate\Http\Request))
#57 C:\Users\Thorn\Desktop\epq\vendor\laravel\framework\src\Illuminate\Pipeline\Pipeline.php(148): Illuminate\Foundation\Http\Middleware\CheckForMaintenanceMode->handle(Object(Illuminate\Http\Request), Object(Closure))
#58 C:\Users\Thorn\Desktop\epq\vendor\laravel\framework\src\Illuminate\Routing\Pipeline.php(53): Illuminate\Pipeline\Pipeline->Illuminate\Pipeline\{closure}(Object(Illuminate\Http\Request))
#59 C:\Users\Thorn\Desktop\epq\vendor\laravel\framework\src\Illuminate\Pipeline\Pipeline.php(102): Illuminate\Routing\Pipeline->Illuminate\Routing\{closure}(Object(Illuminate\Http\Request))
#60 C:\Users\Thorn\Desktop\epq\vendor\laravel\framework\src\Illuminate\Foundation\Http\Kernel.php(151): Illuminate\Pipeline\Pipeline->then(Object(Closure))
#61 C:\Users\Thorn\Desktop\epq\vendor\laravel\framework\src\Illuminate\Foundation\Http\Kernel.php(116): Illuminate\Foundation\Http\Kernel->sendRequestThroughRouter(Object(Illuminate\Http\Request))
#62 C:\Users\Thorn\Desktop\epq\public\index.php(54): Illuminate\Foundation\Http\Kernel->handle(Object(Illuminate\Http\Request))
#63 C:\Users\Thorn\Desktop\epq\server.php(21): require_once('C:\\Users\\Thorn\\...')
#64 {main}

Next exception 'Illuminate\Database\QueryException' with message 'SQLSTATE[23000]: Integrity constraint violation: 1048 Column 'questionid' cannot be null (SQL: insert into `votes` (`questionid`, `optionid`, `userid`, `updated_at`, `created_at`) values (, 2, 1, 2017-12-23 02:14:24, 2017-12-23 02:14:24))' in C:\Users\Thorn\Desktop\epq\vendor\laravel\framework\src\Illuminate\Database\Connection.php:647
Stack trace:
#0 C:\Users\Thorn\Desktop\epq\vendor\laravel\framework\src\Illuminate\Database\Connection.php(607): Illuminate\Database\Connection->runQueryCallback('insert into `vo...', Array, Object(Closure))
#1 C:\Users\Thorn\Desktop\epq\vendor\laravel\framework\src\Illuminate\Database\Connection.php(450): Illuminate\Database\Connection->run('insert into `vo...', Array, Object(Closure))
#2 C:\Users\Thorn\Desktop\epq\vendor\laravel\framework\src\Illuminate\Database\Connection.php(404): Illuminate\Database\Connection->statement('insert into `vo...', Array)
#3 C:\Users\Thorn\Desktop\epq\vendor\laravel\framework\src\Illuminate\Database\Query\Processors\Processor.php(32): Illuminate\Database\Connection->insert('insert into `vo...', Array)
#4 C:\Users\Thorn\Desktop\epq\vendor\laravel\framework\src\Illuminate\Database\Query\Builder.php(2133): Illuminate\Database\Query\Processors\Processor->processInsertGetId(Object(Illuminate\Database\Query\Builder), 'insert into `vo...', Array, 'id')
#5 C:\Users\Thorn\Desktop\epq\vendor\laravel\framework\src\Illuminate\Database\Eloquent\Builder.php(1251): Illuminate\Database\Query\Builder->insertGetId(Array, 'id')
#6 C:\Users\Thorn\Desktop\epq\vendor\laravel\framework\src\Illuminate\Database\Eloquent\Model.php(688): Illuminate\Database\Eloquent\Builder->__call('insertGetId', Array)
#7 C:\Users\Thorn\Desktop\epq\vendor\laravel\framework\src\Illuminate\Database\Eloquent\Model.php(688): Illuminate\Database\Eloquent\Builder->insertGetId(Array, 'id')
#8 C:\Users\Thorn\Desktop\epq\vendor\laravel\framework\src\Illuminate\Database\Eloquent\Model.php(653): Illuminate\Database\Eloquent\Model->insertAndSetId(Object(Illuminate\Database\Eloquent\Builder), Array)
#9 C:\Users\Thorn\Desktop\epq\vendor\laravel\framework\src\Illuminate\Database\Eloquent\Model.php(522): Illuminate\Database\Eloquent\Model->performInsert(Object(Illuminate\Database\Eloquent\Builder))
#10 C:\Users\Thorn\Desktop\epq\app\Http\Controllers\create.php(72): Illuminate\Database\Eloquent\Model->save()
#11 [internal function]: App\Http\Controllers\create->vote(Object(Illuminate\Http\Request))
#12 C:\Users\Thorn\Desktop\epq\vendor\laravel\framework\src\Illuminate\Routing\Controller.php(55): call_user_func_array(Array, Array)
#13 C:\Users\Thorn\Desktop\epq\vendor\laravel\framework\src\Illuminate\Routing\ControllerDispatcher.php(44): Illuminate\Routing\Controller->callAction('vote', Array)
#14 C:\Users\Thorn\Desktop\epq\vendor\laravel\framework\src\Illuminate\Routing\Route.php(204): Illuminate\Routing\ControllerDispatcher->dispatch(Object(Illuminate\Routing\Route), Object(App\Http\Controllers\create), 'vote')
#15 C:\Users\Thorn\Desktop\epq\vendor\laravel\framework\src\Illuminate\Routing\Route.php(160): Illuminate\Routing\Route->runController()
#16 C:\Users\Thorn\Desktop\epq\vendor\laravel\framework\src\Illuminate\Routing\Router.php(572): Illuminate\Routing\Route->run()
#17 C:\Users\Thorn\Desktop\epq\vendor\laravel\framework\src\Illuminate\Routing\Pipeline.php(30): Illuminate\Routing\Router->Illuminate\Routing\{closure}(Object(Illuminate\Http\Request))
#18 C:\Users\Thorn\Desktop\epq\vendor\laravel\framework\src\Illuminate\Routing\Middleware\SubstituteBindings.php(41): Illuminate\Routing\Pipeline->Illuminate\Routing\{closure}(Object(Illuminate\Http\Request))
#19 C:\Users\Thorn\Desktop\epq\vendor\laravel\framework\src\Illuminate\Pipeline\Pipeline.php(148): Illuminate\Routing\Middleware\SubstituteBindings->handle(Object(Illuminate\Http\Request), Object(Closure))
#20 C:\Users\Thorn\Desktop\epq\vendor\laravel\framework\src\Illuminate\Routing\Pipeline.php(53): Illuminate\Pipeline\Pipeline->Illuminate\Pipeline\{closure}(Object(Illuminate\Http\Request))
#21 C:\Users\Thorn\Desktop\epq\vendor\laravel\framework\src\Illuminate\Auth\Middleware\Authenticate.php(43): Illuminate\Routing\Pipeline->Illuminate\Routing\{closure}(Object(Illuminate\Http\Request))
#22 C:\Users\Thorn\Desktop\epq\vendor\laravel\framework\src\Illuminate\Pipeline\Pipeline.php(148): Illuminate\Auth\Middleware\Authenticate->handle(Object(Illuminate\Http\Request), Object(Closure))
#23 C:\Users\Thorn\Desktop\epq\vendor\laravel\framework\src\Illuminate\Routing\Pipeline.php(53): Illuminate\Pipeline\Pipeline->Illuminate\Pipeline\{closure}(Object(Illuminate\Http\Request))
#24 C:\Users\Thorn\Desktop\epq\vendor\laravel\framework\src\Illuminate\Foundation\Http\Middleware\VerifyCsrfToken.php(65): Illuminate\Routing\Pipeline->Illuminate\Routing\{closure}(Object(Illuminate\Http\Request))
#25 C:\Users\Thorn\Desktop\epq\vendor\laravel\framework\src\Illuminate\Pipeline\Pipeline.php(148): Illuminate\Foundation\Http\Middleware\VerifyCsrfToken->handle(Object(Illuminate\Http\Request), Object(Closure))
#26 C:\Users\Thorn\Desktop\epq\vendor\laravel\framework\src\Illuminate\Routing\Pipeline.php(53): Illuminate\Pipeline\Pipeline->Illuminate\Pipeline\{closure}(Object(Illuminate\Http\Request))
#27 C:\Users\Thorn\Desktop\epq\vendor\laravel\framework\src\Illuminate\View\Middleware\ShareErrorsFromSession.php(49): Illuminate\Routing\Pipeline->Illuminate\Routing\{closure}(Object(Illuminate\Http\Request))
#28 C:\Users\Thorn\Desktop\epq\vendor\laravel\framework\src\Illuminate\Pipeline\Pipeline.php(148): Illuminate\View\Middleware\ShareErrorsFromSession->handle(Object(Illuminate\Http\Request), Object(Closure))
#29 C:\Users\Thorn\Desktop\epq\vendor\laravel\framework\src\Illuminate\Routing\Pipeline.php(53): Illuminate\Pipeline\Pipeline->Illuminate\Pipeline\{closure}(Object(Illuminate\Http\Request))
#30 C:\Users\Thorn\Desktop\epq\vendor\laravel\framework\src\Illuminate\Session\Middleware\StartSession.php(64): Illuminate\Routing\Pipeline->Illuminate\Routing\{closure}(Object(Illuminate\Http\Request))
#31 C:\Users\Thorn\Desktop\epq\vendor\laravel\framework\src\Illuminate\Pipeline\Pipeline.php(148): Illuminate\Session\Middleware\StartSession->handle(Object(Illuminate\Http\Request), Object(Closure))
#32 C:\Users\Thorn\Desktop\epq\vendor\laravel\framework\src\Illuminate\Routing\Pipeline.php(53): Illuminate\Pipeline\Pipeline->Illuminate\Pipeline\{closure}(Object(Illuminate\Http\Request))
#33 C:\Users\Thorn\Desktop\epq\vendor\laravel\framework\src\Illuminate\Cookie\Middleware\AddQueuedCookiesToResponse.php(37): Illuminate\Routing\Pipeline->Illuminate\Routing\{closure}(Object(Illuminate\Http\Request))
#34 C:\Users\Thorn\Desktop\epq\vendor\laravel\framework\src\Illuminate\Pipeline\Pipeline.php(148): Illuminate\Cookie\Middleware\AddQueuedCookiesToResponse->handle(Object(Illuminate\Http\Request), Object(Closure))
#35 C:\Users\Thorn\Desktop\epq\vendor\laravel\framework\src\Illuminate\Routing\Pipeline.php(53): Illuminate\Pipeline\Pipeline->Illuminate\Pipeline\{closure}(Object(Illuminate\Http\Request))
#36 C:\Users\Thorn\Desktop\epq\vendor\laravel\framework\src\Illuminate\Cookie\Middleware\EncryptCookies.php(59): Illuminate\Routing\Pipeline->Illuminate\Routing\{closure}(Object(Illuminate\Http\Request))
#37 C:\Users\Thorn\Desktop\epq\vendor\laravel\framework\src\Illuminate\Pipeline\Pipeline.php(148): Illuminate\Cookie\Middleware\EncryptCookies->handle(Object(Illuminate\Http\Request), Object(Closure))
#38 C:\Users\Thorn\Desktop\epq\vendor\laravel\framework\src\Illuminate\Routing\Pipeline.php(53): Illuminate\Pipeline\Pipeline->Illuminate\Pipeline\{closure}(Object(Illuminate\Http\Request))
#39 C:\Users\Thorn\Desktop\epq\vendor\laravel\framework\src\Illuminate\Pipeline\Pipeline.php(102): Illuminate\Routing\Pipeline->Illuminate\Routing\{closure}(Object(Illuminate\Http\Request))
#40 C:\Users\Thorn\Desktop\epq\vendor\laravel\framework\src\Illuminate\Routing\Router.php(574): Illuminate\Pipeline\Pipeline->then(Object(Closure))
#41 C:\Users\Thorn\Desktop\epq\vendor\laravel\framework\src\Illuminate\Routing\Router.php(533): Illuminate\Routing\Router->runRouteWithinStack(Object(Illuminate\Routing\Route), Object(Illuminate\Http\Request))
#42 C:\Users\Thorn\Desktop\epq\vendor\laravel\framework\src\Illuminate\Routing\Router.php(511): Illuminate\Routing\Router->dispatchToRoute(Object(Illuminate\Http\Request))
#43 C:\Users\Thorn\Desktop\epq\vendor\laravel\framework\src\Illuminate\Foundation\Http\Kernel.php(176): Illuminate\Routing\Router->dispatch(Object(Illuminate\Http\Request))
#44 C:\Users\Thorn\Desktop\epq\vendor\laravel\framework\src\Illuminate\Routing\Pipeline.php(30): Illuminate\Foundation\Http\Kernel->Illuminate\Foundation\Http\{closure}(Object(Illuminate\Http\Request))
#45 C:\Users\Thorn\Desktop\epq\vendor\laravel\framework\src\Illuminate\Foundation\Http\Middleware\TransformsRequest.php(30): Illuminate\Routing\Pipeline->Illuminate\Routing\{closure}(Object(Illuminate\Http\Request))
#46 C:\Users\Thorn\Desktop\epq\vendor\laravel\framework\src\Illuminate\Pipeline\Pipeline.php(148): Illuminate\Foundation\Http\Middleware\TransformsRequest->handle(Object(Illuminate\Http\Request), Object(Closure))
#47 C:\Users\Thorn\Desktop\epq\vendor\laravel\framework\src\Illuminate\Routing\Pipeline.php(53): Illuminate\Pipeline\Pipeline->Illuminate\Pipeline\{closure}(Object(Illuminate\Http\Request))
#48 C:\Users\Thorn\Desktop\epq\vendor\laravel\framework\src\Illuminate\Foundation\Http\Middleware\TransformsRequest.php(30): Illuminate\Routing\Pipeline->Illuminate\Routing\{closure}(Object(Illuminate\Http\Request))
#49 C:\Users\Thorn\Desktop\epq\vendor\laravel\framework\src\Illuminate\Pipeline\Pipeline.php(148): Illuminate\Foundation\Http\Middleware\TransformsRequest->handle(Object(Illuminate\Http\Request), Object(Closure))
#50 C:\Users\Thorn\Desktop\epq\vendor\laravel\framework\src\Illuminate\Routing\Pipeline.php(53): Illuminate\Pipeline\Pipeline->Illuminate\Pipeline\{closure}(Object(Illuminate\Http\Request))
#51 C:\Users\Thorn\Desktop\epq\vendor\laravel\framework\src\Illuminate\Foundation\Http\Middleware\ValidatePostSize.php(27): Illuminate\Routing\Pipeline->Illuminate\Routing\{closure}(Object(Illuminate\Http\Request))
#52 C:\Users\Thorn\Desktop\epq\vendor\laravel\framework\src\Illuminate\Pipeline\Pipeline.php(148): Illuminate\Foundation\Http\Middleware\ValidatePostSize->handle(Object(Illuminate\Http\Request), Object(Closure))
#53 C:\Users\Thorn\Desktop\epq\vendor\laravel\framework\src\Illuminate\Routing\Pipeline.php(53): Illuminate\Pipeline\Pipeline->Illuminate\Pipeline\{closure}(Object(Illuminate\Http\Request))
#54 C:\Users\Thorn\Desktop\epq\vendor\laravel\framework\src\Illuminate\Foundation\Http\Middleware\CheckForMaintenanceMode.php(46): Illuminate\Routing\Pipeline->Illuminate\Routing\{closure}(Object(Illuminate\Http\Request))
#55 C:\Users\Thorn\Desktop\epq\vendor\laravel\framework\src\Illuminate\Pipeline\Pipeline.php(148): Illuminate\Foundation\Http\Middleware\CheckForMaintenanceMode->handle(Object(Illuminate\Http\Request), Object(Closure))
#56 C:\Users\Thorn\Desktop\epq\vendor\laravel\framework\src\Illuminate\Routing\Pipeline.php(53): Illuminate\Pipeline\Pipeline->Illuminate\Pipeline\{closure}(Object(Illuminate\Http\Request))
#57 C:\Users\Thorn\Desktop\epq\vendor\laravel\framework\src\Illuminate\Pipeline\Pipeline.php(102): Illuminate\Routing\Pipeline->Illuminate\Routing\{closure}(Object(Illuminate\Http\Request))
#58 C:\Users\Thorn\Desktop\epq\vendor\laravel\framework\src\Illuminate\Foundation\Http\Kernel.php(151): Illuminate\Pipeline\Pipeline->then(Object(Closure))
#59 C:\Users\Thorn\Desktop\epq\vendor\laravel\framework\src\Illuminate\Foundation\Http\Kernel.php(116): Illuminate\Foundation\Http\Kernel->sendRequestThroughRouter(Object(Illuminate\Http\Request))
#60 C:\Users\Thorn\Desktop\epq\public\index.php(54): Illuminate\Foundation\Http\Kernel->handle(Object(Illuminate\Http\Request))
#61 C:\Users\Thorn\Desktop\epq\server.php(21): require_once('C:\\Users\\Thorn\\...')
#62 {main}  
[2017-12-23 02:14:45] local.ERROR: exception 'PDOException' with message 'SQLSTATE[23000]: Integrity constraint violation: 1048 Column 'questionid' cannot be null' in C:\Users\Thorn\Desktop\epq\vendor\laravel\framework\src\Illuminate\Database\Connection.php:449
Stack trace:
#0 C:\Users\Thorn\Desktop\epq\vendor\laravel\framework\src\Illuminate\Database\Connection.php(449): PDOStatement->execute()
#1 C:\Users\Thorn\Desktop\epq\vendor\laravel\framework\src\Illuminate\Database\Connection.php(640): Illuminate\Database\Connection->Illuminate\Database\{closure}('insert into `vo...', Array)
#2 C:\Users\Thorn\Desktop\epq\vendor\laravel\framework\src\Illuminate\Database\Connection.php(607): Illuminate\Database\Connection->runQueryCallback('insert into `vo...', Array, Object(Closure))
#3 C:\Users\Thorn\Desktop\epq\vendor\laravel\framework\src\Illuminate\Database\Connection.php(450): Illuminate\Database\Connection->run('insert into `vo...', Array, Object(Closure))
#4 C:\Users\Thorn\Desktop\epq\vendor\laravel\framework\src\Illuminate\Database\Connection.php(404): Illuminate\Database\Connection->statement('insert into `vo...', Array)
#5 C:\Users\Thorn\Desktop\epq\vendor\laravel\framework\src\Illuminate\Database\Query\Processors\Processor.php(32): Illuminate\Database\Connection->insert('insert into `vo...', Array)
#6 C:\Users\Thorn\Desktop\epq\vendor\laravel\framework\src\Illuminate\Database\Query\Builder.php(2133): Illuminate\Database\Query\Processors\Processor->processInsertGetId(Object(Illuminate\Database\Query\Builder), 'insert into `vo...', Array, 'id')
#7 C:\Users\Thorn\Desktop\epq\vendor\laravel\framework\src\Illuminate\Database\Eloquent\Builder.php(1251): Illuminate\Database\Query\Builder->insertGetId(Array, 'id')
#8 C:\Users\Thorn\Desktop\epq\vendor\laravel\framework\src\Illuminate\Database\Eloquent\Model.php(688): Illuminate\Database\Eloquent\Builder->__call('insertGetId', Array)
#9 C:\Users\Thorn\Desktop\epq\vendor\laravel\framework\src\Illuminate\Database\Eloquent\Model.php(688): Illuminate\Database\Eloquent\Builder->insertGetId(Array, 'id')
#10 C:\Users\Thorn\Desktop\epq\vendor\laravel\framework\src\Illuminate\Database\Eloquent\Model.php(653): Illuminate\Database\Eloquent\Model->insertAndSetId(Object(Illuminate\Database\Eloquent\Builder), Array)
#11 C:\Users\Thorn\Desktop\epq\vendor\laravel\framework\src\Illuminate\Database\Eloquent\Model.php(522): Illuminate\Database\Eloquent\Model->performInsert(Object(Illuminate\Database\Eloquent\Builder))
#12 C:\Users\Thorn\Desktop\epq\app\Http\Controllers\create.php(72): Illuminate\Database\Eloquent\Model->save()
#13 [internal function]: App\Http\Controllers\create->vote(Object(Illuminate\Http\Request))
#14 C:\Users\Thorn\Desktop\epq\vendor\laravel\framework\src\Illuminate\Routing\Controller.php(55): call_user_func_array(Array, Array)
#15 C:\Users\Thorn\Desktop\epq\vendor\laravel\framework\src\Illuminate\Routing\ControllerDispatcher.php(44): Illuminate\Routing\Controller->callAction('vote', Array)
#16 C:\Users\Thorn\Desktop\epq\vendor\laravel\framework\src\Illuminate\Routing\Route.php(204): Illuminate\Routing\ControllerDispatcher->dispatch(Object(Illuminate\Routing\Route), Object(App\Http\Controllers\create), 'vote')
#17 C:\Users\Thorn\Desktop\epq\vendor\laravel\framework\src\Illuminate\Routing\Route.php(160): Illuminate\Routing\Route->runController()
#18 C:\Users\Thorn\Desktop\epq\vendor\laravel\framework\src\Illuminate\Routing\Router.php(572): Illuminate\Routing\Route->run()
#19 C:\Users\Thorn\Desktop\epq\vendor\laravel\framework\src\Illuminate\Routing\Pipeline.php(30): Illuminate\Routing\Router->Illuminate\Routing\{closure}(Object(Illuminate\Http\Request))
#20 C:\Users\Thorn\Desktop\epq\vendor\laravel\framework\src\Illuminate\Routing\Middleware\SubstituteBindings.php(41): Illuminate\Routing\Pipeline->Illuminate\Routing\{closure}(Object(Illuminate\Http\Request))
#21 C:\Users\Thorn\Desktop\epq\vendor\laravel\framework\src\Illuminate\Pipeline\Pipeline.php(148): Illuminate\Routing\Middleware\SubstituteBindings->handle(Object(Illuminate\Http\Request), Object(Closure))
#22 C:\Users\Thorn\Desktop\epq\vendor\laravel\framework\src\Illuminate\Routing\Pipeline.php(53): Illuminate\Pipeline\Pipeline->Illuminate\Pipeline\{closure}(Object(Illuminate\Http\Request))
#23 C:\Users\Thorn\Desktop\epq\vendor\laravel\framework\src\Illuminate\Auth\Middleware\Authenticate.php(43): Illuminate\Routing\Pipeline->Illuminate\Routing\{closure}(Object(Illuminate\Http\Request))
#24 C:\Users\Thorn\Desktop\epq\vendor\laravel\framework\src\Illuminate\Pipeline\Pipeline.php(148): Illuminate\Auth\Middleware\Authenticate->handle(Object(Illuminate\Http\Request), Object(Closure))
#25 C:\Users\Thorn\Desktop\epq\vendor\laravel\framework\src\Illuminate\Routing\Pipeline.php(53): Illuminate\Pipeline\Pipeline->Illuminate\Pipeline\{closure}(Object(Illuminate\Http\Request))
#26 C:\Users\Thorn\Desktop\epq\vendor\laravel\framework\src\Illuminate\Foundation\Http\Middleware\VerifyCsrfToken.php(65): Illuminate\Routing\Pipeline->Illuminate\Routing\{closure}(Object(Illuminate\Http\Request))
#27 C:\Users\Thorn\Desktop\epq\vendor\laravel\framework\src\Illuminate\Pipeline\Pipeline.php(148): Illuminate\Foundation\Http\Middleware\VerifyCsrfToken->handle(Object(Illuminate\Http\Request), Object(Closure))
#28 C:\Users\Thorn\Desktop\epq\vendor\laravel\framework\src\Illuminate\Routing\Pipeline.php(53): Illuminate\Pipeline\Pipeline->Illuminate\Pipeline\{closure}(Object(Illuminate\Http\Request))
#29 C:\Users\Thorn\Desktop\epq\vendor\laravel\framework\src\Illuminate\View\Middleware\ShareErrorsFromSession.php(49): Illuminate\Routing\Pipeline->Illuminate\Routing\{closure}(Object(Illuminate\Http\Request))
#30 C:\Users\Thorn\Desktop\epq\vendor\laravel\framework\src\Illuminate\Pipeline\Pipeline.php(148): Illuminate\View\Middleware\ShareErrorsFromSession->handle(Object(Illuminate\Http\Request), Object(Closure))
#31 C:\Users\Thorn\Desktop\epq\vendor\laravel\framework\src\Illuminate\Routing\Pipeline.php(53): Illuminate\Pipeline\Pipeline->Illuminate\Pipeline\{closure}(Object(Illuminate\Http\Request))
#32 C:\Users\Thorn\Desktop\epq\vendor\laravel\framework\src\Illuminate\Session\Middleware\StartSession.php(64): Illuminate\Routing\Pipeline->Illuminate\Routing\{closure}(Object(Illuminate\Http\Request))
#33 C:\Users\Thorn\Desktop\epq\vendor\laravel\framework\src\Illuminate\Pipeline\Pipeline.php(148): Illuminate\Session\Middleware\StartSession->handle(Object(Illuminate\Http\Request), Object(Closure))
#34 C:\Users\Thorn\Desktop\epq\vendor\laravel\framework\src\Illuminate\Routing\Pipeline.php(53): Illuminate\Pipeline\Pipeline->Illuminate\Pipeline\{closure}(Object(Illuminate\Http\Request))
#35 C:\Users\Thorn\Desktop\epq\vendor\laravel\framework\src\Illuminate\Cookie\Middleware\AddQueuedCookiesToResponse.php(37): Illuminate\Routing\Pipeline->Illuminate\Routing\{closure}(Object(Illuminate\Http\Request))
#36 C:\Users\Thorn\Desktop\epq\vendor\laravel\framework\src\Illuminate\Pipeline\Pipeline.php(148): Illuminate\Cookie\Middleware\AddQueuedCookiesToResponse->handle(Object(Illuminate\Http\Request), Object(Closure))
#37 C:\Users\Thorn\Desktop\epq\vendor\laravel\framework\src\Illuminate\Routing\Pipeline.php(53): Illuminate\Pipeline\Pipeline->Illuminate\Pipeline\{closure}(Object(Illuminate\Http\Request))
#38 C:\Users\Thorn\Desktop\epq\vendor\laravel\framework\src\Illuminate\Cookie\Middleware\EncryptCookies.php(59): Illuminate\Routing\Pipeline->Illuminate\Routing\{closure}(Object(Illuminate\Http\Request))
#39 C:\Users\Thorn\Desktop\epq\vendor\laravel\framework\src\Illuminate\Pipeline\Pipeline.php(148): Illuminate\Cookie\Middleware\EncryptCookies->handle(Object(Illuminate\Http\Request), Object(Closure))
#40 C:\Users\Thorn\Desktop\epq\vendor\laravel\framework\src\Illuminate\Routing\Pipeline.php(53): Illuminate\Pipeline\Pipeline->Illuminate\Pipeline\{closure}(Object(Illuminate\Http\Request))
#41 C:\Users\Thorn\Desktop\epq\vendor\laravel\framework\src\Illuminate\Pipeline\Pipeline.php(102): Illuminate\Routing\Pipeline->Illuminate\Routing\{closure}(Object(Illuminate\Http\Request))
#42 C:\Users\Thorn\Desktop\epq\vendor\laravel\framework\src\Illuminate\Routing\Router.php(574): Illuminate\Pipeline\Pipeline->then(Object(Closure))
#43 C:\Users\Thorn\Desktop\epq\vendor\laravel\framework\src\Illuminate\Routing\Router.php(533): Illuminate\Routing\Router->runRouteWithinStack(Object(Illuminate\Routing\Route), Object(Illuminate\Http\Request))
#44 C:\Users\Thorn\Desktop\epq\vendor\laravel\framework\src\Illuminate\Routing\Router.php(511): Illuminate\Routing\Router->dispatchToRoute(Object(Illuminate\Http\Request))
#45 C:\Users\Thorn\Desktop\epq\vendor\laravel\framework\src\Illuminate\Foundation\Http\Kernel.php(176): Illuminate\Routing\Router->dispatch(Object(Illuminate\Http\Request))
#46 C:\Users\Thorn\Desktop\epq\vendor\laravel\framework\src\Illuminate\Routing\Pipeline.php(30): Illuminate\Foundation\Http\Kernel->Illuminate\Foundation\Http\{closure}(Object(Illuminate\Http\Request))
#47 C:\Users\Thorn\Desktop\epq\vendor\laravel\framework\src\Illuminate\Foundation\Http\Middleware\TransformsRequest.php(30): Illuminate\Routing\Pipeline->Illuminate\Routing\{closure}(Object(Illuminate\Http\Request))
#48 C:\Users\Thorn\Desktop\epq\vendor\laravel\framework\src\Illuminate\Pipeline\Pipeline.php(148): Illuminate\Foundation\Http\Middleware\TransformsRequest->handle(Object(Illuminate\Http\Request), Object(Closure))
#49 C:\Users\Thorn\Desktop\epq\vendor\laravel\framework\src\Illuminate\Routing\Pipeline.php(53): Illuminate\Pipeline\Pipeline->Illuminate\Pipeline\{closure}(Object(Illuminate\Http\Request))
#50 C:\Users\Thorn\Desktop\epq\vendor\laravel\framework\src\Illuminate\Foundation\Http\Middleware\TransformsRequest.php(30): Illuminate\Routing\Pipeline->Illuminate\Routing\{closure}(Object(Illuminate\Http\Request))
#51 C:\Users\Thorn\Desktop\epq\vendor\laravel\framework\src\Illuminate\Pipeline\Pipeline.php(148): Illuminate\Foundation\Http\Middleware\TransformsRequest->handle(Object(Illuminate\Http\Request), Object(Closure))
#52 C:\Users\Thorn\Desktop\epq\vendor\laravel\framework\src\Illuminate\Routing\Pipeline.php(53): Illuminate\Pipeline\Pipeline->Illuminate\Pipeline\{closure}(Object(Illuminate\Http\Request))
#53 C:\Users\Thorn\Desktop\epq\vendor\laravel\framework\src\Illuminate\Foundation\Http\Middleware\ValidatePostSize.php(27): Illuminate\Routing\Pipeline->Illuminate\Routing\{closure}(Object(Illuminate\Http\Request))
#54 C:\Users\Thorn\Desktop\epq\vendor\laravel\framework\src\Illuminate\Pipeline\Pipeline.php(148): Illuminate\Foundation\Http\Middleware\ValidatePostSize->handle(Object(Illuminate\Http\Request), Object(Closure))
#55 C:\Users\Thorn\Desktop\epq\vendor\laravel\framework\src\Illuminate\Routing\Pipeline.php(53): Illuminate\Pipeline\Pipeline->Illuminate\Pipeline\{closure}(Object(Illuminate\Http\Request))
#56 C:\Users\Thorn\Desktop\epq\vendor\laravel\framework\src\Illuminate\Foundation\Http\Middleware\CheckForMaintenanceMode.php(46): Illuminate\Routing\Pipeline->Illuminate\Routing\{closure}(Object(Illuminate\Http\Request))
#57 C:\Users\Thorn\Desktop\epq\vendor\laravel\framework\src\Illuminate\Pipeline\Pipeline.php(148): Illuminate\Foundation\Http\Middleware\CheckForMaintenanceMode->handle(Object(Illuminate\Http\Request), Object(Closure))
#58 C:\Users\Thorn\Desktop\epq\vendor\laravel\framework\src\Illuminate\Routing\Pipeline.php(53): Illuminate\Pipeline\Pipeline->Illuminate\Pipeline\{closure}(Object(Illuminate\Http\Request))
#59 C:\Users\Thorn\Desktop\epq\vendor\laravel\framework\src\Illuminate\Pipeline\Pipeline.php(102): Illuminate\Routing\Pipeline->Illuminate\Routing\{closure}(Object(Illuminate\Http\Request))
#60 C:\Users\Thorn\Desktop\epq\vendor\laravel\framework\src\Illuminate\Foundation\Http\Kernel.php(151): Illuminate\Pipeline\Pipeline->then(Object(Closure))
#61 C:\Users\Thorn\Desktop\epq\vendor\laravel\framework\src\Illuminate\Foundation\Http\Kernel.php(116): Illuminate\Foundation\Http\Kernel->sendRequestThroughRouter(Object(Illuminate\Http\Request))
#62 C:\Users\Thorn\Desktop\epq\public\index.php(54): Illuminate\Foundation\Http\Kernel->handle(Object(Illuminate\Http\Request))
#63 C:\Users\Thorn\Desktop\epq\server.php(21): require_once('C:\\Users\\Thorn\\...')
#64 {main}

Next exception 'Illuminate\Database\QueryException' with message 'SQLSTATE[23000]: Integrity constraint violation: 1048 Column 'questionid' cannot be null (SQL: insert into `votes` (`questionid`, `optionid`, `userid`, `updated_at`, `created_at`) values (, 2, 1, 2017-12-23 02:14:45, 2017-12-23 02:14:45))' in C:\Users\Thorn\Desktop\epq\vendor\laravel\framework\src\Illuminate\Database\Connection.php:647
Stack trace:
#0 C:\Users\Thorn\Desktop\epq\vendor\laravel\framework\src\Illuminate\Database\Connection.php(607): Illuminate\Database\Connection->runQueryCallback('insert into `vo...', Array, Object(Closure))
#1 C:\Users\Thorn\Desktop\epq\vendor\laravel\framework\src\Illuminate\Database\Connection.php(450): Illuminate\Database\Connection->run('insert into `vo...', Array, Object(Closure))
#2 C:\Users\Thorn\Desktop\epq\vendor\laravel\framework\src\Illuminate\Database\Connection.php(404): Illuminate\Database\Connection->statement('insert into `vo...', Array)
#3 C:\Users\Thorn\Desktop\epq\vendor\laravel\framework\src\Illuminate\Database\Query\Processors\Processor.php(32): Illuminate\Database\Connection->insert('insert into `vo...', Array)
#4 C:\Users\Thorn\Desktop\epq\vendor\laravel\framework\src\Illuminate\Database\Query\Builder.php(2133): Illuminate\Database\Query\Processors\Processor->processInsertGetId(Object(Illuminate\Database\Query\Builder), 'insert into `vo...', Array, 'id')
#5 C:\Users\Thorn\Desktop\epq\vendor\laravel\framework\src\Illuminate\Database\Eloquent\Builder.php(1251): Illuminate\Database\Query\Builder->insertGetId(Array, 'id')
#6 C:\Users\Thorn\Desktop\epq\vendor\laravel\framework\src\Illuminate\Database\Eloquent\Model.php(688): Illuminate\Database\Eloquent\Builder->__call('insertGetId', Array)
#7 C:\Users\Thorn\Desktop\epq\vendor\laravel\framework\src\Illuminate\Database\Eloquent\Model.php(688): Illuminate\Database\Eloquent\Builder->insertGetId(Array, 'id')
#8 C:\Users\Thorn\Desktop\epq\vendor\laravel\framework\src\Illuminate\Database\Eloquent\Model.php(653): Illuminate\Database\Eloquent\Model->insertAndSetId(Object(Illuminate\Database\Eloquent\Builder), Array)
#9 C:\Users\Thorn\Desktop\epq\vendor\laravel\framework\src\Illuminate\Database\Eloquent\Model.php(522): Illuminate\Database\Eloquent\Model->performInsert(Object(Illuminate\Database\Eloquent\Builder))
#10 C:\Users\Thorn\Desktop\epq\app\Http\Controllers\create.php(72): Illuminate\Database\Eloquent\Model->save()
#11 [internal function]: App\Http\Controllers\create->vote(Object(Illuminate\Http\Request))
#12 C:\Users\Thorn\Desktop\epq\vendor\laravel\framework\src\Illuminate\Routing\Controller.php(55): call_user_func_array(Array, Array)
#13 C:\Users\Thorn\Desktop\epq\vendor\laravel\framework\src\Illuminate\Routing\ControllerDispatcher.php(44): Illuminate\Routing\Controller->callAction('vote', Array)
#14 C:\Users\Thorn\Desktop\epq\vendor\laravel\framework\src\Illuminate\Routing\Route.php(204): Illuminate\Routing\ControllerDispatcher->dispatch(Object(Illuminate\Routing\Route), Object(App\Http\Controllers\create), 'vote')
#15 C:\Users\Thorn\Desktop\epq\vendor\laravel\framework\src\Illuminate\Routing\Route.php(160): Illuminate\Routing\Route->runController()
#16 C:\Users\Thorn\Desktop\epq\vendor\laravel\framework\src\Illuminate\Routing\Router.php(572): Illuminate\Routing\Route->run()
#17 C:\Users\Thorn\Desktop\epq\vendor\laravel\framework\src\Illuminate\Routing\Pipeline.php(30): Illuminate\Routing\Router->Illuminate\Routing\{closure}(Object(Illuminate\Http\Request))
#18 C:\Users\Thorn\Desktop\epq\vendor\laravel\framework\src\Illuminate\Routing\Middleware\SubstituteBindings.php(41): Illuminate\Routing\Pipeline->Illuminate\Routing\{closure}(Object(Illuminate\Http\Request))
#19 C:\Users\Thorn\Desktop\epq\vendor\laravel\framework\src\Illuminate\Pipeline\Pipeline.php(148): Illuminate\Routing\Middleware\SubstituteBindings->handle(Object(Illuminate\Http\Request), Object(Closure))
#20 C:\Users\Thorn\Desktop\epq\vendor\laravel\framework\src\Illuminate\Routing\Pipeline.php(53): Illuminate\Pipeline\Pipeline->Illuminate\Pipeline\{closure}(Object(Illuminate\Http\Request))
#21 C:\Users\Thorn\Desktop\epq\vendor\laravel\framework\src\Illuminate\Auth\Middleware\Authenticate.php(43): Illuminate\Routing\Pipeline->Illuminate\Routing\{closure}(Object(Illuminate\Http\Request))
#22 C:\Users\Thorn\Desktop\epq\vendor\laravel\framework\src\Illuminate\Pipeline\Pipeline.php(148): Illuminate\Auth\Middleware\Authenticate->handle(Object(Illuminate\Http\Request), Object(Closure))
#23 C:\Users\Thorn\Desktop\epq\vendor\laravel\framework\src\Illuminate\Routing\Pipeline.php(53): Illuminate\Pipeline\Pipeline->Illuminate\Pipeline\{closure}(Object(Illuminate\Http\Request))
#24 C:\Users\Thorn\Desktop\epq\vendor\laravel\framework\src\Illuminate\Foundation\Http\Middleware\VerifyCsrfToken.php(65): Illuminate\Routing\Pipeline->Illuminate\Routing\{closure}(Object(Illuminate\Http\Request))
#25 C:\Users\Thorn\Desktop\epq\vendor\laravel\framework\src\Illuminate\Pipeline\Pipeline.php(148): Illuminate\Foundation\Http\Middleware\VerifyCsrfToken->handle(Object(Illuminate\Http\Request), Object(Closure))
#26 C:\Users\Thorn\Desktop\epq\vendor\laravel\framework\src\Illuminate\Routing\Pipeline.php(53): Illuminate\Pipeline\Pipeline->Illuminate\Pipeline\{closure}(Object(Illuminate\Http\Request))
#27 C:\Users\Thorn\Desktop\epq\vendor\laravel\framework\src\Illuminate\View\Middleware\ShareErrorsFromSession.php(49): Illuminate\Routing\Pipeline->Illuminate\Routing\{closure}(Object(Illuminate\Http\Request))
#28 C:\Users\Thorn\Desktop\epq\vendor\laravel\framework\src\Illuminate\Pipeline\Pipeline.php(148): Illuminate\View\Middleware\ShareErrorsFromSession->handle(Object(Illuminate\Http\Request), Object(Closure))
#29 C:\Users\Thorn\Desktop\epq\vendor\laravel\framework\src\Illuminate\Routing\Pipeline.php(53): Illuminate\Pipeline\Pipeline->Illuminate\Pipeline\{closure}(Object(Illuminate\Http\Request))
#30 C:\Users\Thorn\Desktop\epq\vendor\laravel\framework\src\Illuminate\Session\Middleware\StartSession.php(64): Illuminate\Routing\Pipeline->Illuminate\Routing\{closure}(Object(Illuminate\Http\Request))
#31 C:\Users\Thorn\Desktop\epq\vendor\laravel\framework\src\Illuminate\Pipeline\Pipeline.php(148): Illuminate\Session\Middleware\StartSession->handle(Object(Illuminate\Http\Request), Object(Closure))
#32 C:\Users\Thorn\Desktop\epq\vendor\laravel\framework\src\Illuminate\Routing\Pipeline.php(53): Illuminate\Pipeline\Pipeline->Illuminate\Pipeline\{closure}(Object(Illuminate\Http\Request))
#33 C:\Users\Thorn\Desktop\epq\vendor\laravel\framework\src\Illuminate\Cookie\Middleware\AddQueuedCookiesToResponse.php(37): Illuminate\Routing\Pipeline->Illuminate\Routing\{closure}(Object(Illuminate\Http\Request))
#34 C:\Users\Thorn\Desktop\epq\vendor\laravel\framework\src\Illuminate\Pipeline\Pipeline.php(148): Illuminate\Cookie\Middleware\AddQueuedCookiesToResponse->handle(Object(Illuminate\Http\Request), Object(Closure))
#35 C:\Users\Thorn\Desktop\epq\vendor\laravel\framework\src\Illuminate\Routing\Pipeline.php(53): Illuminate\Pipeline\Pipeline->Illuminate\Pipeline\{closure}(Object(Illuminate\Http\Request))
#36 C:\Users\Thorn\Desktop\epq\vendor\laravel\framework\src\Illuminate\Cookie\Middleware\EncryptCookies.php(59): Illuminate\Routing\Pipeline->Illuminate\Routing\{closure}(Object(Illuminate\Http\Request))
#37 C:\Users\Thorn\Desktop\epq\vendor\laravel\framework\src\Illuminate\Pipeline\Pipeline.php(148): Illuminate\Cookie\Middleware\EncryptCookies->handle(Object(Illuminate\Http\Request), Object(Closure))
#38 C:\Users\Thorn\Desktop\epq\vendor\laravel\framework\src\Illuminate\Routing\Pipeline.php(53): Illuminate\Pipeline\Pipeline->Illuminate\Pipeline\{closure}(Object(Illuminate\Http\Request))
#39 C:\Users\Thorn\Desktop\epq\vendor\laravel\framework\src\Illuminate\Pipeline\Pipeline.php(102): Illuminate\Routing\Pipeline->Illuminate\Routing\{closure}(Object(Illuminate\Http\Request))
#40 C:\Users\Thorn\Desktop\epq\vendor\laravel\framework\src\Illuminate\Routing\Router.php(574): Illuminate\Pipeline\Pipeline->then(Object(Closure))
#41 C:\Users\Thorn\Desktop\epq\vendor\laravel\framework\src\Illuminate\Routing\Router.php(533): Illuminate\Routing\Router->runRouteWithinStack(Object(Illuminate\Routing\Route), Object(Illuminate\Http\Request))
#42 C:\Users\Thorn\Desktop\epq\vendor\laravel\framework\src\Illuminate\Routing\Router.php(511): Illuminate\Routing\Router->dispatchToRoute(Object(Illuminate\Http\Request))
#43 C:\Users\Thorn\Desktop\epq\vendor\laravel\framework\src\Illuminate\Foundation\Http\Kernel.php(176): Illuminate\Routing\Router->dispatch(Object(Illuminate\Http\Request))
#44 C:\Users\Thorn\Desktop\epq\vendor\laravel\framework\src\Illuminate\Routing\Pipeline.php(30): Illuminate\Foundation\Http\Kernel->Illuminate\Foundation\Http\{closure}(Object(Illuminate\Http\Request))
#45 C:\Users\Thorn\Desktop\epq\vendor\laravel\framework\src\Illuminate\Foundation\Http\Middleware\TransformsRequest.php(30): Illuminate\Routing\Pipeline->Illuminate\Routing\{closure}(Object(Illuminate\Http\Request))
#46 C:\Users\Thorn\Desktop\epq\vendor\laravel\framework\src\Illuminate\Pipeline\Pipeline.php(148): Illuminate\Foundation\Http\Middleware\TransformsRequest->handle(Object(Illuminate\Http\Request), Object(Closure))
#47 C:\Users\Thorn\Desktop\epq\vendor\laravel\framework\src\Illuminate\Routing\Pipeline.php(53): Illuminate\Pipeline\Pipeline->Illuminate\Pipeline\{closure}(Object(Illuminate\Http\Request))
#48 C:\Users\Thorn\Desktop\epq\vendor\laravel\framework\src\Illuminate\Foundation\Http\Middleware\TransformsRequest.php(30): Illuminate\Routing\Pipeline->Illuminate\Routing\{closure}(Object(Illuminate\Http\Request))
#49 C:\Users\Thorn\Desktop\epq\vendor\laravel\framework\src\Illuminate\Pipeline\Pipeline.php(148): Illuminate\Foundation\Http\Middleware\TransformsRequest->handle(Object(Illuminate\Http\Request), Object(Closure))
#50 C:\Users\Thorn\Desktop\epq\vendor\laravel\framework\src\Illuminate\Routing\Pipeline.php(53): Illuminate\Pipeline\Pipeline->Illuminate\Pipeline\{closure}(Object(Illuminate\Http\Request))
#51 C:\Users\Thorn\Desktop\epq\vendor\laravel\framework\src\Illuminate\Foundation\Http\Middleware\ValidatePostSize.php(27): Illuminate\Routing\Pipeline->Illuminate\Routing\{closure}(Object(Illuminate\Http\Request))
#52 C:\Users\Thorn\Desktop\epq\vendor\laravel\framework\src\Illuminate\Pipeline\Pipeline.php(148): Illuminate\Foundation\Http\Middleware\ValidatePostSize->handle(Object(Illuminate\Http\Request), Object(Closure))
#53 C:\Users\Thorn\Desktop\epq\vendor\laravel\framework\src\Illuminate\Routing\Pipeline.php(53): Illuminate\Pipeline\Pipeline->Illuminate\Pipeline\{closure}(Object(Illuminate\Http\Request))
#54 C:\Users\Thorn\Desktop\epq\vendor\laravel\framework\src\Illuminate\Foundation\Http\Middleware\CheckForMaintenanceMode.php(46): Illuminate\Routing\Pipeline->Illuminate\Routing\{closure}(Object(Illuminate\Http\Request))
#55 C:\Users\Thorn\Desktop\epq\vendor\laravel\framework\src\Illuminate\Pipeline\Pipeline.php(148): Illuminate\Foundation\Http\Middleware\CheckForMaintenanceMode->handle(Object(Illuminate\Http\Request), Object(Closure))
#56 C:\Users\Thorn\Desktop\epq\vendor\laravel\framework\src\Illuminate\Routing\Pipeline.php(53): Illuminate\Pipeline\Pipeline->Illuminate\Pipeline\{closure}(Object(Illuminate\Http\Request))
#57 C:\Users\Thorn\Desktop\epq\vendor\laravel\framework\src\Illuminate\Pipeline\Pipeline.php(102): Illuminate\Routing\Pipeline->Illuminate\Routing\{closure}(Object(Illuminate\Http\Request))
#58 C:\Users\Thorn\Desktop\epq\vendor\laravel\framework\src\Illuminate\Foundation\Http\Kernel.php(151): Illuminate\Pipeline\Pipeline->then(Object(Closure))
#59 C:\Users\Thorn\Desktop\epq\vendor\laravel\framework\src\Illuminate\Foundation\Http\Kernel.php(116): Illuminate\Foundation\Http\Kernel->sendRequestThroughRouter(Object(Illuminate\Http\Request))
#60 C:\Users\Thorn\Desktop\epq\public\index.php(54): Illuminate\Foundation\Http\Kernel->handle(Object(Illuminate\Http\Request))
#61 C:\Users\Thorn\Desktop\epq\server.php(21): require_once('C:\\Users\\Thorn\\...')
#62 {main}  
[2017-12-23 22:28:12] local.ERROR: exception 'ErrorException' with message 'Undefined variable: request' in C:\Users\Thorn\Desktop\epq\app\Http\Controllers\create.php:63
Stack trace:
#0 C:\Users\Thorn\Desktop\epq\app\Http\Controllers\create.php(63): Illuminate\Foundation\Bootstrap\HandleExceptions->handleError(8, 'Undefined varia...', 'C:\\Users\\Thorn\\...', 63, Array)
#1 [internal function]: App\Http\Controllers\create->load('OZCV8')
#2 C:\Users\Thorn\Desktop\epq\vendor\laravel\framework\src\Illuminate\Routing\Controller.php(55): call_user_func_array(Array, Array)
#3 C:\Users\Thorn\Desktop\epq\vendor\laravel\framework\src\Illuminate\Routing\ControllerDispatcher.php(44): Illuminate\Routing\Controller->callAction('load', Array)
#4 C:\Users\Thorn\Desktop\epq\vendor\laravel\framework\src\Illuminate\Routing\Route.php(204): Illuminate\Routing\ControllerDispatcher->dispatch(Object(Illuminate\Routing\Route), Object(App\Http\Controllers\create), 'load')
#5 C:\Users\Thorn\Desktop\epq\vendor\laravel\framework\src\Illuminate\Routing\Route.php(160): Illuminate\Routing\Route->runController()
#6 C:\Users\Thorn\Desktop\epq\vendor\laravel\framework\src\Illuminate\Routing\Router.php(572): Illuminate\Routing\Route->run()
#7 C:\Users\Thorn\Desktop\epq\vendor\laravel\framework\src\Illuminate\Routing\Pipeline.php(30): Illuminate\Routing\Router->Illuminate\Routing\{closure}(Object(Illuminate\Http\Request))
#8 C:\Users\Thorn\Desktop\epq\vendor\laravel\framework\src\Illuminate\Routing\Middleware\SubstituteBindings.php(41): Illuminate\Routing\Pipeline->Illuminate\Routing\{closure}(Object(Illuminate\Http\Request))
#9 C:\Users\Thorn\Desktop\epq\vendor\laravel\framework\src\Illuminate\Pipeline\Pipeline.php(148): Illuminate\Routing\Middleware\SubstituteBindings->handle(Object(Illuminate\Http\Request), Object(Closure))
#10 C:\Users\Thorn\Desktop\epq\vendor\laravel\framework\src\Illuminate\Routing\Pipeline.php(53): Illuminate\Pipeline\Pipeline->Illuminate\Pipeline\{closure}(Object(Illuminate\Http\Request))
#11 C:\Users\Thorn\Desktop\epq\vendor\laravel\framework\src\Illuminate\Auth\Middleware\Authenticate.php(43): Illuminate\Routing\Pipeline->Illuminate\Routing\{closure}(Object(Illuminate\Http\Request))
#12 C:\Users\Thorn\Desktop\epq\vendor\laravel\framework\src\Illuminate\Pipeline\Pipeline.php(148): Illuminate\Auth\Middleware\Authenticate->handle(Object(Illuminate\Http\Request), Object(Closure))
#13 C:\Users\Thorn\Desktop\epq\vendor\laravel\framework\src\Illuminate\Routing\Pipeline.php(53): Illuminate\Pipeline\Pipeline->Illuminate\Pipeline\{closure}(Object(Illuminate\Http\Request))
#14 C:\Users\Thorn\Desktop\epq\vendor\laravel\framework\src\Illuminate\Foundation\Http\Middleware\VerifyCsrfToken.php(65): Illuminate\Routing\Pipeline->Illuminate\Routing\{closure}(Object(Illuminate\Http\Request))
#15 C:\Users\Thorn\Desktop\epq\vendor\laravel\framework\src\Illuminate\Pipeline\Pipeline.php(148): Illuminate\Foundation\Http\Middleware\VerifyCsrfToken->handle(Object(Illuminate\Http\Request), Object(Closure))
#16 C:\Users\Thorn\Desktop\epq\vendor\laravel\framework\src\Illuminate\Routing\Pipeline.php(53): Illuminate\Pipeline\Pipeline->Illuminate\Pipeline\{closure}(Object(Illuminate\Http\Request))
#17 C:\Users\Thorn\Desktop\epq\vendor\laravel\framework\src\Illuminate\View\Middleware\ShareErrorsFromSession.php(49): Illuminate\Routing\Pipeline->Illuminate\Routing\{closure}(Object(Illuminate\Http\Request))
#18 C:\Users\Thorn\Desktop\epq\vendor\laravel\framework\src\Illuminate\Pipeline\Pipeline.php(148): Illuminate\View\Middleware\ShareErrorsFromSession->handle(Object(Illuminate\Http\Request), Object(Closure))
#19 C:\Users\Thorn\Desktop\epq\vendor\laravel\framework\src\Illuminate\Routing\Pipeline.php(53): Illuminate\Pipeline\Pipeline->Illuminate\Pipeline\{closure}(Object(Illuminate\Http\Request))
#20 C:\Users\Thorn\Desktop\epq\vendor\laravel\framework\src\Illuminate\Session\Middleware\StartSession.php(64): Illuminate\Routing\Pipeline->Illuminate\Routing\{closure}(Object(Illuminate\Http\Request))
#21 C:\Users\Thorn\Desktop\epq\vendor\laravel\framework\src\Illuminate\Pipeline\Pipeline.php(148): Illuminate\Session\Middleware\StartSession->handle(Object(Illuminate\Http\Request), Object(Closure))
#22 C:\Users\Thorn\Desktop\epq\vendor\laravel\framework\src\Illuminate\Routing\Pipeline.php(53): Illuminate\Pipeline\Pipeline->Illuminate\Pipeline\{closure}(Object(Illuminate\Http\Request))
#23 C:\Users\Thorn\Desktop\epq\vendor\laravel\framework\src\Illuminate\Cookie\Middleware\AddQueuedCookiesToResponse.php(37): Illuminate\Routing\Pipeline->Illuminate\Routing\{closure}(Object(Illuminate\Http\Request))
#24 C:\Users\Thorn\Desktop\epq\vendor\laravel\framework\src\Illuminate\Pipeline\Pipeline.php(148): Illuminate\Cookie\Middleware\AddQueuedCookiesToResponse->handle(Object(Illuminate\Http\Request), Object(Closure))
#25 C:\Users\Thorn\Desktop\epq\vendor\laravel\framework\src\Illuminate\Routing\Pipeline.php(53): Illuminate\Pipeline\Pipeline->Illuminate\Pipeline\{closure}(Object(Illuminate\Http\Request))
#26 C:\Users\Thorn\Desktop\epq\vendor\laravel\framework\src\Illuminate\Cookie\Middleware\EncryptCookies.php(59): Illuminate\Routing\Pipeline->Illuminate\Routing\{closure}(Object(Illuminate\Http\Request))
#27 C:\Users\Thorn\Desktop\epq\vendor\laravel\framework\src\Illuminate\Pipeline\Pipeline.php(148): Illuminate\Cookie\Middleware\EncryptCookies->handle(Object(Illuminate\Http\Request), Object(Closure))
#28 C:\Users\Thorn\Desktop\epq\vendor\laravel\framework\src\Illuminate\Routing\Pipeline.php(53): Illuminate\Pipeline\Pipeline->Illuminate\Pipeline\{closure}(Object(Illuminate\Http\Request))
#29 C:\Users\Thorn\Desktop\epq\vendor\laravel\framework\src\Illuminate\Pipeline\Pipeline.php(102): Illuminate\Routing\Pipeline->Illuminate\Routing\{closure}(Object(Illuminate\Http\Request))
#30 C:\Users\Thorn\Desktop\epq\vendor\laravel\framework\src\Illuminate\Routing\Router.php(574): Illuminate\Pipeline\Pipeline->then(Object(Closure))
#31 C:\Users\Thorn\Desktop\epq\vendor\laravel\framework\src\Illuminate\Routing\Router.php(533): Illuminate\Routing\Router->runRouteWithinStack(Object(Illuminate\Routing\Route), Object(Illuminate\Http\Request))
#32 C:\Users\Thorn\Desktop\epq\vendor\laravel\framework\src\Illuminate\Routing\Router.php(511): Illuminate\Routing\Router->dispatchToRoute(Object(Illuminate\Http\Request))
#33 C:\Users\Thorn\Desktop\epq\vendor\laravel\framework\src\Illuminate\Foundation\Http\Kernel.php(176): Illuminate\Routing\Router->dispatch(Object(Illuminate\Http\Request))
#34 C:\Users\Thorn\Desktop\epq\vendor\laravel\framework\src\Illuminate\Routing\Pipeline.php(30): Illuminate\Foundation\Http\Kernel->Illuminate\Foundation\Http\{closure}(Object(Illuminate\Http\Request))
#35 C:\Users\Thorn\Desktop\epq\vendor\laravel\framework\src\Illuminate\Foundation\Http\Middleware\TransformsRequest.php(30): Illuminate\Routing\Pipeline->Illuminate\Routing\{closure}(Object(Illuminate\Http\Request))
#36 C:\Users\Thorn\Desktop\epq\vendor\laravel\framework\src\Illuminate\Pipeline\Pipeline.php(148): Illuminate\Foundation\Http\Middleware\TransformsRequest->handle(Object(Illuminate\Http\Request), Object(Closure))
#37 C:\Users\Thorn\Desktop\epq\vendor\laravel\framework\src\Illuminate\Routing\Pipeline.php(53): Illuminate\Pipeline\Pipeline->Illuminate\Pipeline\{closure}(Object(Illuminate\Http\Request))
#38 C:\Users\Thorn\Desktop\epq\vendor\laravel\framework\src\Illuminate\Foundation\Http\Middleware\TransformsRequest.php(30): Illuminate\Routing\Pipeline->Illuminate\Routing\{closure}(Object(Illuminate\Http\Request))
#39 C:\Users\Thorn\Desktop\epq\vendor\laravel\framework\src\Illuminate\Pipeline\Pipeline.php(148): Illuminate\Foundation\Http\Middleware\TransformsRequest->handle(Object(Illuminate\Http\Request), Object(Closure))
#40 C:\Users\Thorn\Desktop\epq\vendor\laravel\framework\src\Illuminate\Routing\Pipeline.php(53): Illuminate\Pipeline\Pipeline->Illuminate\Pipeline\{closure}(Object(Illuminate\Http\Request))
#41 C:\Users\Thorn\Desktop\epq\vendor\laravel\framework\src\Illuminate\Foundation\Http\Middleware\ValidatePostSize.php(27): Illuminate\Routing\Pipeline->Illuminate\Routing\{closure}(Object(Illuminate\Http\Request))
#42 C:\Users\Thorn\Desktop\epq\vendor\laravel\framework\src\Illuminate\Pipeline\Pipeline.php(148): Illuminate\Foundation\Http\Middleware\ValidatePostSize->handle(Object(Illuminate\Http\Request), Object(Closure))
#43 C:\Users\Thorn\Desktop\epq\vendor\laravel\framework\src\Illuminate\Routing\Pipeline.php(53): Illuminate\Pipeline\Pipeline->Illuminate\Pipeline\{closure}(Object(Illuminate\Http\Request))
#44 C:\Users\Thorn\Desktop\epq\vendor\laravel\framework\src\Illuminate\Foundation\Http\Middleware\CheckForMaintenanceMode.php(46): Illuminate\Routing\Pipeline->Illuminate\Routing\{closure}(Object(Illuminate\Http\Request))
#45 C:\Users\Thorn\Desktop\epq\vendor\laravel\framework\src\Illuminate\Pipeline\Pipeline.php(148): Illuminate\Foundation\Http\Middleware\CheckForMaintenanceMode->handle(Object(Illuminate\Http\Request), Object(Closure))
#46 C:\Users\Thorn\Desktop\epq\vendor\laravel\framework\src\Illuminate\Routing\Pipeline.php(53): Illuminate\Pipeline\Pipeline->Illuminate\Pipeline\{closure}(Object(Illuminate\Http\Request))
#47 C:\Users\Thorn\Desktop\epq\vendor\laravel\framework\src\Illuminate\Pipeline\Pipeline.php(102): Illuminate\Routing\Pipeline->Illuminate\Routing\{closure}(Object(Illuminate\Http\Request))
#48 C:\Users\Thorn\Desktop\epq\vendor\laravel\framework\src\Illuminate\Foundation\Http\Kernel.php(151): Illuminate\Pipeline\Pipeline->then(Object(Closure))
#49 C:\Users\Thorn\Desktop\epq\vendor\laravel\framework\src\Illuminate\Foundation\Http\Kernel.php(116): Illuminate\Foundation\Http\Kernel->sendRequestThroughRouter(Object(Illuminate\Http\Request))
#50 C:\Users\Thorn\Desktop\epq\public\index.php(54): Illuminate\Foundation\Http\Kernel->handle(Object(Illuminate\Http\Request))
#51 C:\Users\Thorn\Desktop\epq\server.php(21): require_once('C:\\Users\\Thorn\\...')
#52 {main}  
[2017-12-23 22:30:57] local.ERROR: exception 'ErrorException' with message 'Undefined variable: request' in C:\Users\Thorn\Desktop\epq\app\Http\Controllers\create.php:63
Stack trace:
#0 C:\Users\Thorn\Desktop\epq\app\Http\Controllers\create.php(63): Illuminate\Foundation\Bootstrap\HandleExceptions->handleError(8, 'Undefined varia...', 'C:\\Users\\Thorn\\...', 63, Array)
#1 [internal function]: App\Http\Controllers\create->load('OZCV8')
#2 C:\Users\Thorn\Desktop\epq\vendor\laravel\framework\src\Illuminate\Routing\Controller.php(55): call_user_func_array(Array, Array)
#3 C:\Users\Thorn\Desktop\epq\vendor\laravel\framework\src\Illuminate\Routing\ControllerDispatcher.php(44): Illuminate\Routing\Controller->callAction('load', Array)
#4 C:\Users\Thorn\Desktop\epq\vendor\laravel\framework\src\Illuminate\Routing\Route.php(204): Illuminate\Routing\ControllerDispatcher->dispatch(Object(Illuminate\Routing\Route), Object(App\Http\Controllers\create), 'load')
#5 C:\Users\Thorn\Desktop\epq\vendor\laravel\framework\src\Illuminate\Routing\Route.php(160): Illuminate\Routing\Route->runController()
#6 C:\Users\Thorn\Desktop\epq\vendor\laravel\framework\src\Illuminate\Routing\Router.php(572): Illuminate\Routing\Route->run()
#7 C:\Users\Thorn\Desktop\epq\vendor\laravel\framework\src\Illuminate\Routing\Pipeline.php(30): Illuminate\Routing\Router->Illuminate\Routing\{closure}(Object(Illuminate\Http\Request))
#8 C:\Users\Thorn\Desktop\epq\vendor\laravel\framework\src\Illuminate\Routing\Middleware\SubstituteBindings.php(41): Illuminate\Routing\Pipeline->Illuminate\Routing\{closure}(Object(Illuminate\Http\Request))
#9 C:\Users\Thorn\Desktop\epq\vendor\laravel\framework\src\Illuminate\Pipeline\Pipeline.php(148): Illuminate\Routing\Middleware\SubstituteBindings->handle(Object(Illuminate\Http\Request), Object(Closure))
#10 C:\Users\Thorn\Desktop\epq\vendor\laravel\framework\src\Illuminate\Routing\Pipeline.php(53): Illuminate\Pipeline\Pipeline->Illuminate\Pipeline\{closure}(Object(Illuminate\Http\Request))
#11 C:\Users\Thorn\Desktop\epq\vendor\laravel\framework\src\Illuminate\Auth\Middleware\Authenticate.php(43): Illuminate\Routing\Pipeline->Illuminate\Routing\{closure}(Object(Illuminate\Http\Request))
#12 C:\Users\Thorn\Desktop\epq\vendor\laravel\framework\src\Illuminate\Pipeline\Pipeline.php(148): Illuminate\Auth\Middleware\Authenticate->handle(Object(Illuminate\Http\Request), Object(Closure))
#13 C:\Users\Thorn\Desktop\epq\vendor\laravel\framework\src\Illuminate\Routing\Pipeline.php(53): Illuminate\Pipeline\Pipeline->Illuminate\Pipeline\{closure}(Object(Illuminate\Http\Request))
#14 C:\Users\Thorn\Desktop\epq\vendor\laravel\framework\src\Illuminate\Foundation\Http\Middleware\VerifyCsrfToken.php(65): Illuminate\Routing\Pipeline->Illuminate\Routing\{closure}(Object(Illuminate\Http\Request))
#15 C:\Users\Thorn\Desktop\epq\vendor\laravel\framework\src\Illuminate\Pipeline\Pipeline.php(148): Illuminate\Foundation\Http\Middleware\VerifyCsrfToken->handle(Object(Illuminate\Http\Request), Object(Closure))
#16 C:\Users\Thorn\Desktop\epq\vendor\laravel\framework\src\Illuminate\Routing\Pipeline.php(53): Illuminate\Pipeline\Pipeline->Illuminate\Pipeline\{closure}(Object(Illuminate\Http\Request))
#17 C:\Users\Thorn\Desktop\epq\vendor\laravel\framework\src\Illuminate\View\Middleware\ShareErrorsFromSession.php(49): Illuminate\Routing\Pipeline->Illuminate\Routing\{closure}(Object(Illuminate\Http\Request))
#18 C:\Users\Thorn\Desktop\epq\vendor\laravel\framework\src\Illuminate\Pipeline\Pipeline.php(148): Illuminate\View\Middleware\ShareErrorsFromSession->handle(Object(Illuminate\Http\Request), Object(Closure))
#19 C:\Users\Thorn\Desktop\epq\vendor\laravel\framework\src\Illuminate\Routing\Pipeline.php(53): Illuminate\Pipeline\Pipeline->Illuminate\Pipeline\{closure}(Object(Illuminate\Http\Request))
#20 C:\Users\Thorn\Desktop\epq\vendor\laravel\framework\src\Illuminate\Session\Middleware\StartSession.php(64): Illuminate\Routing\Pipeline->Illuminate\Routing\{closure}(Object(Illuminate\Http\Request))
#21 C:\Users\Thorn\Desktop\epq\vendor\laravel\framework\src\Illuminate\Pipeline\Pipeline.php(148): Illuminate\Session\Middleware\StartSession->handle(Object(Illuminate\Http\Request), Object(Closure))
#22 C:\Users\Thorn\Desktop\epq\vendor\laravel\framework\src\Illuminate\Routing\Pipeline.php(53): Illuminate\Pipeline\Pipeline->Illuminate\Pipeline\{closure}(Object(Illuminate\Http\Request))
#23 C:\Users\Thorn\Desktop\epq\vendor\laravel\framework\src\Illuminate\Cookie\Middleware\AddQueuedCookiesToResponse.php(37): Illuminate\Routing\Pipeline->Illuminate\Routing\{closure}(Object(Illuminate\Http\Request))
#24 C:\Users\Thorn\Desktop\epq\vendor\laravel\framework\src\Illuminate\Pipeline\Pipeline.php(148): Illuminate\Cookie\Middleware\AddQueuedCookiesToResponse->handle(Object(Illuminate\Http\Request), Object(Closure))
#25 C:\Users\Thorn\Desktop\epq\vendor\laravel\framework\src\Illuminate\Routing\Pipeline.php(53): Illuminate\Pipeline\Pipeline->Illuminate\Pipeline\{closure}(Object(Illuminate\Http\Request))
#26 C:\Users\Thorn\Desktop\epq\vendor\laravel\framework\src\Illuminate\Cookie\Middleware\EncryptCookies.php(59): Illuminate\Routing\Pipeline->Illuminate\Routing\{closure}(Object(Illuminate\Http\Request))
#27 C:\Users\Thorn\Desktop\epq\vendor\laravel\framework\src\Illuminate\Pipeline\Pipeline.php(148): Illuminate\Cookie\Middleware\EncryptCookies->handle(Object(Illuminate\Http\Request), Object(Closure))
#28 C:\Users\Thorn\Desktop\epq\vendor\laravel\framework\src\Illuminate\Routing\Pipeline.php(53): Illuminate\Pipeline\Pipeline->Illuminate\Pipeline\{closure}(Object(Illuminate\Http\Request))
#29 C:\Users\Thorn\Desktop\epq\vendor\laravel\framework\src\Illuminate\Pipeline\Pipeline.php(102): Illuminate\Routing\Pipeline->Illuminate\Routing\{closure}(Object(Illuminate\Http\Request))
#30 C:\Users\Thorn\Desktop\epq\vendor\laravel\framework\src\Illuminate\Routing\Router.php(574): Illuminate\Pipeline\Pipeline->then(Object(Closure))
#31 C:\Users\Thorn\Desktop\epq\vendor\laravel\framework\src\Illuminate\Routing\Router.php(533): Illuminate\Routing\Router->runRouteWithinStack(Object(Illuminate\Routing\Route), Object(Illuminate\Http\Request))
#32 C:\Users\Thorn\Desktop\epq\vendor\laravel\framework\src\Illuminate\Routing\Router.php(511): Illuminate\Routing\Router->dispatchToRoute(Object(Illuminate\Http\Request))
#33 C:\Users\Thorn\Desktop\epq\vendor\laravel\framework\src\Illuminate\Foundation\Http\Kernel.php(176): Illuminate\Routing\Router->dispatch(Object(Illuminate\Http\Request))
#34 C:\Users\Thorn\Desktop\epq\vendor\laravel\framework\src\Illuminate\Routing\Pipeline.php(30): Illuminate\Foundation\Http\Kernel->Illuminate\Foundation\Http\{closure}(Object(Illuminate\Http\Request))
#35 C:\Users\Thorn\Desktop\epq\vendor\laravel\framework\src\Illuminate\Foundation\Http\Middleware\TransformsRequest.php(30): Illuminate\Routing\Pipeline->Illuminate\Routing\{closure}(Object(Illuminate\Http\Request))
#36 C:\Users\Thorn\Desktop\epq\vendor\laravel\framework\src\Illuminate\Pipeline\Pipeline.php(148): Illuminate\Foundation\Http\Middleware\TransformsRequest->handle(Object(Illuminate\Http\Request), Object(Closure))
#37 C:\Users\Thorn\Desktop\epq\vendor\laravel\framework\src\Illuminate\Routing\Pipeline.php(53): Illuminate\Pipeline\Pipeline->Illuminate\Pipeline\{closure}(Object(Illuminate\Http\Request))
#38 C:\Users\Thorn\Desktop\epq\vendor\laravel\framework\src\Illuminate\Foundation\Http\Middleware\TransformsRequest.php(30): Illuminate\Routing\Pipeline->Illuminate\Routing\{closure}(Object(Illuminate\Http\Request))
#39 C:\Users\Thorn\Desktop\epq\vendor\laravel\framework\src\Illuminate\Pipeline\Pipeline.php(148): Illuminate\Foundation\Http\Middleware\TransformsRequest->handle(Object(Illuminate\Http\Request), Object(Closure))
#40 C:\Users\Thorn\Desktop\epq\vendor\laravel\framework\src\Illuminate\Routing\Pipeline.php(53): Illuminate\Pipeline\Pipeline->Illuminate\Pipeline\{closure}(Object(Illuminate\Http\Request))
#41 C:\Users\Thorn\Desktop\epq\vendor\laravel\framework\src\Illuminate\Foundation\Http\Middleware\ValidatePostSize.php(27): Illuminate\Routing\Pipeline->Illuminate\Routing\{closure}(Object(Illuminate\Http\Request))
#42 C:\Users\Thorn\Desktop\epq\vendor\laravel\framework\src\Illuminate\Pipeline\Pipeline.php(148): Illuminate\Foundation\Http\Middleware\ValidatePostSize->handle(Object(Illuminate\Http\Request), Object(Closure))
#43 C:\Users\Thorn\Desktop\epq\vendor\laravel\framework\src\Illuminate\Routing\Pipeline.php(53): Illuminate\Pipeline\Pipeline->Illuminate\Pipeline\{closure}(Object(Illuminate\Http\Request))
#44 C:\Users\Thorn\Desktop\epq\vendor\laravel\framework\src\Illuminate\Foundation\Http\Middleware\CheckForMaintenanceMode.php(46): Illuminate\Routing\Pipeline->Illuminate\Routing\{closure}(Object(Illuminate\Http\Request))
#45 C:\Users\Thorn\Desktop\epq\vendor\laravel\framework\src\Illuminate\Pipeline\Pipeline.php(148): Illuminate\Foundation\Http\Middleware\CheckForMaintenanceMode->handle(Object(Illuminate\Http\Request), Object(Closure))
#46 C:\Users\Thorn\Desktop\epq\vendor\laravel\framework\src\Illuminate\Routing\Pipeline.php(53): Illuminate\Pipeline\Pipeline->Illuminate\Pipeline\{closure}(Object(Illuminate\Http\Request))
#47 C:\Users\Thorn\Desktop\epq\vendor\laravel\framework\src\Illuminate\Pipeline\Pipeline.php(102): Illuminate\Routing\Pipeline->Illuminate\Routing\{closure}(Object(Illuminate\Http\Request))
#48 C:\Users\Thorn\Desktop\epq\vendor\laravel\framework\src\Illuminate\Foundation\Http\Kernel.php(151): Illuminate\Pipeline\Pipeline->then(Object(Closure))
#49 C:\Users\Thorn\Desktop\epq\vendor\laravel\framework\src\Illuminate\Foundation\Http\Kernel.php(116): Illuminate\Foundation\Http\Kernel->sendRequestThroughRouter(Object(Illuminate\Http\Request))
#50 C:\Users\Thorn\Desktop\epq\public\index.php(54): Illuminate\Foundation\Http\Kernel->handle(Object(Illuminate\Http\Request))
#51 C:\Users\Thorn\Desktop\epq\server.php(21): require_once('C:\\Users\\Thorn\\...')
#52 {main}  
[2017-12-23 22:36:42] local.ERROR: exception 'Symfony\Component\Debug\Exception\FatalErrorException' with message 'syntax error, unexpected '='' in C:\Users\Thorn\Desktop\epq\app\Http\Controllers\create.php:65
Stack trace:
#0 {main}  
[2017-12-23 22:42:46] local.ERROR: exception 'Symfony\Component\Debug\Exception\FatalErrorException' with message 'syntax error, unexpected 'dd' (T_STRING)' in C:\Users\Thorn\Desktop\epq\app\Http\Controllers\create.php:55
Stack trace:
#0 {main}  
[2017-12-24 00:31:25] local.ERROR: exception 'ErrorException' with message 'Missing argument 1 for Illuminate\Database\Eloquent\Builder::where(), called in C:\Users\Thorn\Desktop\epq\vendor\laravel\framework\src\Illuminate\Database\Eloquent\Model.php on line 1374 and defined' in C:\Users\Thorn\Desktop\epq\vendor\laravel\framework\src\Illuminate\Database\Eloquent\Builder.php:202
Stack trace:
#0 C:\Users\Thorn\Desktop\epq\vendor\laravel\framework\src\Illuminate\Database\Eloquent\Builder.php(202): Illuminate\Foundation\Bootstrap\HandleExceptions->handleError(2, 'Missing argumen...', 'C:\\Users\\Thorn\\...', 202, Array)
#1 C:\Users\Thorn\Desktop\epq\vendor\laravel\framework\src\Illuminate\Database\Eloquent\Model.php(1374): Illuminate\Database\Eloquent\Builder->where()
#2 C:\Users\Thorn\Desktop\epq\vendor\laravel\framework\src\Illuminate\Database\Eloquent\Model.php(1386): Illuminate\Database\Eloquent\Model->__call('where', Array)
#3 C:\Users\Thorn\Desktop\epq\vendor\laravel\framework\src\Illuminate\Database\Eloquent\Model.php(1386): App\votes->where()
#4 C:\Users\Thorn\Desktop\epq\app\Http\Controllers\create.php(102): Illuminate\Database\Eloquent\Model::__callStatic('where', Array)
#5 C:\Users\Thorn\Desktop\epq\app\Http\Controllers\create.php(102): App\votes::where()
#6 [internal function]: App\Http\Controllers\create->results('cIIEd')
#7 C:\Users\Thorn\Desktop\epq\vendor\laravel\framework\src\Illuminate\Routing\Controller.php(55): call_user_func_array(Array, Array)
#8 C:\Users\Thorn\Desktop\epq\vendor\laravel\framework\src\Illuminate\Routing\ControllerDispatcher.php(44): Illuminate\Routing\Controller->callAction('results', Array)
#9 C:\Users\Thorn\Desktop\epq\vendor\laravel\framework\src\Illuminate\Routing\Route.php(204): Illuminate\Routing\ControllerDispatcher->dispatch(Object(Illuminate\Routing\Route), Object(App\Http\Controllers\create), 'results')
#10 C:\Users\Thorn\Desktop\epq\vendor\laravel\framework\src\Illuminate\Routing\Route.php(160): Illuminate\Routing\Route->runController()
#11 C:\Users\Thorn\Desktop\epq\vendor\laravel\framework\src\Illuminate\Routing\Router.php(572): Illuminate\Routing\Route->run()
#12 C:\Users\Thorn\Desktop\epq\vendor\laravel\framework\src\Illuminate\Routing\Pipeline.php(30): Illuminate\Routing\Router->Illuminate\Routing\{closure}(Object(Illuminate\Http\Request))
#13 C:\Users\Thorn\Desktop\epq\vendor\laravel\framework\src\Illuminate\Routing\Middleware\SubstituteBindings.php(41): Illuminate\Routing\Pipeline->Illuminate\Routing\{closure}(Object(Illuminate\Http\Request))
#14 C:\Users\Thorn\Desktop\epq\vendor\laravel\framework\src\Illuminate\Pipeline\Pipeline.php(148): Illuminate\Routing\Middleware\SubstituteBindings->handle(Object(Illuminate\Http\Request), Object(Closure))
#15 C:\Users\Thorn\Desktop\epq\vendor\laravel\framework\src\Illuminate\Routing\Pipeline.php(53): Illuminate\Pipeline\Pipeline->Illuminate\Pipeline\{closure}(Object(Illuminate\Http\Request))
#16 C:\Users\Thorn\Desktop\epq\vendor\laravel\framework\src\Illuminate\Auth\Middleware\Authenticate.php(43): Illuminate\Routing\Pipeline->Illuminate\Routing\{closure}(Object(Illuminate\Http\Request))
#17 C:\Users\Thorn\Desktop\epq\vendor\laravel\framework\src\Illuminate\Pipeline\Pipeline.php(148): Illuminate\Auth\Middleware\Authenticate->handle(Object(Illuminate\Http\Request), Object(Closure))
#18 C:\Users\Thorn\Desktop\epq\vendor\laravel\framework\src\Illuminate\Routing\Pipeline.php(53): Illuminate\Pipeline\Pipeline->Illuminate\Pipeline\{closure}(Object(Illuminate\Http\Request))
#19 C:\Users\Thorn\Desktop\epq\vendor\laravel\framework\src\Illuminate\Foundation\Http\Middleware\VerifyCsrfToken.php(65): Illuminate\Routing\Pipeline->Illuminate\Routing\{closure}(Object(Illuminate\Http\Request))
#20 C:\Users\Thorn\Desktop\epq\vendor\laravel\framework\src\Illuminate\Pipeline\Pipeline.php(148): Illuminate\Foundation\Http\Middleware\VerifyCsrfToken->handle(Object(Illuminate\Http\Request), Object(Closure))
#21 C:\Users\Thorn\Desktop\epq\vendor\laravel\framework\src\Illuminate\Routing\Pipeline.php(53): Illuminate\Pipeline\Pipeline->Illuminate\Pipeline\{closure}(Object(Illuminate\Http\Request))
#22 C:\Users\Thorn\Desktop\epq\vendor\laravel\framework\src\Illuminate\View\Middleware\ShareErrorsFromSession.php(49): Illuminate\Routing\Pipeline->Illuminate\Routing\{closure}(Object(Illuminate\Http\Request))
#23 C:\Users\Thorn\Desktop\epq\vendor\laravel\framework\src\Illuminate\Pipeline\Pipeline.php(148): Illuminate\View\Middleware\ShareErrorsFromSession->handle(Object(Illuminate\Http\Request), Object(Closure))
#24 C:\Users\Thorn\Desktop\epq\vendor\laravel\framework\src\Illuminate\Routing\Pipeline.php(53): Illuminate\Pipeline\Pipeline->Illuminate\Pipeline\{closure}(Object(Illuminate\Http\Request))
#25 C:\Users\Thorn\Desktop\epq\vendor\laravel\framework\src\Illuminate\Session\Middleware\StartSession.php(64): Illuminate\Routing\Pipeline->Illuminate\Routing\{closure}(Object(Illuminate\Http\Request))
#26 C:\Users\Thorn\Desktop\epq\vendor\laravel\framework\src\Illuminate\Pipeline\Pipeline.php(148): Illuminate\Session\Middleware\StartSession->handle(Object(Illuminate\Http\Request), Object(Closure))
#27 C:\Users\Thorn\Desktop\epq\vendor\laravel\framework\src\Illuminate\Routing\Pipeline.php(53): Illuminate\Pipeline\Pipeline->Illuminate\Pipeline\{closure}(Object(Illuminate\Http\Request))
#28 C:\Users\Thorn\Desktop\epq\vendor\laravel\framework\src\Illuminate\Cookie\Middleware\AddQueuedCookiesToResponse.php(37): Illuminate\Routing\Pipeline->Illuminate\Routing\{closure}(Object(Illuminate\Http\Request))
#29 C:\Users\Thorn\Desktop\epq\vendor\laravel\framework\src\Illuminate\Pipeline\Pipeline.php(148): Illuminate\Cookie\Middleware\AddQueuedCookiesToResponse->handle(Object(Illuminate\Http\Request), Object(Closure))
#30 C:\Users\Thorn\Desktop\epq\vendor\laravel\framework\src\Illuminate\Routing\Pipeline.php(53): Illuminate\Pipeline\Pipeline->Illuminate\Pipeline\{closure}(Object(Illuminate\Http\Request))
#31 C:\Users\Thorn\Desktop\epq\vendor\laravel\framework\src\Illuminate\Cookie\Middleware\EncryptCookies.php(59): Illuminate\Routing\Pipeline->Illuminate\Routing\{closure}(Object(Illuminate\Http\Request))
#32 C:\Users\Thorn\Desktop\epq\vendor\laravel\framework\src\Illuminate\Pipeline\Pipeline.php(148): Illuminate\Cookie\Middleware\EncryptCookies->handle(Object(Illuminate\Http\Request), Object(Closure))
#33 C:\Users\Thorn\Desktop\epq\vendor\laravel\framework\src\Illuminate\Routing\Pipeline.php(53): Illuminate\Pipeline\Pipeline->Illuminate\Pipeline\{closure}(Object(Illuminate\Http\Request))
#34 C:\Users\Thorn\Desktop\epq\vendor\laravel\framework\src\Illuminate\Pipeline\Pipeline.php(102): Illuminate\Routing\Pipeline->Illuminate\Routing\{closure}(Object(Illuminate\Http\Request))
#35 C:\Users\Thorn\Desktop\epq\vendor\laravel\framework\src\Illuminate\Routing\Router.php(574): Illuminate\Pipeline\Pipeline->then(Object(Closure))
#36 C:\Users\Thorn\Desktop\epq\vendor\laravel\framework\src\Illuminate\Routing\Router.php(533): Illuminate\Routing\Router->runRouteWithinStack(Object(Illuminate\Routing\Route), Object(Illuminate\Http\Request))
#37 C:\Users\Thorn\Desktop\epq\vendor\laravel\framework\src\Illuminate\Routing\Router.php(511): Illuminate\Routing\Router->dispatchToRoute(Object(Illuminate\Http\Request))
#38 C:\Users\Thorn\Desktop\epq\vendor\laravel\framework\src\Illuminate\Foundation\Http\Kernel.php(176): Illuminate\Routing\Router->dispatch(Object(Illuminate\Http\Request))
#39 C:\Users\Thorn\Desktop\epq\vendor\laravel\framework\src\Illuminate\Routing\Pipeline.php(30): Illuminate\Foundation\Http\Kernel->Illuminate\Foundation\Http\{closure}(Object(Illuminate\Http\Request))
#40 C:\Users\Thorn\Desktop\epq\vendor\laravel\framework\src\Illuminate\Foundation\Http\Middleware\TransformsRequest.php(30): Illuminate\Routing\Pipeline->Illuminate\Routing\{closure}(Object(Illuminate\Http\Request))
#41 C:\Users\Thorn\Desktop\epq\vendor\laravel\framework\src\Illuminate\Pipeline\Pipeline.php(148): Illuminate\Foundation\Http\Middleware\TransformsRequest->handle(Object(Illuminate\Http\Request), Object(Closure))
#42 C:\Users\Thorn\Desktop\epq\vendor\laravel\framework\src\Illuminate\Routing\Pipeline.php(53): Illuminate\Pipeline\Pipeline->Illuminate\Pipeline\{closure}(Object(Illuminate\Http\Request))
#43 C:\Users\Thorn\Desktop\epq\vendor\laravel\framework\src\Illuminate\Foundation\Http\Middleware\TransformsRequest.php(30): Illuminate\Routing\Pipeline->Illuminate\Routing\{closure}(Object(Illuminate\Http\Request))
#44 C:\Users\Thorn\Desktop\epq\vendor\laravel\framework\src\Illuminate\Pipeline\Pipeline.php(148): Illuminate\Foundation\Http\Middleware\TransformsRequest->handle(Object(Illuminate\Http\Request), Object(Closure))
#45 C:\Users\Thorn\Desktop\epq\vendor\laravel\framework\src\Illuminate\Routing\Pipeline.php(53): Illuminate\Pipeline\Pipeline->Illuminate\Pipeline\{closure}(Object(Illuminate\Http\Request))
#46 C:\Users\Thorn\Desktop\epq\vendor\laravel\framework\src\Illuminate\Foundation\Http\Middleware\ValidatePostSize.php(27): Illuminate\Routing\Pipeline->Illuminate\Routing\{closure}(Object(Illuminate\Http\Request))
#47 C:\Users\Thorn\Desktop\epq\vendor\laravel\framework\src\Illuminate\Pipeline\Pipeline.php(148): Illuminate\Foundation\Http\Middleware\ValidatePostSize->handle(Object(Illuminate\Http\Request), Object(Closure))
#48 C:\Users\Thorn\Desktop\epq\vendor\laravel\framework\src\Illuminate\Routing\Pipeline.php(53): Illuminate\Pipeline\Pipeline->Illuminate\Pipeline\{closure}(Object(Illuminate\Http\Request))
#49 C:\Users\Thorn\Desktop\epq\vendor\laravel\framework\src\Illuminate\Foundation\Http\Middleware\CheckForMaintenanceMode.php(46): Illuminate\Routing\Pipeline->Illuminate\Routing\{closure}(Object(Illuminate\Http\Request))
#50 C:\Users\Thorn\Desktop\epq\vendor\laravel\framework\src\Illuminate\Pipeline\Pipeline.php(148): Illuminate\Foundation\Http\Middleware\CheckForMaintenanceMode->handle(Object(Illuminate\Http\Request), Object(Closure))
#51 C:\Users\Thorn\Desktop\epq\vendor\laravel\framework\src\Illuminate\Routing\Pipeline.php(53): Illuminate\Pipeline\Pipeline->Illuminate\Pipeline\{closure}(Object(Illuminate\Http\Request))
#52 C:\Users\Thorn\Desktop\epq\vendor\laravel\framework\src\Illuminate\Pipeline\Pipeline.php(102): Illuminate\Routing\Pipeline->Illuminate\Routing\{closure}(Object(Illuminate\Http\Request))
#53 C:\Users\Thorn\Desktop\epq\vendor\laravel\framework\src\Illuminate\Foundation\Http\Kernel.php(151): Illuminate\Pipeline\Pipeline->then(Object(Closure))
#54 C:\Users\Thorn\Desktop\epq\vendor\laravel\framework\src\Illuminate\Foundation\Http\Kernel.php(116): Illuminate\Foundation\Http\Kernel->sendRequestThroughRouter(Object(Illuminate\Http\Request))
#55 C:\Users\Thorn\Desktop\epq\public\index.php(54): Illuminate\Foundation\Http\Kernel->handle(Object(Illuminate\Http\Request))
#56 C:\Users\Thorn\Desktop\epq\server.php(21): require_once('C:\\Users\\Thorn\\...')
#57 {main}  
[2017-12-24 00:40:55] local.ERROR: exception 'ErrorException' with message 'Undefined variable: question' in C:\Users\Thorn\Desktop\epq\storage\framework\views\9597c3ee9e6f72dfb2be914655b9201af0dbf49c.php:5
Stack trace:
#0 C:\Users\Thorn\Desktop\epq\storage\framework\views\9597c3ee9e6f72dfb2be914655b9201af0dbf49c.php(5): Illuminate\Foundation\Bootstrap\HandleExceptions->handleError(8, 'Undefined varia...', 'C:\\Users\\Thorn\\...', 5, Array)
#1 C:\Users\Thorn\Desktop\epq\vendor\laravel\framework\src\Illuminate\View\Engines\PhpEngine.php(42): include('C:\\Users\\Thorn\\...')
#2 C:\Users\Thorn\Desktop\epq\vendor\laravel\framework\src\Illuminate\View\Engines\CompilerEngine.php(59): Illuminate\View\Engines\PhpEngine->evaluatePath('C:\\Users\\Thorn\\...', Array)
#3 C:\Users\Thorn\Desktop\epq\vendor\laravel\framework\src\Illuminate\View\View.php(137): Illuminate\View\Engines\CompilerEngine->get('C:\\Users\\Thorn\\...', Array)
#4 C:\Users\Thorn\Desktop\epq\vendor\laravel\framework\src\Illuminate\View\View.php(120): Illuminate\View\View->getContents()
#5 C:\Users\Thorn\Desktop\epq\vendor\laravel\framework\src\Illuminate\View\View.php(85): Illuminate\View\View->renderContents()
#6 C:\Users\Thorn\Desktop\epq\vendor\laravel\framework\src\Illuminate\Http\Response.php(38): Illuminate\View\View->render()
#7 C:\Users\Thorn\Desktop\epq\vendor\symfony\http-foundation\Response.php(200): Illuminate\Http\Response->setContent(Object(Illuminate\View\View))
#8 C:\Users\Thorn\Desktop\epq\vendor\laravel\framework\src\Illuminate\Routing\Router.php(615): Symfony\Component\HttpFoundation\Response->__construct(Object(Illuminate\View\View))
#9 C:\Users\Thorn\Desktop\epq\vendor\laravel\framework\src\Illuminate\Routing\Router.php(573): Illuminate\Routing\Router->prepareResponse(Object(Illuminate\Http\Request), Object(Illuminate\View\View))
#10 C:\Users\Thorn\Desktop\epq\vendor\laravel\framework\src\Illuminate\Routing\Pipeline.php(30): Illuminate\Routing\Router->Illuminate\Routing\{closure}(Object(Illuminate\Http\Request))
#11 C:\Users\Thorn\Desktop\epq\vendor\laravel\framework\src\Illuminate\Routing\Middleware\SubstituteBindings.php(41): Illuminate\Routing\Pipeline->Illuminate\Routing\{closure}(Object(Illuminate\Http\Request))
#12 C:\Users\Thorn\Desktop\epq\vendor\laravel\framework\src\Illuminate\Pipeline\Pipeline.php(148): Illuminate\Routing\Middleware\SubstituteBindings->handle(Object(Illuminate\Http\Request), Object(Closure))
#13 C:\Users\Thorn\Desktop\epq\vendor\laravel\framework\src\Illuminate\Routing\Pipeline.php(53): Illuminate\Pipeline\Pipeline->Illuminate\Pipeline\{closure}(Object(Illuminate\Http\Request))
#14 C:\Users\Thorn\Desktop\epq\vendor\laravel\framework\src\Illuminate\Auth\Middleware\Authenticate.php(43): Illuminate\Routing\Pipeline->Illuminate\Routing\{closure}(Object(Illuminate\Http\Request))
#15 C:\Users\Thorn\Desktop\epq\vendor\laravel\framework\src\Illuminate\Pipeline\Pipeline.php(148): Illuminate\Auth\Middleware\Authenticate->handle(Object(Illuminate\Http\Request), Object(Closure))
#16 C:\Users\Thorn\Desktop\epq\vendor\laravel\framework\src\Illuminate\Routing\Pipeline.php(53): Illuminate\Pipeline\Pipeline->Illuminate\Pipeline\{closure}(Object(Illuminate\Http\Request))
#17 C:\Users\Thorn\Desktop\epq\vendor\laravel\framework\src\Illuminate\Foundation\Http\Middleware\VerifyCsrfToken.php(65): Illuminate\Routing\Pipeline->Illuminate\Routing\{closure}(Object(Illuminate\Http\Request))
#18 C:\Users\Thorn\Desktop\epq\vendor\laravel\framework\src\Illuminate\Pipeline\Pipeline.php(148): Illuminate\Foundation\Http\Middleware\VerifyCsrfToken->handle(Object(Illuminate\Http\Request), Object(Closure))
#19 C:\Users\Thorn\Desktop\epq\vendor\laravel\framework\src\Illuminate\Routing\Pipeline.php(53): Illuminate\Pipeline\Pipeline->Illuminate\Pipeline\{closure}(Object(Illuminate\Http\Request))
#20 C:\Users\Thorn\Desktop\epq\vendor\laravel\framework\src\Illuminate\View\Middleware\ShareErrorsFromSession.php(49): Illuminate\Routing\Pipeline->Illuminate\Routing\{closure}(Object(Illuminate\Http\Request))
#21 C:\Users\Thorn\Desktop\epq\vendor\laravel\framework\src\Illuminate\Pipeline\Pipeline.php(148): Illuminate\View\Middleware\ShareErrorsFromSession->handle(Object(Illuminate\Http\Request), Object(Closure))
#22 C:\Users\Thorn\Desktop\epq\vendor\laravel\framework\src\Illuminate\Routing\Pipeline.php(53): Illuminate\Pipeline\Pipeline->Illuminate\Pipeline\{closure}(Object(Illuminate\Http\Request))
#23 C:\Users\Thorn\Desktop\epq\vendor\laravel\framework\src\Illuminate\Session\Middleware\StartSession.php(64): Illuminate\Routing\Pipeline->Illuminate\Routing\{closure}(Object(Illuminate\Http\Request))
#24 C:\Users\Thorn\Desktop\epq\vendor\laravel\framework\src\Illuminate\Pipeline\Pipeline.php(148): Illuminate\Session\Middleware\StartSession->handle(Object(Illuminate\Http\Request), Object(Closure))
#25 C:\Users\Thorn\Desktop\epq\vendor\laravel\framework\src\Illuminate\Routing\Pipeline.php(53): Illuminate\Pipeline\Pipeline->Illuminate\Pipeline\{closure}(Object(Illuminate\Http\Request))
#26 C:\Users\Thorn\Desktop\epq\vendor\laravel\framework\src\Illuminate\Cookie\Middleware\AddQueuedCookiesToResponse.php(37): Illuminate\Routing\Pipeline->Illuminate\Routing\{closure}(Object(Illuminate\Http\Request))
#27 C:\Users\Thorn\Desktop\epq\vendor\laravel\framework\src\Illuminate\Pipeline\Pipeline.php(148): Illuminate\Cookie\Middleware\AddQueuedCookiesToResponse->handle(Object(Illuminate\Http\Request), Object(Closure))
#28 C:\Users\Thorn\Desktop\epq\vendor\laravel\framework\src\Illuminate\Routing\Pipeline.php(53): Illuminate\Pipeline\Pipeline->Illuminate\Pipeline\{closure}(Object(Illuminate\Http\Request))
#29 C:\Users\Thorn\Desktop\epq\vendor\laravel\framework\src\Illuminate\Cookie\Middleware\EncryptCookies.php(59): Illuminate\Routing\Pipeline->Illuminate\Routing\{closure}(Object(Illuminate\Http\Request))
#30 C:\Users\Thorn\Desktop\epq\vendor\laravel\framework\src\Illuminate\Pipeline\Pipeline.php(148): Illuminate\Cookie\Middleware\EncryptCookies->handle(Object(Illuminate\Http\Request), Object(Closure))
#31 C:\Users\Thorn\Desktop\epq\vendor\laravel\framework\src\Illuminate\Routing\Pipeline.php(53): Illuminate\Pipeline\Pipeline->Illuminate\Pipeline\{closure}(Object(Illuminate\Http\Request))
#32 C:\Users\Thorn\Desktop\epq\vendor\laravel\framework\src\Illuminate\Pipeline\Pipeline.php(102): Illuminate\Routing\Pipeline->Illuminate\Routing\{closure}(Object(Illuminate\Http\Request))
#33 C:\Users\Thorn\Desktop\epq\vendor\laravel\framework\src\Illuminate\Routing\Router.php(574): Illuminate\Pipeline\Pipeline->then(Object(Closure))
#34 C:\Users\Thorn\Desktop\epq\vendor\laravel\framework\src\Illuminate\Routing\Router.php(533): Illuminate\Routing\Router->runRouteWithinStack(Object(Illuminate\Routing\Route), Object(Illuminate\Http\Request))
#35 C:\Users\Thorn\Desktop\epq\vendor\laravel\framework\src\Illuminate\Routing\Router.php(511): Illuminate\Routing\Router->dispatchToRoute(Object(Illuminate\Http\Request))
#36 C:\Users\Thorn\Desktop\epq\vendor\laravel\framework\src\Illuminate\Foundation\Http\Kernel.php(176): Illuminate\Routing\Router->dispatch(Object(Illuminate\Http\Request))
#37 C:\Users\Thorn\Desktop\epq\vendor\laravel\framework\src\Illuminate\Routing\Pipeline.php(30): Illuminate\Foundation\Http\Kernel->Illuminate\Foundation\Http\{closure}(Object(Illuminate\Http\Request))
#38 C:\Users\Thorn\Desktop\epq\vendor\laravel\framework\src\Illuminate\Foundation\Http\Middleware\TransformsRequest.php(30): Illuminate\Routing\Pipeline->Illuminate\Routing\{closure}(Object(Illuminate\Http\Request))
#39 C:\Users\Thorn\Desktop\epq\vendor\laravel\framework\src\Illuminate\Pipeline\Pipeline.php(148): Illuminate\Foundation\Http\Middleware\TransformsRequest->handle(Object(Illuminate\Http\Request), Object(Closure))
#40 C:\Users\Thorn\Desktop\epq\vendor\laravel\framework\src\Illuminate\Routing\Pipeline.php(53): Illuminate\Pipeline\Pipeline->Illuminate\Pipeline\{closure}(Object(Illuminate\Http\Request))
#41 C:\Users\Thorn\Desktop\epq\vendor\laravel\framework\src\Illuminate\Foundation\Http\Middleware\TransformsRequest.php(30): Illuminate\Routing\Pipeline->Illuminate\Routing\{closure}(Object(Illuminate\Http\Request))
#42 C:\Users\Thorn\Desktop\epq\vendor\laravel\framework\src\Illuminate\Pipeline\Pipeline.php(148): Illuminate\Foundation\Http\Middleware\TransformsRequest->handle(Object(Illuminate\Http\Request), Object(Closure))
#43 C:\Users\Thorn\Desktop\epq\vendor\laravel\framework\src\Illuminate\Routing\Pipeline.php(53): Illuminate\Pipeline\Pipeline->Illuminate\Pipeline\{closure}(Object(Illuminate\Http\Request))
#44 C:\Users\Thorn\Desktop\epq\vendor\laravel\framework\src\Illuminate\Foundation\Http\Middleware\ValidatePostSize.php(27): Illuminate\Routing\Pipeline->Illuminate\Routing\{closure}(Object(Illuminate\Http\Request))
#45 C:\Users\Thorn\Desktop\epq\vendor\laravel\framework\src\Illuminate\Pipeline\Pipeline.php(148): Illuminate\Foundation\Http\Middleware\ValidatePostSize->handle(Object(Illuminate\Http\Request), Object(Closure))
#46 C:\Users\Thorn\Desktop\epq\vendor\laravel\framework\src\Illuminate\Routing\Pipeline.php(53): Illuminate\Pipeline\Pipeline->Illuminate\Pipeline\{closure}(Object(Illuminate\Http\Request))
#47 C:\Users\Thorn\Desktop\epq\vendor\laravel\framework\src\Illuminate\Foundation\Http\Middleware\CheckForMaintenanceMode.php(46): Illuminate\Routing\Pipeline->Illuminate\Routing\{closure}(Object(Illuminate\Http\Request))
#48 C:\Users\Thorn\Desktop\epq\vendor\laravel\framework\src\Illuminate\Pipeline\Pipeline.php(148): Illuminate\Foundation\Http\Middleware\CheckForMaintenanceMode->handle(Object(Illuminate\Http\Request), Object(Closure))
#49 C:\Users\Thorn\Desktop\epq\vendor\laravel\framework\src\Illuminate\Routing\Pipeline.php(53): Illuminate\Pipeline\Pipeline->Illuminate\Pipeline\{closure}(Object(Illuminate\Http\Request))
#50 C:\Users\Thorn\Desktop\epq\vendor\laravel\framework\src\Illuminate\Pipeline\Pipeline.php(102): Illuminate\Routing\Pipeline->Illuminate\Routing\{closure}(Object(Illuminate\Http\Request))
#51 C:\Users\Thorn\Desktop\epq\vendor\laravel\framework\src\Illuminate\Foundation\Http\Kernel.php(151): Illuminate\Pipeline\Pipeline->then(Object(Closure))
#52 C:\Users\Thorn\Desktop\epq\vendor\laravel\framework\src\Illuminate\Foundation\Http\Kernel.php(116): Illuminate\Foundation\Http\Kernel->sendRequestThroughRouter(Object(Illuminate\Http\Request))
#53 C:\Users\Thorn\Desktop\epq\public\index.php(54): Illuminate\Foundation\Http\Kernel->handle(Object(Illuminate\Http\Request))
#54 C:\Users\Thorn\Desktop\epq\server.php(21): require_once('C:\\Users\\Thorn\\...')
#55 {main}

Next exception 'ErrorException' with message 'Undefined variable: question (View: C:\Users\Thorn\Desktop\epq\resources\views\results.blade.php)' in C:\Users\Thorn\Desktop\epq\storage\framework\views\9597c3ee9e6f72dfb2be914655b9201af0dbf49c.php:5
Stack trace:
#0 C:\Users\Thorn\Desktop\epq\vendor\laravel\framework\src\Illuminate\View\Engines\PhpEngine.php(44): Illuminate\View\Engines\CompilerEngine->handleViewException(Object(ErrorException), 1)
#1 C:\Users\Thorn\Desktop\epq\vendor\laravel\framework\src\Illuminate\View\Engines\CompilerEngine.php(59): Illuminate\View\Engines\PhpEngine->evaluatePath('C:\\Users\\Thorn\\...', Array)
#2 C:\Users\Thorn\Desktop\epq\vendor\laravel\framework\src\Illuminate\View\View.php(137): Illuminate\View\Engines\CompilerEngine->get('C:\\Users\\Thorn\\...', Array)
#3 C:\Users\Thorn\Desktop\epq\vendor\laravel\framework\src\Illuminate\View\View.php(120): Illuminate\View\View->getContents()
#4 C:\Users\Thorn\Desktop\epq\vendor\laravel\framework\src\Illuminate\View\View.php(85): Illuminate\View\View->renderContents()
#5 C:\Users\Thorn\Desktop\epq\vendor\laravel\framework\src\Illuminate\Http\Response.php(38): Illuminate\View\View->render()
#6 C:\Users\Thorn\Desktop\epq\vendor\symfony\http-foundation\Response.php(200): Illuminate\Http\Response->setContent(Object(Illuminate\View\View))
#7 C:\Users\Thorn\Desktop\epq\vendor\laravel\framework\src\Illuminate\Routing\Router.php(615): Symfony\Component\HttpFoundation\Response->__construct(Object(Illuminate\View\View))
#8 C:\Users\Thorn\Desktop\epq\vendor\laravel\framework\src\Illuminate\Routing\Router.php(573): Illuminate\Routing\Router->prepareResponse(Object(Illuminate\Http\Request), Object(Illuminate\View\View))
#9 C:\Users\Thorn\Desktop\epq\vendor\laravel\framework\src\Illuminate\Routing\Pipeline.php(30): Illuminate\Routing\Router->Illuminate\Routing\{closure}(Object(Illuminate\Http\Request))
#10 C:\Users\Thorn\Desktop\epq\vendor\laravel\framework\src\Illuminate\Routing\Middleware\SubstituteBindings.php(41): Illuminate\Routing\Pipeline->Illuminate\Routing\{closure}(Object(Illuminate\Http\Request))
#11 C:\Users\Thorn\Desktop\epq\vendor\laravel\framework\src\Illuminate\Pipeline\Pipeline.php(148): Illuminate\Routing\Middleware\SubstituteBindings->handle(Object(Illuminate\Http\Request), Object(Closure))
#12 C:\Users\Thorn\Desktop\epq\vendor\laravel\framework\src\Illuminate\Routing\Pipeline.php(53): Illuminate\Pipeline\Pipeline->Illuminate\Pipeline\{closure}(Object(Illuminate\Http\Request))
#13 C:\Users\Thorn\Desktop\epq\vendor\laravel\framework\src\Illuminate\Auth\Middleware\Authenticate.php(43): Illuminate\Routing\Pipeline->Illuminate\Routing\{closure}(Object(Illuminate\Http\Request))
#14 C:\Users\Thorn\Desktop\epq\vendor\laravel\framework\src\Illuminate\Pipeline\Pipeline.php(148): Illuminate\Auth\Middleware\Authenticate->handle(Object(Illuminate\Http\Request), Object(Closure))
#15 C:\Users\Thorn\Desktop\epq\vendor\laravel\framework\src\Illuminate\Routing\Pipeline.php(53): Illuminate\Pipeline\Pipeline->Illuminate\Pipeline\{closure}(Object(Illuminate\Http\Request))
#16 C:\Users\Thorn\Desktop\epq\vendor\laravel\framework\src\Illuminate\Foundation\Http\Middleware\VerifyCsrfToken.php(65): Illuminate\Routing\Pipeline->Illuminate\Routing\{closure}(Object(Illuminate\Http\Request))
#17 C:\Users\Thorn\Desktop\epq\vendor\laravel\framework\src\Illuminate\Pipeline\Pipeline.php(148): Illuminate\Foundation\Http\Middleware\VerifyCsrfToken->handle(Object(Illuminate\Http\Request), Object(Closure))
#18 C:\Users\Thorn\Desktop\epq\vendor\laravel\framework\src\Illuminate\Routing\Pipeline.php(53): Illuminate\Pipeline\Pipeline->Illuminate\Pipeline\{closure}(Object(Illuminate\Http\Request))
#19 C:\Users\Thorn\Desktop\epq\vendor\laravel\framework\src\Illuminate\View\Middleware\ShareErrorsFromSession.php(49): Illuminate\Routing\Pipeline->Illuminate\Routing\{closure}(Object(Illuminate\Http\Request))
#20 C:\Users\Thorn\Desktop\epq\vendor\laravel\framework\src\Illuminate\Pipeline\Pipeline.php(148): Illuminate\View\Middleware\ShareErrorsFromSession->handle(Object(Illuminate\Http\Request), Object(Closure))
#21 C:\Users\Thorn\Desktop\epq\vendor\laravel\framework\src\Illuminate\Routing\Pipeline.php(53): Illuminate\Pipeline\Pipeline->Illuminate\Pipeline\{closure}(Object(Illuminate\Http\Request))
#22 C:\Users\Thorn\Desktop\epq\vendor\laravel\framework\src\Illuminate\Session\Middleware\StartSession.php(64): Illuminate\Routing\Pipeline->Illuminate\Routing\{closure}(Object(Illuminate\Http\Request))
#23 C:\Users\Thorn\Desktop\epq\vendor\laravel\framework\src\Illuminate\Pipeline\Pipeline.php(148): Illuminate\Session\Middleware\StartSession->handle(Object(Illuminate\Http\Request), Object(Closure))
#24 C:\Users\Thorn\Desktop\epq\vendor\laravel\framework\src\Illuminate\Routing\Pipeline.php(53): Illuminate\Pipeline\Pipeline->Illuminate\Pipeline\{closure}(Object(Illuminate\Http\Request))
#25 C:\Users\Thorn\Desktop\epq\vendor\laravel\framework\src\Illuminate\Cookie\Middleware\AddQueuedCookiesToResponse.php(37): Illuminate\Routing\Pipeline->Illuminate\Routing\{closure}(Object(Illuminate\Http\Request))
#26 C:\Users\Thorn\Desktop\epq\vendor\laravel\framework\src\Illuminate\Pipeline\Pipeline.php(148): Illuminate\Cookie\Middleware\AddQueuedCookiesToResponse->handle(Object(Illuminate\Http\Request), Object(Closure))
#27 C:\Users\Thorn\Desktop\epq\vendor\laravel\framework\src\Illuminate\Routing\Pipeline.php(53): Illuminate\Pipeline\Pipeline->Illuminate\Pipeline\{closure}(Object(Illuminate\Http\Request))
#28 C:\Users\Thorn\Desktop\epq\vendor\laravel\framework\src\Illuminate\Cookie\Middleware\EncryptCookies.php(59): Illuminate\Routing\Pipeline->Illuminate\Routing\{closure}(Object(Illuminate\Http\Request))
#29 C:\Users\Thorn\Desktop\epq\vendor\laravel\framework\src\Illuminate\Pipeline\Pipeline.php(148): Illuminate\Cookie\Middleware\EncryptCookies->handle(Object(Illuminate\Http\Request), Object(Closure))
#30 C:\Users\Thorn\Desktop\epq\vendor\laravel\framework\src\Illuminate\Routing\Pipeline.php(53): Illuminate\Pipeline\Pipeline->Illuminate\Pipeline\{closure}(Object(Illuminate\Http\Request))
#31 C:\Users\Thorn\Desktop\epq\vendor\laravel\framework\src\Illuminate\Pipeline\Pipeline.php(102): Illuminate\Routing\Pipeline->Illuminate\Routing\{closure}(Object(Illuminate\Http\Request))
#32 C:\Users\Thorn\Desktop\epq\vendor\laravel\framework\src\Illuminate\Routing\Router.php(574): Illuminate\Pipeline\Pipeline->then(Object(Closure))
#33 C:\Users\Thorn\Desktop\epq\vendor\laravel\framework\src\Illuminate\Routing\Router.php(533): Illuminate\Routing\Router->runRouteWithinStack(Object(Illuminate\Routing\Route), Object(Illuminate\Http\Request))
#34 C:\Users\Thorn\Desktop\epq\vendor\laravel\framework\src\Illuminate\Routing\Router.php(511): Illuminate\Routing\Router->dispatchToRoute(Object(Illuminate\Http\Request))
#35 C:\Users\Thorn\Desktop\epq\vendor\laravel\framework\src\Illuminate\Foundation\Http\Kernel.php(176): Illuminate\Routing\Router->dispatch(Object(Illuminate\Http\Request))
#36 C:\Users\Thorn\Desktop\epq\vendor\laravel\framework\src\Illuminate\Routing\Pipeline.php(30): Illuminate\Foundation\Http\Kernel->Illuminate\Foundation\Http\{closure}(Object(Illuminate\Http\Request))
#37 C:\Users\Thorn\Desktop\epq\vendor\laravel\framework\src\Illuminate\Foundation\Http\Middleware\TransformsRequest.php(30): Illuminate\Routing\Pipeline->Illuminate\Routing\{closure}(Object(Illuminate\Http\Request))
#38 C:\Users\Thorn\Desktop\epq\vendor\laravel\framework\src\Illuminate\Pipeline\Pipeline.php(148): Illuminate\Foundation\Http\Middleware\TransformsRequest->handle(Object(Illuminate\Http\Request), Object(Closure))
#39 C:\Users\Thorn\Desktop\epq\vendor\laravel\framework\src\Illuminate\Routing\Pipeline.php(53): Illuminate\Pipeline\Pipeline->Illuminate\Pipeline\{closure}(Object(Illuminate\Http\Request))
#40 C:\Users\Thorn\Desktop\epq\vendor\laravel\framework\src\Illuminate\Foundation\Http\Middleware\TransformsRequest.php(30): Illuminate\Routing\Pipeline->Illuminate\Routing\{closure}(Object(Illuminate\Http\Request))
#41 C:\Users\Thorn\Desktop\epq\vendor\laravel\framework\src\Illuminate\Pipeline\Pipeline.php(148): Illuminate\Foundation\Http\Middleware\TransformsRequest->handle(Object(Illuminate\Http\Request), Object(Closure))
#42 C:\Users\Thorn\Desktop\epq\vendor\laravel\framework\src\Illuminate\Routing\Pipeline.php(53): Illuminate\Pipeline\Pipeline->Illuminate\Pipeline\{closure}(Object(Illuminate\Http\Request))
#43 C:\Users\Thorn\Desktop\epq\vendor\laravel\framework\src\Illuminate\Foundation\Http\Middleware\ValidatePostSize.php(27): Illuminate\Routing\Pipeline->Illuminate\Routing\{closure}(Object(Illuminate\Http\Request))
#44 C:\Users\Thorn\Desktop\epq\vendor\laravel\framework\src\Illuminate\Pipeline\Pipeline.php(148): Illuminate\Foundation\Http\Middleware\ValidatePostSize->handle(Object(Illuminate\Http\Request), Object(Closure))
#45 C:\Users\Thorn\Desktop\epq\vendor\laravel\framework\src\Illuminate\Routing\Pipeline.php(53): Illuminate\Pipeline\Pipeline->Illuminate\Pipeline\{closure}(Object(Illuminate\Http\Request))
#46 C:\Users\Thorn\Desktop\epq\vendor\laravel\framework\src\Illuminate\Foundation\Http\Middleware\CheckForMaintenanceMode.php(46): Illuminate\Routing\Pipeline->Illuminate\Routing\{closure}(Object(Illuminate\Http\Request))
#47 C:\Users\Thorn\Desktop\epq\vendor\laravel\framework\src\Illuminate\Pipeline\Pipeline.php(148): Illuminate\Foundation\Http\Middleware\CheckForMaintenanceMode->handle(Object(Illuminate\Http\Request), Object(Closure))
#48 C:\Users\Thorn\Desktop\epq\vendor\laravel\framework\src\Illuminate\Routing\Pipeline.php(53): Illuminate\Pipeline\Pipeline->Illuminate\Pipeline\{closure}(Object(Illuminate\Http\Request))
#49 C:\Users\Thorn\Desktop\epq\vendor\laravel\framework\src\Illuminate\Pipeline\Pipeline.php(102): Illuminate\Routing\Pipeline->Illuminate\Routing\{closure}(Object(Illuminate\Http\Request))
#50 C:\Users\Thorn\Desktop\epq\vendor\laravel\framework\src\Illuminate\Foundation\Http\Kernel.php(151): Illuminate\Pipeline\Pipeline->then(Object(Closure))
#51 C:\Users\Thorn\Desktop\epq\vendor\laravel\framework\src\Illuminate\Foundation\Http\Kernel.php(116): Illuminate\Foundation\Http\Kernel->sendRequestThroughRouter(Object(Illuminate\Http\Request))
#52 C:\Users\Thorn\Desktop\epq\public\index.php(54): Illuminate\Foundation\Http\Kernel->handle(Object(Illuminate\Http\Request))
#53 C:\Users\Thorn\Desktop\epq\server.php(21): require_once('C:\\Users\\Thorn\\...')
#54 {main}  
[2017-12-24 01:16:12] local.ERROR: exception 'Symfony\Component\Debug\Exception\FatalErrorException' with message 'syntax error, unexpected '}'' in C:\Users\Thorn\Desktop\epq\app\Http\Controllers\create.php:119
Stack trace:
#0 {main}  
[2017-12-24 01:41:36] local.ERROR: exception 'PDOException' with message 'SQLSTATE[HY000]: General error: 1366 Incorrect integer value: 'Ljd0k' for column 'questionid' at row 1' in C:\Users\Thorn\Desktop\epq\vendor\laravel\framework\src\Illuminate\Database\Connection.php:449
Stack trace:
#0 C:\Users\Thorn\Desktop\epq\vendor\laravel\framework\src\Illuminate\Database\Connection.php(449): PDOStatement->execute()
#1 C:\Users\Thorn\Desktop\epq\vendor\laravel\framework\src\Illuminate\Database\Connection.php(640): Illuminate\Database\Connection->Illuminate\Database\{closure}('insert into `vo...', Array)
#2 C:\Users\Thorn\Desktop\epq\vendor\laravel\framework\src\Illuminate\Database\Connection.php(607): Illuminate\Database\Connection->runQueryCallback('insert into `vo...', Array, Object(Closure))
#3 C:\Users\Thorn\Desktop\epq\vendor\laravel\framework\src\Illuminate\Database\Connection.php(450): Illuminate\Database\Connection->run('insert into `vo...', Array, Object(Closure))
#4 C:\Users\Thorn\Desktop\epq\vendor\laravel\framework\src\Illuminate\Database\Connection.php(404): Illuminate\Database\Connection->statement('insert into `vo...', Array)
#5 C:\Users\Thorn\Desktop\epq\vendor\laravel\framework\src\Illuminate\Database\Query\Processors\Processor.php(32): Illuminate\Database\Connection->insert('insert into `vo...', Array)
#6 C:\Users\Thorn\Desktop\epq\vendor\laravel\framework\src\Illuminate\Database\Query\Builder.php(2133): Illuminate\Database\Query\Processors\Processor->processInsertGetId(Object(Illuminate\Database\Query\Builder), 'insert into `vo...', Array, 'id')
#7 C:\Users\Thorn\Desktop\epq\vendor\laravel\framework\src\Illuminate\Database\Eloquent\Builder.php(1251): Illuminate\Database\Query\Builder->insertGetId(Array, 'id')
#8 C:\Users\Thorn\Desktop\epq\vendor\laravel\framework\src\Illuminate\Database\Eloquent\Model.php(688): Illuminate\Database\Eloquent\Builder->__call('insertGetId', Array)
#9 C:\Users\Thorn\Desktop\epq\vendor\laravel\framework\src\Illuminate\Database\Eloquent\Model.php(688): Illuminate\Database\Eloquent\Builder->insertGetId(Array, 'id')
#10 C:\Users\Thorn\Desktop\epq\vendor\laravel\framework\src\Illuminate\Database\Eloquent\Model.php(653): Illuminate\Database\Eloquent\Model->insertAndSetId(Object(Illuminate\Database\Eloquent\Builder), Array)
#11 C:\Users\Thorn\Desktop\epq\vendor\laravel\framework\src\Illuminate\Database\Eloquent\Model.php(522): Illuminate\Database\Eloquent\Model->performInsert(Object(Illuminate\Database\Eloquent\Builder))
#12 C:\Users\Thorn\Desktop\epq\app\Http\Controllers\create.php(85): Illuminate\Database\Eloquent\Model->save()
#13 [internal function]: App\Http\Controllers\create->vote(Object(Illuminate\Http\Request))
#14 C:\Users\Thorn\Desktop\epq\vendor\laravel\framework\src\Illuminate\Routing\Controller.php(55): call_user_func_array(Array, Array)
#15 C:\Users\Thorn\Desktop\epq\vendor\laravel\framework\src\Illuminate\Routing\ControllerDispatcher.php(44): Illuminate\Routing\Controller->callAction('vote', Array)
#16 C:\Users\Thorn\Desktop\epq\vendor\laravel\framework\src\Illuminate\Routing\Route.php(204): Illuminate\Routing\ControllerDispatcher->dispatch(Object(Illuminate\Routing\Route), Object(App\Http\Controllers\create), 'vote')
#17 C:\Users\Thorn\Desktop\epq\vendor\laravel\framework\src\Illuminate\Routing\Route.php(160): Illuminate\Routing\Route->runController()
#18 C:\Users\Thorn\Desktop\epq\vendor\laravel\framework\src\Illuminate\Routing\Router.php(572): Illuminate\Routing\Route->run()
#19 C:\Users\Thorn\Desktop\epq\vendor\laravel\framework\src\Illuminate\Routing\Pipeline.php(30): Illuminate\Routing\Router->Illuminate\Routing\{closure}(Object(Illuminate\Http\Request))
#20 C:\Users\Thorn\Desktop\epq\vendor\laravel\framework\src\Illuminate\Routing\Middleware\SubstituteBindings.php(41): Illuminate\Routing\Pipeline->Illuminate\Routing\{closure}(Object(Illuminate\Http\Request))
#21 C:\Users\Thorn\Desktop\epq\vendor\laravel\framework\src\Illuminate\Pipeline\Pipeline.php(148): Illuminate\Routing\Middleware\SubstituteBindings->handle(Object(Illuminate\Http\Request), Object(Closure))
#22 C:\Users\Thorn\Desktop\epq\vendor\laravel\framework\src\Illuminate\Routing\Pipeline.php(53): Illuminate\Pipeline\Pipeline->Illuminate\Pipeline\{closure}(Object(Illuminate\Http\Request))
#23 C:\Users\Thorn\Desktop\epq\vendor\laravel\framework\src\Illuminate\Auth\Middleware\Authenticate.php(43): Illuminate\Routing\Pipeline->Illuminate\Routing\{closure}(Object(Illuminate\Http\Request))
#24 C:\Users\Thorn\Desktop\epq\vendor\laravel\framework\src\Illuminate\Pipeline\Pipeline.php(148): Illuminate\Auth\Middleware\Authenticate->handle(Object(Illuminate\Http\Request), Object(Closure))
#25 C:\Users\Thorn\Desktop\epq\vendor\laravel\framework\src\Illuminate\Routing\Pipeline.php(53): Illuminate\Pipeline\Pipeline->Illuminate\Pipeline\{closure}(Object(Illuminate\Http\Request))
#26 C:\Users\Thorn\Desktop\epq\vendor\laravel\framework\src\Illuminate\Foundation\Http\Middleware\VerifyCsrfToken.php(65): Illuminate\Routing\Pipeline->Illuminate\Routing\{closure}(Object(Illuminate\Http\Request))
#27 C:\Users\Thorn\Desktop\epq\vendor\laravel\framework\src\Illuminate\Pipeline\Pipeline.php(148): Illuminate\Foundation\Http\Middleware\VerifyCsrfToken->handle(Object(Illuminate\Http\Request), Object(Closure))
#28 C:\Users\Thorn\Desktop\epq\vendor\laravel\framework\src\Illuminate\Routing\Pipeline.php(53): Illuminate\Pipeline\Pipeline->Illuminate\Pipeline\{closure}(Object(Illuminate\Http\Request))
#29 C:\Users\Thorn\Desktop\epq\vendor\laravel\framework\src\Illuminate\View\Middleware\ShareErrorsFromSession.php(49): Illuminate\Routing\Pipeline->Illuminate\Routing\{closure}(Object(Illuminate\Http\Request))
#30 C:\Users\Thorn\Desktop\epq\vendor\laravel\framework\src\Illuminate\Pipeline\Pipeline.php(148): Illuminate\View\Middleware\ShareErrorsFromSession->handle(Object(Illuminate\Http\Request), Object(Closure))
#31 C:\Users\Thorn\Desktop\epq\vendor\laravel\framework\src\Illuminate\Routing\Pipeline.php(53): Illuminate\Pipeline\Pipeline->Illuminate\Pipeline\{closure}(Object(Illuminate\Http\Request))
#32 C:\Users\Thorn\Desktop\epq\vendor\laravel\framework\src\Illuminate\Session\Middleware\StartSession.php(64): Illuminate\Routing\Pipeline->Illuminate\Routing\{closure}(Object(Illuminate\Http\Request))
#33 C:\Users\Thorn\Desktop\epq\vendor\laravel\framework\src\Illuminate\Pipeline\Pipeline.php(148): Illuminate\Session\Middleware\StartSession->handle(Object(Illuminate\Http\Request), Object(Closure))
#34 C:\Users\Thorn\Desktop\epq\vendor\laravel\framework\src\Illuminate\Routing\Pipeline.php(53): Illuminate\Pipeline\Pipeline->Illuminate\Pipeline\{closure}(Object(Illuminate\Http\Request))
#35 C:\Users\Thorn\Desktop\epq\vendor\laravel\framework\src\Illuminate\Cookie\Middleware\AddQueuedCookiesToResponse.php(37): Illuminate\Routing\Pipeline->Illuminate\Routing\{closure}(Object(Illuminate\Http\Request))
#36 C:\Users\Thorn\Desktop\epq\vendor\laravel\framework\src\Illuminate\Pipeline\Pipeline.php(148): Illuminate\Cookie\Middleware\AddQueuedCookiesToResponse->handle(Object(Illuminate\Http\Request), Object(Closure))
#37 C:\Users\Thorn\Desktop\epq\vendor\laravel\framework\src\Illuminate\Routing\Pipeline.php(53): Illuminate\Pipeline\Pipeline->Illuminate\Pipeline\{closure}(Object(Illuminate\Http\Request))
#38 C:\Users\Thorn\Desktop\epq\vendor\laravel\framework\src\Illuminate\Cookie\Middleware\EncryptCookies.php(59): Illuminate\Routing\Pipeline->Illuminate\Routing\{closure}(Object(Illuminate\Http\Request))
#39 C:\Users\Thorn\Desktop\epq\vendor\laravel\framework\src\Illuminate\Pipeline\Pipeline.php(148): Illuminate\Cookie\Middleware\EncryptCookies->handle(Object(Illuminate\Http\Request), Object(Closure))
#40 C:\Users\Thorn\Desktop\epq\vendor\laravel\framework\src\Illuminate\Routing\Pipeline.php(53): Illuminate\Pipeline\Pipeline->Illuminate\Pipeline\{closure}(Object(Illuminate\Http\Request))
#41 C:\Users\Thorn\Desktop\epq\vendor\laravel\framework\src\Illuminate\Pipeline\Pipeline.php(102): Illuminate\Routing\Pipeline->Illuminate\Routing\{closure}(Object(Illuminate\Http\Request))
#42 C:\Users\Thorn\Desktop\epq\vendor\laravel\framework\src\Illuminate\Routing\Router.php(574): Illuminate\Pipeline\Pipeline->then(Object(Closure))
#43 C:\Users\Thorn\Desktop\epq\vendor\laravel\framework\src\Illuminate\Routing\Router.php(533): Illuminate\Routing\Router->runRouteWithinStack(Object(Illuminate\Routing\Route), Object(Illuminate\Http\Request))
#44 C:\Users\Thorn\Desktop\epq\vendor\laravel\framework\src\Illuminate\Routing\Router.php(511): Illuminate\Routing\Router->dispatchToRoute(Object(Illuminate\Http\Request))
#45 C:\Users\Thorn\Desktop\epq\vendor\laravel\framework\src\Illuminate\Foundation\Http\Kernel.php(176): Illuminate\Routing\Router->dispatch(Object(Illuminate\Http\Request))
#46 C:\Users\Thorn\Desktop\epq\vendor\laravel\framework\src\Illuminate\Routing\Pipeline.php(30): Illuminate\Foundation\Http\Kernel->Illuminate\Foundation\Http\{closure}(Object(Illuminate\Http\Request))
#47 C:\Users\Thorn\Desktop\epq\vendor\laravel\framework\src\Illuminate\Foundation\Http\Middleware\TransformsRequest.php(30): Illuminate\Routing\Pipeline->Illuminate\Routing\{closure}(Object(Illuminate\Http\Request))
#48 C:\Users\Thorn\Desktop\epq\vendor\laravel\framework\src\Illuminate\Pipeline\Pipeline.php(148): Illuminate\Foundation\Http\Middleware\TransformsRequest->handle(Object(Illuminate\Http\Request), Object(Closure))
#49 C:\Users\Thorn\Desktop\epq\vendor\laravel\framework\src\Illuminate\Routing\Pipeline.php(53): Illuminate\Pipeline\Pipeline->Illuminate\Pipeline\{closure}(Object(Illuminate\Http\Request))
#50 C:\Users\Thorn\Desktop\epq\vendor\laravel\framework\src\Illuminate\Foundation\Http\Middleware\TransformsRequest.php(30): Illuminate\Routing\Pipeline->Illuminate\Routing\{closure}(Object(Illuminate\Http\Request))
#51 C:\Users\Thorn\Desktop\epq\vendor\laravel\framework\src\Illuminate\Pipeline\Pipeline.php(148): Illuminate\Foundation\Http\Middleware\TransformsRequest->handle(Object(Illuminate\Http\Request), Object(Closure))
#52 C:\Users\Thorn\Desktop\epq\vendor\laravel\framework\src\Illuminate\Routing\Pipeline.php(53): Illuminate\Pipeline\Pipeline->Illuminate\Pipeline\{closure}(Object(Illuminate\Http\Request))
#53 C:\Users\Thorn\Desktop\epq\vendor\laravel\framework\src\Illuminate\Foundation\Http\Middleware\ValidatePostSize.php(27): Illuminate\Routing\Pipeline->Illuminate\Routing\{closure}(Object(Illuminate\Http\Request))
#54 C:\Users\Thorn\Desktop\epq\vendor\laravel\framework\src\Illuminate\Pipeline\Pipeline.php(148): Illuminate\Foundation\Http\Middleware\ValidatePostSize->handle(Object(Illuminate\Http\Request), Object(Closure))
#55 C:\Users\Thorn\Desktop\epq\vendor\laravel\framework\src\Illuminate\Routing\Pipeline.php(53): Illuminate\Pipeline\Pipeline->Illuminate\Pipeline\{closure}(Object(Illuminate\Http\Request))
#56 C:\Users\Thorn\Desktop\epq\vendor\laravel\framework\src\Illuminate\Foundation\Http\Middleware\CheckForMaintenanceMode.php(46): Illuminate\Routing\Pipeline->Illuminate\Routing\{closure}(Object(Illuminate\Http\Request))
#57 C:\Users\Thorn\Desktop\epq\vendor\laravel\framework\src\Illuminate\Pipeline\Pipeline.php(148): Illuminate\Foundation\Http\Middleware\CheckForMaintenanceMode->handle(Object(Illuminate\Http\Request), Object(Closure))
#58 C:\Users\Thorn\Desktop\epq\vendor\laravel\framework\src\Illuminate\Routing\Pipeline.php(53): Illuminate\Pipeline\Pipeline->Illuminate\Pipeline\{closure}(Object(Illuminate\Http\Request))
#59 C:\Users\Thorn\Desktop\epq\vendor\laravel\framework\src\Illuminate\Pipeline\Pipeline.php(102): Illuminate\Routing\Pipeline->Illuminate\Routing\{closure}(Object(Illuminate\Http\Request))
#60 C:\Users\Thorn\Desktop\epq\vendor\laravel\framework\src\Illuminate\Foundation\Http\Kernel.php(151): Illuminate\Pipeline\Pipeline->then(Object(Closure))
#61 C:\Users\Thorn\Desktop\epq\vendor\laravel\framework\src\Illuminate\Foundation\Http\Kernel.php(116): Illuminate\Foundation\Http\Kernel->sendRequestThroughRouter(Object(Illuminate\Http\Request))
#62 C:\Users\Thorn\Desktop\epq\public\index.php(54): Illuminate\Foundation\Http\Kernel->handle(Object(Illuminate\Http\Request))
#63 C:\Users\Thorn\Desktop\epq\server.php(21): require_once('C:\\Users\\Thorn\\...')
#64 {main}

Next exception 'Illuminate\Database\QueryException' with message 'SQLSTATE[HY000]: General error: 1366 Incorrect integer value: 'Ljd0k' for column 'questionid' at row 1 (SQL: insert into `votes` (`questionid`, `optionid`, `userid`, `updated_at`, `created_at`) values (Ljd0k, 5, 1, 2017-12-24 01:41:36, 2017-12-24 01:41:36))' in C:\Users\Thorn\Desktop\epq\vendor\laravel\framework\src\Illuminate\Database\Connection.php:647
Stack trace:
#0 C:\Users\Thorn\Desktop\epq\vendor\laravel\framework\src\Illuminate\Database\Connection.php(607): Illuminate\Database\Connection->runQueryCallback('insert into `vo...', Array, Object(Closure))
#1 C:\Users\Thorn\Desktop\epq\vendor\laravel\framework\src\Illuminate\Database\Connection.php(450): Illuminate\Database\Connection->run('insert into `vo...', Array, Object(Closure))
#2 C:\Users\Thorn\Desktop\epq\vendor\laravel\framework\src\Illuminate\Database\Connection.php(404): Illuminate\Database\Connection->statement('insert into `vo...', Array)
#3 C:\Users\Thorn\Desktop\epq\vendor\laravel\framework\src\Illuminate\Database\Query\Processors\Processor.php(32): Illuminate\Database\Connection->insert('insert into `vo...', Array)
#4 C:\Users\Thorn\Desktop\epq\vendor\laravel\framework\src\Illuminate\Database\Query\Builder.php(2133): Illuminate\Database\Query\Processors\Processor->processInsertGetId(Object(Illuminate\Database\Query\Builder), 'insert into `vo...', Array, 'id')
#5 C:\Users\Thorn\Desktop\epq\vendor\laravel\framework\src\Illuminate\Database\Eloquent\Builder.php(1251): Illuminate\Database\Query\Builder->insertGetId(Array, 'id')
#6 C:\Users\Thorn\Desktop\epq\vendor\laravel\framework\src\Illuminate\Database\Eloquent\Model.php(688): Illuminate\Database\Eloquent\Builder->__call('insertGetId', Array)
#7 C:\Users\Thorn\Desktop\epq\vendor\laravel\framework\src\Illuminate\Database\Eloquent\Model.php(688): Illuminate\Database\Eloquent\Builder->insertGetId(Array, 'id')
#8 C:\Users\Thorn\Desktop\epq\vendor\laravel\framework\src\Illuminate\Database\Eloquent\Model.php(653): Illuminate\Database\Eloquent\Model->insertAndSetId(Object(Illuminate\Database\Eloquent\Builder), Array)
#9 C:\Users\Thorn\Desktop\epq\vendor\laravel\framework\src\Illuminate\Database\Eloquent\Model.php(522): Illuminate\Database\Eloquent\Model->performInsert(Object(Illuminate\Database\Eloquent\Builder))
#10 C:\Users\Thorn\Desktop\epq\app\Http\Controllers\create.php(85): Illuminate\Database\Eloquent\Model->save()
#11 [internal function]: App\Http\Controllers\create->vote(Object(Illuminate\Http\Request))
#12 C:\Users\Thorn\Desktop\epq\vendor\laravel\framework\src\Illuminate\Routing\Controller.php(55): call_user_func_array(Array, Array)
#13 C:\Users\Thorn\Desktop\epq\vendor\laravel\framework\src\Illuminate\Routing\ControllerDispatcher.php(44): Illuminate\Routing\Controller->callAction('vote', Array)
#14 C:\Users\Thorn\Desktop\epq\vendor\laravel\framework\src\Illuminate\Routing\Route.php(204): Illuminate\Routing\ControllerDispatcher->dispatch(Object(Illuminate\Routing\Route), Object(App\Http\Controllers\create), 'vote')
#15 C:\Users\Thorn\Desktop\epq\vendor\laravel\framework\src\Illuminate\Routing\Route.php(160): Illuminate\Routing\Route->runController()
#16 C:\Users\Thorn\Desktop\epq\vendor\laravel\framework\src\Illuminate\Routing\Router.php(572): Illuminate\Routing\Route->run()
#17 C:\Users\Thorn\Desktop\epq\vendor\laravel\framework\src\Illuminate\Routing\Pipeline.php(30): Illuminate\Routing\Router->Illuminate\Routing\{closure}(Object(Illuminate\Http\Request))
#18 C:\Users\Thorn\Desktop\epq\vendor\laravel\framework\src\Illuminate\Routing\Middleware\SubstituteBindings.php(41): Illuminate\Routing\Pipeline->Illuminate\Routing\{closure}(Object(Illuminate\Http\Request))
#19 C:\Users\Thorn\Desktop\epq\vendor\laravel\framework\src\Illuminate\Pipeline\Pipeline.php(148): Illuminate\Routing\Middleware\SubstituteBindings->handle(Object(Illuminate\Http\Request), Object(Closure))
#20 C:\Users\Thorn\Desktop\epq\vendor\laravel\framework\src\Illuminate\Routing\Pipeline.php(53): Illuminate\Pipeline\Pipeline->Illuminate\Pipeline\{closure}(Object(Illuminate\Http\Request))
#21 C:\Users\Thorn\Desktop\epq\vendor\laravel\framework\src\Illuminate\Auth\Middleware\Authenticate.php(43): Illuminate\Routing\Pipeline->Illuminate\Routing\{closure}(Object(Illuminate\Http\Request))
#22 C:\Users\Thorn\Desktop\epq\vendor\laravel\framework\src\Illuminate\Pipeline\Pipeline.php(148): Illuminate\Auth\Middleware\Authenticate->handle(Object(Illuminate\Http\Request), Object(Closure))
#23 C:\Users\Thorn\Desktop\epq\vendor\laravel\framework\src\Illuminate\Routing\Pipeline.php(53): Illuminate\Pipeline\Pipeline->Illuminate\Pipeline\{closure}(Object(Illuminate\Http\Request))
#24 C:\Users\Thorn\Desktop\epq\vendor\laravel\framework\src\Illuminate\Foundation\Http\Middleware\VerifyCsrfToken.php(65): Illuminate\Routing\Pipeline->Illuminate\Routing\{closure}(Object(Illuminate\Http\Request))
#25 C:\Users\Thorn\Desktop\epq\vendor\laravel\framework\src\Illuminate\Pipeline\Pipeline.php(148): Illuminate\Foundation\Http\Middleware\VerifyCsrfToken->handle(Object(Illuminate\Http\Request), Object(Closure))
#26 C:\Users\Thorn\Desktop\epq\vendor\laravel\framework\src\Illuminate\Routing\Pipeline.php(53): Illuminate\Pipeline\Pipeline->Illuminate\Pipeline\{closure}(Object(Illuminate\Http\Request))
#27 C:\Users\Thorn\Desktop\epq\vendor\laravel\framework\src\Illuminate\View\Middleware\ShareErrorsFromSession.php(49): Illuminate\Routing\Pipeline->Illuminate\Routing\{closure}(Object(Illuminate\Http\Request))
#28 C:\Users\Thorn\Desktop\epq\vendor\laravel\framework\src\Illuminate\Pipeline\Pipeline.php(148): Illuminate\View\Middleware\ShareErrorsFromSession->handle(Object(Illuminate\Http\Request), Object(Closure))
#29 C:\Users\Thorn\Desktop\epq\vendor\laravel\framework\src\Illuminate\Routing\Pipeline.php(53): Illuminate\Pipeline\Pipeline->Illuminate\Pipeline\{closure}(Object(Illuminate\Http\Request))
#30 C:\Users\Thorn\Desktop\epq\vendor\laravel\framework\src\Illuminate\Session\Middleware\StartSession.php(64): Illuminate\Routing\Pipeline->Illuminate\Routing\{closure}(Object(Illuminate\Http\Request))
#31 C:\Users\Thorn\Desktop\epq\vendor\laravel\framework\src\Illuminate\Pipeline\Pipeline.php(148): Illuminate\Session\Middleware\StartSession->handle(Object(Illuminate\Http\Request), Object(Closure))
#32 C:\Users\Thorn\Desktop\epq\vendor\laravel\framework\src\Illuminate\Routing\Pipeline.php(53): Illuminate\Pipeline\Pipeline->Illuminate\Pipeline\{closure}(Object(Illuminate\Http\Request))
#33 C:\Users\Thorn\Desktop\epq\vendor\laravel\framework\src\Illuminate\Cookie\Middleware\AddQueuedCookiesToResponse.php(37): Illuminate\Routing\Pipeline->Illuminate\Routing\{closure}(Object(Illuminate\Http\Request))
#34 C:\Users\Thorn\Desktop\epq\vendor\laravel\framework\src\Illuminate\Pipeline\Pipeline.php(148): Illuminate\Cookie\Middleware\AddQueuedCookiesToResponse->handle(Object(Illuminate\Http\Request), Object(Closure))
#35 C:\Users\Thorn\Desktop\epq\vendor\laravel\framework\src\Illuminate\Routing\Pipeline.php(53): Illuminate\Pipeline\Pipeline->Illuminate\Pipeline\{closure}(Object(Illuminate\Http\Request))
#36 C:\Users\Thorn\Desktop\epq\vendor\laravel\framework\src\Illuminate\Cookie\Middleware\EncryptCookies.php(59): Illuminate\Routing\Pipeline->Illuminate\Routing\{closure}(Object(Illuminate\Http\Request))
#37 C:\Users\Thorn\Desktop\epq\vendor\laravel\framework\src\Illuminate\Pipeline\Pipeline.php(148): Illuminate\Cookie\Middleware\EncryptCookies->handle(Object(Illuminate\Http\Request), Object(Closure))
#38 C:\Users\Thorn\Desktop\epq\vendor\laravel\framework\src\Illuminate\Routing\Pipeline.php(53): Illuminate\Pipeline\Pipeline->Illuminate\Pipeline\{closure}(Object(Illuminate\Http\Request))
#39 C:\Users\Thorn\Desktop\epq\vendor\laravel\framework\src\Illuminate\Pipeline\Pipeline.php(102): Illuminate\Routing\Pipeline->Illuminate\Routing\{closure}(Object(Illuminate\Http\Request))
#40 C:\Users\Thorn\Desktop\epq\vendor\laravel\framework\src\Illuminate\Routing\Router.php(574): Illuminate\Pipeline\Pipeline->then(Object(Closure))
#41 C:\Users\Thorn\Desktop\epq\vendor\laravel\framework\src\Illuminate\Routing\Router.php(533): Illuminate\Routing\Router->runRouteWithinStack(Object(Illuminate\Routing\Route), Object(Illuminate\Http\Request))
#42 C:\Users\Thorn\Desktop\epq\vendor\laravel\framework\src\Illuminate\Routing\Router.php(511): Illuminate\Routing\Router->dispatchToRoute(Object(Illuminate\Http\Request))
#43 C:\Users\Thorn\Desktop\epq\vendor\laravel\framework\src\Illuminate\Foundation\Http\Kernel.php(176): Illuminate\Routing\Router->dispatch(Object(Illuminate\Http\Request))
#44 C:\Users\Thorn\Desktop\epq\vendor\laravel\framework\src\Illuminate\Routing\Pipeline.php(30): Illuminate\Foundation\Http\Kernel->Illuminate\Foundation\Http\{closure}(Object(Illuminate\Http\Request))
#45 C:\Users\Thorn\Desktop\epq\vendor\laravel\framework\src\Illuminate\Foundation\Http\Middleware\TransformsRequest.php(30): Illuminate\Routing\Pipeline->Illuminate\Routing\{closure}(Object(Illuminate\Http\Request))
#46 C:\Users\Thorn\Desktop\epq\vendor\laravel\framework\src\Illuminate\Pipeline\Pipeline.php(148): Illuminate\Foundation\Http\Middleware\TransformsRequest->handle(Object(Illuminate\Http\Request), Object(Closure))
#47 C:\Users\Thorn\Desktop\epq\vendor\laravel\framework\src\Illuminate\Routing\Pipeline.php(53): Illuminate\Pipeline\Pipeline->Illuminate\Pipeline\{closure}(Object(Illuminate\Http\Request))
#48 C:\Users\Thorn\Desktop\epq\vendor\laravel\framework\src\Illuminate\Foundation\Http\Middleware\TransformsRequest.php(30): Illuminate\Routing\Pipeline->Illuminate\Routing\{closure}(Object(Illuminate\Http\Request))
#49 C:\Users\Thorn\Desktop\epq\vendor\laravel\framework\src\Illuminate\Pipeline\Pipeline.php(148): Illuminate\Foundation\Http\Middleware\TransformsRequest->handle(Object(Illuminate\Http\Request), Object(Closure))
#50 C:\Users\Thorn\Desktop\epq\vendor\laravel\framework\src\Illuminate\Routing\Pipeline.php(53): Illuminate\Pipeline\Pipeline->Illuminate\Pipeline\{closure}(Object(Illuminate\Http\Request))
#51 C:\Users\Thorn\Desktop\epq\vendor\laravel\framework\src\Illuminate\Foundation\Http\Middleware\ValidatePostSize.php(27): Illuminate\Routing\Pipeline->Illuminate\Routing\{closure}(Object(Illuminate\Http\Request))
#52 C:\Users\Thorn\Desktop\epq\vendor\laravel\framework\src\Illuminate\Pipeline\Pipeline.php(148): Illuminate\Foundation\Http\Middleware\ValidatePostSize->handle(Object(Illuminate\Http\Request), Object(Closure))
#53 C:\Users\Thorn\Desktop\epq\vendor\laravel\framework\src\Illuminate\Routing\Pipeline.php(53): Illuminate\Pipeline\Pipeline->Illuminate\Pipeline\{closure}(Object(Illuminate\Http\Request))
#54 C:\Users\Thorn\Desktop\epq\vendor\laravel\framework\src\Illuminate\Foundation\Http\Middleware\CheckForMaintenanceMode.php(46): Illuminate\Routing\Pipeline->Illuminate\Routing\{closure}(Object(Illuminate\Http\Request))
#55 C:\Users\Thorn\Desktop\epq\vendor\laravel\framework\src\Illuminate\Pipeline\Pipeline.php(148): Illuminate\Foundation\Http\Middleware\CheckForMaintenanceMode->handle(Object(Illuminate\Http\Request), Object(Closure))
#56 C:\Users\Thorn\Desktop\epq\vendor\laravel\framework\src\Illuminate\Routing\Pipeline.php(53): Illuminate\Pipeline\Pipeline->Illuminate\Pipeline\{closure}(Object(Illuminate\Http\Request))
#57 C:\Users\Thorn\Desktop\epq\vendor\laravel\framework\src\Illuminate\Pipeline\Pipeline.php(102): Illuminate\Routing\Pipeline->Illuminate\Routing\{closure}(Object(Illuminate\Http\Request))
#58 C:\Users\Thorn\Desktop\epq\vendor\laravel\framework\src\Illuminate\Foundation\Http\Kernel.php(151): Illuminate\Pipeline\Pipeline->then(Object(Closure))
#59 C:\Users\Thorn\Desktop\epq\vendor\laravel\framework\src\Illuminate\Foundation\Http\Kernel.php(116): Illuminate\Foundation\Http\Kernel->sendRequestThroughRouter(Object(Illuminate\Http\Request))
#60 C:\Users\Thorn\Desktop\epq\public\index.php(54): Illuminate\Foundation\Http\Kernel->handle(Object(Illuminate\Http\Request))
#61 C:\Users\Thorn\Desktop\epq\server.php(21): require_once('C:\\Users\\Thorn\\...')
#62 {main}  
[2017-12-24 01:42:19] local.ERROR: exception 'Exception' with message 'Property [key] does not exist on this collection instance.' in C:\Users\Thorn\Desktop\epq\vendor\laravel\framework\src\Illuminate\Support\Collection.php:1650
Stack trace:
#0 C:\Users\Thorn\Desktop\epq\app\Http\Controllers\create.php(87): Illuminate\Support\Collection->__get('key')
#1 [internal function]: App\Http\Controllers\create->vote(Object(Illuminate\Http\Request))
#2 C:\Users\Thorn\Desktop\epq\vendor\laravel\framework\src\Illuminate\Routing\Controller.php(55): call_user_func_array(Array, Array)
#3 C:\Users\Thorn\Desktop\epq\vendor\laravel\framework\src\Illuminate\Routing\ControllerDispatcher.php(44): Illuminate\Routing\Controller->callAction('vote', Array)
#4 C:\Users\Thorn\Desktop\epq\vendor\laravel\framework\src\Illuminate\Routing\Route.php(204): Illuminate\Routing\ControllerDispatcher->dispatch(Object(Illuminate\Routing\Route), Object(App\Http\Controllers\create), 'vote')
#5 C:\Users\Thorn\Desktop\epq\vendor\laravel\framework\src\Illuminate\Routing\Route.php(160): Illuminate\Routing\Route->runController()
#6 C:\Users\Thorn\Desktop\epq\vendor\laravel\framework\src\Illuminate\Routing\Router.php(572): Illuminate\Routing\Route->run()
#7 C:\Users\Thorn\Desktop\epq\vendor\laravel\framework\src\Illuminate\Routing\Pipeline.php(30): Illuminate\Routing\Router->Illuminate\Routing\{closure}(Object(Illuminate\Http\Request))
#8 C:\Users\Thorn\Desktop\epq\vendor\laravel\framework\src\Illuminate\Routing\Middleware\SubstituteBindings.php(41): Illuminate\Routing\Pipeline->Illuminate\Routing\{closure}(Object(Illuminate\Http\Request))
#9 C:\Users\Thorn\Desktop\epq\vendor\laravel\framework\src\Illuminate\Pipeline\Pipeline.php(148): Illuminate\Routing\Middleware\SubstituteBindings->handle(Object(Illuminate\Http\Request), Object(Closure))
#10 C:\Users\Thorn\Desktop\epq\vendor\laravel\framework\src\Illuminate\Routing\Pipeline.php(53): Illuminate\Pipeline\Pipeline->Illuminate\Pipeline\{closure}(Object(Illuminate\Http\Request))
#11 C:\Users\Thorn\Desktop\epq\vendor\laravel\framework\src\Illuminate\Auth\Middleware\Authenticate.php(43): Illuminate\Routing\Pipeline->Illuminate\Routing\{closure}(Object(Illuminate\Http\Request))
#12 C:\Users\Thorn\Desktop\epq\vendor\laravel\framework\src\Illuminate\Pipeline\Pipeline.php(148): Illuminate\Auth\Middleware\Authenticate->handle(Object(Illuminate\Http\Request), Object(Closure))
#13 C:\Users\Thorn\Desktop\epq\vendor\laravel\framework\src\Illuminate\Routing\Pipeline.php(53): Illuminate\Pipeline\Pipeline->Illuminate\Pipeline\{closure}(Object(Illuminate\Http\Request))
#14 C:\Users\Thorn\Desktop\epq\vendor\laravel\framework\src\Illuminate\Foundation\Http\Middleware\VerifyCsrfToken.php(65): Illuminate\Routing\Pipeline->Illuminate\Routing\{closure}(Object(Illuminate\Http\Request))
#15 C:\Users\Thorn\Desktop\epq\vendor\laravel\framework\src\Illuminate\Pipeline\Pipeline.php(148): Illuminate\Foundation\Http\Middleware\VerifyCsrfToken->handle(Object(Illuminate\Http\Request), Object(Closure))
#16 C:\Users\Thorn\Desktop\epq\vendor\laravel\framework\src\Illuminate\Routing\Pipeline.php(53): Illuminate\Pipeline\Pipeline->Illuminate\Pipeline\{closure}(Object(Illuminate\Http\Request))
#17 C:\Users\Thorn\Desktop\epq\vendor\laravel\framework\src\Illuminate\View\Middleware\ShareErrorsFromSession.php(49): Illuminate\Routing\Pipeline->Illuminate\Routing\{closure}(Object(Illuminate\Http\Request))
#18 C:\Users\Thorn\Desktop\epq\vendor\laravel\framework\src\Illuminate\Pipeline\Pipeline.php(148): Illuminate\View\Middleware\ShareErrorsFromSession->handle(Object(Illuminate\Http\Request), Object(Closure))
#19 C:\Users\Thorn\Desktop\epq\vendor\laravel\framework\src\Illuminate\Routing\Pipeline.php(53): Illuminate\Pipeline\Pipeline->Illuminate\Pipeline\{closure}(Object(Illuminate\Http\Request))
#20 C:\Users\Thorn\Desktop\epq\vendor\laravel\framework\src\Illuminate\Session\Middleware\StartSession.php(64): Illuminate\Routing\Pipeline->Illuminate\Routing\{closure}(Object(Illuminate\Http\Request))
#21 C:\Users\Thorn\Desktop\epq\vendor\laravel\framework\src\Illuminate\Pipeline\Pipeline.php(148): Illuminate\Session\Middleware\StartSession->handle(Object(Illuminate\Http\Request), Object(Closure))
#22 C:\Users\Thorn\Desktop\epq\vendor\laravel\framework\src\Illuminate\Routing\Pipeline.php(53): Illuminate\Pipeline\Pipeline->Illuminate\Pipeline\{closure}(Object(Illuminate\Http\Request))
#23 C:\Users\Thorn\Desktop\epq\vendor\laravel\framework\src\Illuminate\Cookie\Middleware\AddQueuedCookiesToResponse.php(37): Illuminate\Routing\Pipeline->Illuminate\Routing\{closure}(Object(Illuminate\Http\Request))
#24 C:\Users\Thorn\Desktop\epq\vendor\laravel\framework\src\Illuminate\Pipeline\Pipeline.php(148): Illuminate\Cookie\Middleware\AddQueuedCookiesToResponse->handle(Object(Illuminate\Http\Request), Object(Closure))
#25 C:\Users\Thorn\Desktop\epq\vendor\laravel\framework\src\Illuminate\Routing\Pipeline.php(53): Illuminate\Pipeline\Pipeline->Illuminate\Pipeline\{closure}(Object(Illuminate\Http\Request))
#26 C:\Users\Thorn\Desktop\epq\vendor\laravel\framework\src\Illuminate\Cookie\Middleware\EncryptCookies.php(59): Illuminate\Routing\Pipeline->Illuminate\Routing\{closure}(Object(Illuminate\Http\Request))
#27 C:\Users\Thorn\Desktop\epq\vendor\laravel\framework\src\Illuminate\Pipeline\Pipeline.php(148): Illuminate\Cookie\Middleware\EncryptCookies->handle(Object(Illuminate\Http\Request), Object(Closure))
#28 C:\Users\Thorn\Desktop\epq\vendor\laravel\framework\src\Illuminate\Routing\Pipeline.php(53): Illuminate\Pipeline\Pipeline->Illuminate\Pipeline\{closure}(Object(Illuminate\Http\Request))
#29 C:\Users\Thorn\Desktop\epq\vendor\laravel\framework\src\Illuminate\Pipeline\Pipeline.php(102): Illuminate\Routing\Pipeline->Illuminate\Routing\{closure}(Object(Illuminate\Http\Request))
#30 C:\Users\Thorn\Desktop\epq\vendor\laravel\framework\src\Illuminate\Routing\Router.php(574): Illuminate\Pipeline\Pipeline->then(Object(Closure))
#31 C:\Users\Thorn\Desktop\epq\vendor\laravel\framework\src\Illuminate\Routing\Router.php(533): Illuminate\Routing\Router->runRouteWithinStack(Object(Illuminate\Routing\Route), Object(Illuminate\Http\Request))
#32 C:\Users\Thorn\Desktop\epq\vendor\laravel\framework\src\Illuminate\Routing\Router.php(511): Illuminate\Routing\Router->dispatchToRoute(Object(Illuminate\Http\Request))
#33 C:\Users\Thorn\Desktop\epq\vendor\laravel\framework\src\Illuminate\Foundation\Http\Kernel.php(176): Illuminate\Routing\Router->dispatch(Object(Illuminate\Http\Request))
#34 C:\Users\Thorn\Desktop\epq\vendor\laravel\framework\src\Illuminate\Routing\Pipeline.php(30): Illuminate\Foundation\Http\Kernel->Illuminate\Foundation\Http\{closure}(Object(Illuminate\Http\Request))
#35 C:\Users\Thorn\Desktop\epq\vendor\laravel\framework\src\Illuminate\Foundation\Http\Middleware\TransformsRequest.php(30): Illuminate\Routing\Pipeline->Illuminate\Routing\{closure}(Object(Illuminate\Http\Request))
#36 C:\Users\Thorn\Desktop\epq\vendor\laravel\framework\src\Illuminate\Pipeline\Pipeline.php(148): Illuminate\Foundation\Http\Middleware\TransformsRequest->handle(Object(Illuminate\Http\Request), Object(Closure))
#37 C:\Users\Thorn\Desktop\epq\vendor\laravel\framework\src\Illuminate\Routing\Pipeline.php(53): Illuminate\Pipeline\Pipeline->Illuminate\Pipeline\{closure}(Object(Illuminate\Http\Request))
#38 C:\Users\Thorn\Desktop\epq\vendor\laravel\framework\src\Illuminate\Foundation\Http\Middleware\TransformsRequest.php(30): Illuminate\Routing\Pipeline->Illuminate\Routing\{closure}(Object(Illuminate\Http\Request))
#39 C:\Users\Thorn\Desktop\epq\vendor\laravel\framework\src\Illuminate\Pipeline\Pipeline.php(148): Illuminate\Foundation\Http\Middleware\TransformsRequest->handle(Object(Illuminate\Http\Request), Object(Closure))
#40 C:\Users\Thorn\Desktop\epq\vendor\laravel\framework\src\Illuminate\Routing\Pipeline.php(53): Illuminate\Pipeline\Pipeline->Illuminate\Pipeline\{closure}(Object(Illuminate\Http\Request))
#41 C:\Users\Thorn\Desktop\epq\vendor\laravel\framework\src\Illuminate\Foundation\Http\Middleware\ValidatePostSize.php(27): Illuminate\Routing\Pipeline->Illuminate\Routing\{closure}(Object(Illuminate\Http\Request))
#42 C:\Users\Thorn\Desktop\epq\vendor\laravel\framework\src\Illuminate\Pipeline\Pipeline.php(148): Illuminate\Foundation\Http\Middleware\ValidatePostSize->handle(Object(Illuminate\Http\Request), Object(Closure))
#43 C:\Users\Thorn\Desktop\epq\vendor\laravel\framework\src\Illuminate\Routing\Pipeline.php(53): Illuminate\Pipeline\Pipeline->Illuminate\Pipeline\{closure}(Object(Illuminate\Http\Request))
#44 C:\Users\Thorn\Desktop\epq\vendor\laravel\framework\src\Illuminate\Foundation\Http\Middleware\CheckForMaintenanceMode.php(46): Illuminate\Routing\Pipeline->Illuminate\Routing\{closure}(Object(Illuminate\Http\Request))
#45 C:\Users\Thorn\Desktop\epq\vendor\laravel\framework\src\Illuminate\Pipeline\Pipeline.php(148): Illuminate\Foundation\Http\Middleware\CheckForMaintenanceMode->handle(Object(Illuminate\Http\Request), Object(Closure))
#46 C:\Users\Thorn\Desktop\epq\vendor\laravel\framework\src\Illuminate\Routing\Pipeline.php(53): Illuminate\Pipeline\Pipeline->Illuminate\Pipeline\{closure}(Object(Illuminate\Http\Request))
#47 C:\Users\Thorn\Desktop\epq\vendor\laravel\framework\src\Illuminate\Pipeline\Pipeline.php(102): Illuminate\Routing\Pipeline->Illuminate\Routing\{closure}(Object(Illuminate\Http\Request))
#48 C:\Users\Thorn\Desktop\epq\vendor\laravel\framework\src\Illuminate\Foundation\Http\Kernel.php(151): Illuminate\Pipeline\Pipeline->then(Object(Closure))
#49 C:\Users\Thorn\Desktop\epq\vendor\laravel\framework\src\Illuminate\Foundation\Http\Kernel.php(116): Illuminate\Foundation\Http\Kernel->sendRequestThroughRouter(Object(Illuminate\Http\Request))
#50 C:\Users\Thorn\Desktop\epq\public\index.php(54): Illuminate\Foundation\Http\Kernel->handle(Object(Illuminate\Http\Request))
#51 C:\Users\Thorn\Desktop\epq\server.php(21): require_once('C:\\Users\\Thorn\\...')
#52 {main}  
[2017-12-24 01:46:01] local.ERROR: exception 'Exception' with message 'Property [key] does not exist on this collection instance.' in C:\Users\Thorn\Desktop\epq\vendor\laravel\framework\src\Illuminate\Support\Collection.php:1650
Stack trace:
#0 C:\Users\Thorn\Desktop\epq\app\Http\Controllers\create.php(87): Illuminate\Support\Collection->__get('key')
#1 [internal function]: App\Http\Controllers\create->vote(Object(Illuminate\Http\Request))
#2 C:\Users\Thorn\Desktop\epq\vendor\laravel\framework\src\Illuminate\Routing\Controller.php(55): call_user_func_array(Array, Array)
#3 C:\Users\Thorn\Desktop\epq\vendor\laravel\framework\src\Illuminate\Routing\ControllerDispatcher.php(44): Illuminate\Routing\Controller->callAction('vote', Array)
#4 C:\Users\Thorn\Desktop\epq\vendor\laravel\framework\src\Illuminate\Routing\Route.php(204): Illuminate\Routing\ControllerDispatcher->dispatch(Object(Illuminate\Routing\Route), Object(App\Http\Controllers\create), 'vote')
#5 C:\Users\Thorn\Desktop\epq\vendor\laravel\framework\src\Illuminate\Routing\Route.php(160): Illuminate\Routing\Route->runController()
#6 C:\Users\Thorn\Desktop\epq\vendor\laravel\framework\src\Illuminate\Routing\Router.php(572): Illuminate\Routing\Route->run()
#7 C:\Users\Thorn\Desktop\epq\vendor\laravel\framework\src\Illuminate\Routing\Pipeline.php(30): Illuminate\Routing\Router->Illuminate\Routing\{closure}(Object(Illuminate\Http\Request))
#8 C:\Users\Thorn\Desktop\epq\vendor\laravel\framework\src\Illuminate\Routing\Middleware\SubstituteBindings.php(41): Illuminate\Routing\Pipeline->Illuminate\Routing\{closure}(Object(Illuminate\Http\Request))
#9 C:\Users\Thorn\Desktop\epq\vendor\laravel\framework\src\Illuminate\Pipeline\Pipeline.php(148): Illuminate\Routing\Middleware\SubstituteBindings->handle(Object(Illuminate\Http\Request), Object(Closure))
#10 C:\Users\Thorn\Desktop\epq\vendor\laravel\framework\src\Illuminate\Routing\Pipeline.php(53): Illuminate\Pipeline\Pipeline->Illuminate\Pipeline\{closure}(Object(Illuminate\Http\Request))
#11 C:\Users\Thorn\Desktop\epq\vendor\laravel\framework\src\Illuminate\Auth\Middleware\Authenticate.php(43): Illuminate\Routing\Pipeline->Illuminate\Routing\{closure}(Object(Illuminate\Http\Request))
#12 C:\Users\Thorn\Desktop\epq\vendor\laravel\framework\src\Illuminate\Pipeline\Pipeline.php(148): Illuminate\Auth\Middleware\Authenticate->handle(Object(Illuminate\Http\Request), Object(Closure))
#13 C:\Users\Thorn\Desktop\epq\vendor\laravel\framework\src\Illuminate\Routing\Pipeline.php(53): Illuminate\Pipeline\Pipeline->Illuminate\Pipeline\{closure}(Object(Illuminate\Http\Request))
#14 C:\Users\Thorn\Desktop\epq\vendor\laravel\framework\src\Illuminate\Foundation\Http\Middleware\VerifyCsrfToken.php(65): Illuminate\Routing\Pipeline->Illuminate\Routing\{closure}(Object(Illuminate\Http\Request))
#15 C:\Users\Thorn\Desktop\epq\vendor\laravel\framework\src\Illuminate\Pipeline\Pipeline.php(148): Illuminate\Foundation\Http\Middleware\VerifyCsrfToken->handle(Object(Illuminate\Http\Request), Object(Closure))
#16 C:\Users\Thorn\Desktop\epq\vendor\laravel\framework\src\Illuminate\Routing\Pipeline.php(53): Illuminate\Pipeline\Pipeline->Illuminate\Pipeline\{closure}(Object(Illuminate\Http\Request))
#17 C:\Users\Thorn\Desktop\epq\vendor\laravel\framework\src\Illuminate\View\Middleware\ShareErrorsFromSession.php(49): Illuminate\Routing\Pipeline->Illuminate\Routing\{closure}(Object(Illuminate\Http\Request))
#18 C:\Users\Thorn\Desktop\epq\vendor\laravel\framework\src\Illuminate\Pipeline\Pipeline.php(148): Illuminate\View\Middleware\ShareErrorsFromSession->handle(Object(Illuminate\Http\Request), Object(Closure))
#19 C:\Users\Thorn\Desktop\epq\vendor\laravel\framework\src\Illuminate\Routing\Pipeline.php(53): Illuminate\Pipeline\Pipeline->Illuminate\Pipeline\{closure}(Object(Illuminate\Http\Request))
#20 C:\Users\Thorn\Desktop\epq\vendor\laravel\framework\src\Illuminate\Session\Middleware\StartSession.php(64): Illuminate\Routing\Pipeline->Illuminate\Routing\{closure}(Object(Illuminate\Http\Request))
#21 C:\Users\Thorn\Desktop\epq\vendor\laravel\framework\src\Illuminate\Pipeline\Pipeline.php(148): Illuminate\Session\Middleware\StartSession->handle(Object(Illuminate\Http\Request), Object(Closure))
#22 C:\Users\Thorn\Desktop\epq\vendor\laravel\framework\src\Illuminate\Routing\Pipeline.php(53): Illuminate\Pipeline\Pipeline->Illuminate\Pipeline\{closure}(Object(Illuminate\Http\Request))
#23 C:\Users\Thorn\Desktop\epq\vendor\laravel\framework\src\Illuminate\Cookie\Middleware\AddQueuedCookiesToResponse.php(37): Illuminate\Routing\Pipeline->Illuminate\Routing\{closure}(Object(Illuminate\Http\Request))
#24 C:\Users\Thorn\Desktop\epq\vendor\laravel\framework\src\Illuminate\Pipeline\Pipeline.php(148): Illuminate\Cookie\Middleware\AddQueuedCookiesToResponse->handle(Object(Illuminate\Http\Request), Object(Closure))
#25 C:\Users\Thorn\Desktop\epq\vendor\laravel\framework\src\Illuminate\Routing\Pipeline.php(53): Illuminate\Pipeline\Pipeline->Illuminate\Pipeline\{closure}(Object(Illuminate\Http\Request))
#26 C:\Users\Thorn\Desktop\epq\vendor\laravel\framework\src\Illuminate\Cookie\Middleware\EncryptCookies.php(59): Illuminate\Routing\Pipeline->Illuminate\Routing\{closure}(Object(Illuminate\Http\Request))
#27 C:\Users\Thorn\Desktop\epq\vendor\laravel\framework\src\Illuminate\Pipeline\Pipeline.php(148): Illuminate\Cookie\Middleware\EncryptCookies->handle(Object(Illuminate\Http\Request), Object(Closure))
#28 C:\Users\Thorn\Desktop\epq\vendor\laravel\framework\src\Illuminate\Routing\Pipeline.php(53): Illuminate\Pipeline\Pipeline->Illuminate\Pipeline\{closure}(Object(Illuminate\Http\Request))
#29 C:\Users\Thorn\Desktop\epq\vendor\laravel\framework\src\Illuminate\Pipeline\Pipeline.php(102): Illuminate\Routing\Pipeline->Illuminate\Routing\{closure}(Object(Illuminate\Http\Request))
#30 C:\Users\Thorn\Desktop\epq\vendor\laravel\framework\src\Illuminate\Routing\Router.php(574): Illuminate\Pipeline\Pipeline->then(Object(Closure))
#31 C:\Users\Thorn\Desktop\epq\vendor\laravel\framework\src\Illuminate\Routing\Router.php(533): Illuminate\Routing\Router->runRouteWithinStack(Object(Illuminate\Routing\Route), Object(Illuminate\Http\Request))
#32 C:\Users\Thorn\Desktop\epq\vendor\laravel\framework\src\Illuminate\Routing\Router.php(511): Illuminate\Routing\Router->dispatchToRoute(Object(Illuminate\Http\Request))
#33 C:\Users\Thorn\Desktop\epq\vendor\laravel\framework\src\Illuminate\Foundation\Http\Kernel.php(176): Illuminate\Routing\Router->dispatch(Object(Illuminate\Http\Request))
#34 C:\Users\Thorn\Desktop\epq\vendor\laravel\framework\src\Illuminate\Routing\Pipeline.php(30): Illuminate\Foundation\Http\Kernel->Illuminate\Foundation\Http\{closure}(Object(Illuminate\Http\Request))
#35 C:\Users\Thorn\Desktop\epq\vendor\laravel\framework\src\Illuminate\Foundation\Http\Middleware\TransformsRequest.php(30): Illuminate\Routing\Pipeline->Illuminate\Routing\{closure}(Object(Illuminate\Http\Request))
#36 C:\Users\Thorn\Desktop\epq\vendor\laravel\framework\src\Illuminate\Pipeline\Pipeline.php(148): Illuminate\Foundation\Http\Middleware\TransformsRequest->handle(Object(Illuminate\Http\Request), Object(Closure))
#37 C:\Users\Thorn\Desktop\epq\vendor\laravel\framework\src\Illuminate\Routing\Pipeline.php(53): Illuminate\Pipeline\Pipeline->Illuminate\Pipeline\{closure}(Object(Illuminate\Http\Request))
#38 C:\Users\Thorn\Desktop\epq\vendor\laravel\framework\src\Illuminate\Foundation\Http\Middleware\TransformsRequest.php(30): Illuminate\Routing\Pipeline->Illuminate\Routing\{closure}(Object(Illuminate\Http\Request))
#39 C:\Users\Thorn\Desktop\epq\vendor\laravel\framework\src\Illuminate\Pipeline\Pipeline.php(148): Illuminate\Foundation\Http\Middleware\TransformsRequest->handle(Object(Illuminate\Http\Request), Object(Closure))
#40 C:\Users\Thorn\Desktop\epq\vendor\laravel\framework\src\Illuminate\Routing\Pipeline.php(53): Illuminate\Pipeline\Pipeline->Illuminate\Pipeline\{closure}(Object(Illuminate\Http\Request))
#41 C:\Users\Thorn\Desktop\epq\vendor\laravel\framework\src\Illuminate\Foundation\Http\Middleware\ValidatePostSize.php(27): Illuminate\Routing\Pipeline->Illuminate\Routing\{closure}(Object(Illuminate\Http\Request))
#42 C:\Users\Thorn\Desktop\epq\vendor\laravel\framework\src\Illuminate\Pipeline\Pipeline.php(148): Illuminate\Foundation\Http\Middleware\ValidatePostSize->handle(Object(Illuminate\Http\Request), Object(Closure))
#43 C:\Users\Thorn\Desktop\epq\vendor\laravel\framework\src\Illuminate\Routing\Pipeline.php(53): Illuminate\Pipeline\Pipeline->Illuminate\Pipeline\{closure}(Object(Illuminate\Http\Request))
#44 C:\Users\Thorn\Desktop\epq\vendor\laravel\framework\src\Illuminate\Foundation\Http\Middleware\CheckForMaintenanceMode.php(46): Illuminate\Routing\Pipeline->Illuminate\Routing\{closure}(Object(Illuminate\Http\Request))
#45 C:\Users\Thorn\Desktop\epq\vendor\laravel\framework\src\Illuminate\Pipeline\Pipeline.php(148): Illuminate\Foundation\Http\Middleware\CheckForMaintenanceMode->handle(Object(Illuminate\Http\Request), Object(Closure))
#46 C:\Users\Thorn\Desktop\epq\vendor\laravel\framework\src\Illuminate\Routing\Pipeline.php(53): Illuminate\Pipeline\Pipeline->Illuminate\Pipeline\{closure}(Object(Illuminate\Http\Request))
#47 C:\Users\Thorn\Desktop\epq\vendor\laravel\framework\src\Illuminate\Pipeline\Pipeline.php(102): Illuminate\Routing\Pipeline->Illuminate\Routing\{closure}(Object(Illuminate\Http\Request))
#48 C:\Users\Thorn\Desktop\epq\vendor\laravel\framework\src\Illuminate\Foundation\Http\Kernel.php(151): Illuminate\Pipeline\Pipeline->then(Object(Closure))
#49 C:\Users\Thorn\Desktop\epq\vendor\laravel\framework\src\Illuminate\Foundation\Http\Kernel.php(116): Illuminate\Foundation\Http\Kernel->sendRequestThroughRouter(Object(Illuminate\Http\Request))
#50 C:\Users\Thorn\Desktop\epq\public\index.php(54): Illuminate\Foundation\Http\Kernel->handle(Object(Illuminate\Http\Request))
#51 C:\Users\Thorn\Desktop\epq\server.php(21): require_once('C:\\Users\\Thorn\\...')
#52 {main}  
[2017-12-24 01:57:07] local.ERROR: exception 'PDOException' with message 'SQLSTATE[HY000] [1049] Unknown database 'epq'' in C:\Users\Thorn\Desktop\epq\vendor\laravel\framework\src\Illuminate\Database\Connectors\Connector.php:68
Stack trace:
#0 C:\Users\Thorn\Desktop\epq\vendor\laravel\framework\src\Illuminate\Database\Connectors\Connector.php(68): PDO->__construct('mysql:host=127....', 'root', '', Array)
#1 C:\Users\Thorn\Desktop\epq\vendor\laravel\framework\src\Illuminate\Database\Connectors\Connector.php(45): Illuminate\Database\Connectors\Connector->createPdoConnection('mysql:host=127....', 'root', '', Array)
#2 C:\Users\Thorn\Desktop\epq\vendor\laravel\framework\src\Illuminate\Database\Connectors\MySqlConnector.php(24): Illuminate\Database\Connectors\Connector->createConnection('mysql:host=127....', Array, Array)
#3 C:\Users\Thorn\Desktop\epq\vendor\laravel\framework\src\Illuminate\Database\Connectors\ConnectionFactory.php(183): Illuminate\Database\Connectors\MySqlConnector->connect(Array)
#4 [internal function]: Illuminate\Database\Connectors\ConnectionFactory->Illuminate\Database\Connectors\{closure}()
#5 C:\Users\Thorn\Desktop\epq\vendor\laravel\framework\src\Illuminate\Database\Connection.php(883): call_user_func(Object(Closure))
#6 C:\Users\Thorn\Desktop\epq\vendor\laravel\framework\src\Illuminate\Database\Connection.php(904): Illuminate\Database\Connection->getPdo()
#7 C:\Users\Thorn\Desktop\epq\vendor\laravel\framework\src\Illuminate\Database\Connection.php(392): Illuminate\Database\Connection->getReadPdo()
#8 C:\Users\Thorn\Desktop\epq\vendor\laravel\framework\src\Illuminate\Database\Connection.php(318): Illuminate\Database\Connection->getPdoForSelect(true)
#9 C:\Users\Thorn\Desktop\epq\vendor\laravel\framework\src\Illuminate\Database\Connection.php(640): Illuminate\Database\Connection->Illuminate\Database\{closure}('select * from i...', Array)
#10 C:\Users\Thorn\Desktop\epq\vendor\laravel\framework\src\Illuminate\Database\Connection.php(607): Illuminate\Database\Connection->runQueryCallback('select * from i...', Array, Object(Closure))
#11 C:\Users\Thorn\Desktop\epq\vendor\laravel\framework\src\Illuminate\Database\Connection.php(326): Illuminate\Database\Connection->run('select * from i...', Array, Object(Closure))
#12 C:\Users\Thorn\Desktop\epq\vendor\laravel\framework\src\Illuminate\Database\Schema\MySqlBuilder.php(19): Illuminate\Database\Connection->select('select * from i...', Array)
#13 C:\Users\Thorn\Desktop\epq\vendor\laravel\framework\src\Illuminate\Database\Migrations\DatabaseMigrationRepository.php(154): Illuminate\Database\Schema\MySqlBuilder->hasTable('migrations')
#14 C:\Users\Thorn\Desktop\epq\vendor\laravel\framework\src\Illuminate\Database\Migrations\Migrator.php(544): Illuminate\Database\Migrations\DatabaseMigrationRepository->repositoryExists()
#15 C:\Users\Thorn\Desktop\epq\vendor\laravel\framework\src\Illuminate\Database\Console\Migrations\MigrateCommand.php(96): Illuminate\Database\Migrations\Migrator->repositoryExists()
#16 C:\Users\Thorn\Desktop\epq\vendor\laravel\framework\src\Illuminate\Database\Console\Migrations\MigrateCommand.php(62): Illuminate\Database\Console\Migrations\MigrateCommand->prepareDatabase()
#17 [internal function]: Illuminate\Database\Console\Migrations\MigrateCommand->fire()
#18 C:\Users\Thorn\Desktop\epq\vendor\laravel\framework\src\Illuminate\Container\BoundMethod.php(30): call_user_func_array(Array, Array)
#19 C:\Users\Thorn\Desktop\epq\vendor\laravel\framework\src\Illuminate\Container\BoundMethod.php(87): Illuminate\Container\BoundMethod::Illuminate\Container\{closure}()
#20 C:\Users\Thorn\Desktop\epq\vendor\laravel\framework\src\Illuminate\Container\BoundMethod.php(31): Illuminate\Container\BoundMethod::callBoundMethod(Object(Illuminate\Foundation\Application), Array, Object(Closure))
#21 C:\Users\Thorn\Desktop\epq\vendor\laravel\framework\src\Illuminate\Container\Container.php(539): Illuminate\Container\BoundMethod::call(Object(Illuminate\Foundation\Application), Array, Array, NULL)
#22 C:\Users\Thorn\Desktop\epq\vendor\laravel\framework\src\Illuminate\Console\Command.php(182): Illuminate\Container\Container->call(Array)
#23 C:\Users\Thorn\Desktop\epq\vendor\symfony\console\Command\Command.php(240): Illuminate\Console\Command->execute(Object(Symfony\Component\Console\Input\ArgvInput), Object(Illuminate\Console\OutputStyle))
#24 C:\Users\Thorn\Desktop\epq\vendor\laravel\framework\src\Illuminate\Console\Command.php(168): Symfony\Component\Console\Command\Command->run(Object(Symfony\Component\Console\Input\ArgvInput), Object(Illuminate\Console\OutputStyle))
#25 C:\Users\Thorn\Desktop\epq\vendor\symfony\console\Application.php(860): Illuminate\Console\Command->run(Object(Symfony\Component\Console\Input\ArgvInput), Object(Symfony\Component\Console\Output\ConsoleOutput))
#26 C:\Users\Thorn\Desktop\epq\vendor\symfony\console\Application.php(218): Symfony\Component\Console\Application->doRunCommand(Object(Illuminate\Database\Console\Migrations\MigrateCommand), Object(Symfony\Component\Console\Input\ArgvInput), Object(Symfony\Component\Console\Output\ConsoleOutput))
#27 C:\Users\Thorn\Desktop\epq\vendor\symfony\console\Application.php(122): Symfony\Component\Console\Application->doRun(Object(Symfony\Component\Console\Input\ArgvInput), Object(Symfony\Component\Console\Output\ConsoleOutput))
#28 C:\Users\Thorn\Desktop\epq\vendor\laravel\framework\src\Illuminate\Foundation\Console\Kernel.php(122): Symfony\Component\Console\Application->run(Object(Symfony\Component\Console\Input\ArgvInput), Object(Symfony\Component\Console\Output\ConsoleOutput))
#29 C:\Users\Thorn\Desktop\epq\artisan(36): Illuminate\Foundation\Console\Kernel->handle(Object(Symfony\Component\Console\Input\ArgvInput), Object(Symfony\Component\Console\Output\ConsoleOutput))
#30 {main}  
[2017-12-24 01:57:07] local.ERROR: exception 'PDOException' with message 'SQLSTATE[HY000] [1049] Unknown database 'epq'' in C:\Users\Thorn\Desktop\epq\vendor\laravel\framework\src\Illuminate\Database\Connectors\Connector.php:68
Stack trace:
#0 C:\Users\Thorn\Desktop\epq\vendor\laravel\framework\src\Illuminate\Database\Connectors\Connector.php(68): PDO->__construct('mysql:host=127....', 'root', '', Array)
#1 C:\Users\Thorn\Desktop\epq\vendor\laravel\framework\src\Illuminate\Database\Connectors\Connector.php(45): Illuminate\Database\Connectors\Connector->createPdoConnection('mysql:host=127....', 'root', '', Array)
#2 C:\Users\Thorn\Desktop\epq\vendor\laravel\framework\src\Illuminate\Database\Connectors\MySqlConnector.php(24): Illuminate\Database\Connectors\Connector->createConnection('mysql:host=127....', Array, Array)
#3 C:\Users\Thorn\Desktop\epq\vendor\laravel\framework\src\Illuminate\Database\Connectors\ConnectionFactory.php(183): Illuminate\Database\Connectors\MySqlConnector->connect(Array)
#4 [internal function]: Illuminate\Database\Connectors\ConnectionFactory->Illuminate\Database\Connectors\{closure}()
#5 C:\Users\Thorn\Desktop\epq\vendor\laravel\framework\src\Illuminate\Database\Connection.php(883): call_user_func(Object(Closure))
#6 C:\Users\Thorn\Desktop\epq\vendor\laravel\framework\src\Illuminate\Database\Connection.php(904): Illuminate\Database\Connection->getPdo()
#7 C:\Users\Thorn\Desktop\epq\vendor\laravel\framework\src\Illuminate\Database\Connection.php(392): Illuminate\Database\Connection->getReadPdo()
#8 C:\Users\Thorn\Desktop\epq\vendor\laravel\framework\src\Illuminate\Database\Connection.php(318): Illuminate\Database\Connection->getPdoForSelect(true)
#9 C:\Users\Thorn\Desktop\epq\vendor\laravel\framework\src\Illuminate\Database\Connection.php(640): Illuminate\Database\Connection->Illuminate\Database\{closure}('select * from i...', Array)
#10 C:\Users\Thorn\Desktop\epq\vendor\laravel\framework\src\Illuminate\Database\Connection.php(607): Illuminate\Database\Connection->runQueryCallback('select * from i...', Array, Object(Closure))
#11 C:\Users\Thorn\Desktop\epq\vendor\laravel\framework\src\Illuminate\Database\Connection.php(326): Illuminate\Database\Connection->run('select * from i...', Array, Object(Closure))
#12 C:\Users\Thorn\Desktop\epq\vendor\laravel\framework\src\Illuminate\Database\Schema\MySqlBuilder.php(19): Illuminate\Database\Connection->select('select * from i...', Array)
#13 C:\Users\Thorn\Desktop\epq\vendor\laravel\framework\src\Illuminate\Database\Migrations\DatabaseMigrationRepository.php(154): Illuminate\Database\Schema\MySqlBuilder->hasTable('migrations')
#14 C:\Users\Thorn\Desktop\epq\vendor\laravel\framework\src\Illuminate\Database\Migrations\Migrator.php(544): Illuminate\Database\Migrations\DatabaseMigrationRepository->repositoryExists()
#15 C:\Users\Thorn\Desktop\epq\vendor\laravel\framework\src\Illuminate\Database\Console\Migrations\MigrateCommand.php(96): Illuminate\Database\Migrations\Migrator->repositoryExists()
#16 C:\Users\Thorn\Desktop\epq\vendor\laravel\framework\src\Illuminate\Database\Console\Migrations\MigrateCommand.php(62): Illuminate\Database\Console\Migrations\MigrateCommand->prepareDatabase()
#17 [internal function]: Illuminate\Database\Console\Migrations\MigrateCommand->fire()
#18 C:\Users\Thorn\Desktop\epq\vendor\laravel\framework\src\Illuminate\Container\BoundMethod.php(30): call_user_func_array(Array, Array)
#19 C:\Users\Thorn\Desktop\epq\vendor\laravel\framework\src\Illuminate\Container\BoundMethod.php(87): Illuminate\Container\BoundMethod::Illuminate\Container\{closure}()
#20 C:\Users\Thorn\Desktop\epq\vendor\laravel\framework\src\Illuminate\Container\BoundMethod.php(31): Illuminate\Container\BoundMethod::callBoundMethod(Object(Illuminate\Foundation\Application), Array, Object(Closure))
#21 C:\Users\Thorn\Desktop\epq\vendor\laravel\framework\src\Illuminate\Container\Container.php(539): Illuminate\Container\BoundMethod::call(Object(Illuminate\Foundation\Application), Array, Array, NULL)
#22 C:\Users\Thorn\Desktop\epq\vendor\laravel\framework\src\Illuminate\Console\Command.php(182): Illuminate\Container\Container->call(Array)
#23 C:\Users\Thorn\Desktop\epq\vendor\symfony\console\Command\Command.php(240): Illuminate\Console\Command->execute(Object(Symfony\Component\Console\Input\ArgvInput), Object(Illuminate\Console\OutputStyle))
#24 C:\Users\Thorn\Desktop\epq\vendor\laravel\framework\src\Illuminate\Console\Command.php(168): Symfony\Component\Console\Command\Command->run(Object(Symfony\Component\Console\Input\ArgvInput), Object(Illuminate\Console\OutputStyle))
#25 C:\Users\Thorn\Desktop\epq\vendor\symfony\console\Application.php(860): Illuminate\Console\Command->run(Object(Symfony\Component\Console\Input\ArgvInput), Object(Symfony\Component\Console\Output\ConsoleOutput))
#26 C:\Users\Thorn\Desktop\epq\vendor\symfony\console\Application.php(218): Symfony\Component\Console\Application->doRunCommand(Object(Illuminate\Database\Console\Migrations\MigrateCommand), Object(Symfony\Component\Console\Input\ArgvInput), Object(Symfony\Component\Console\Output\ConsoleOutput))
#27 C:\Users\Thorn\Desktop\epq\vendor\symfony\console\Application.php(122): Symfony\Component\Console\Application->doRun(Object(Symfony\Component\Console\Input\ArgvInput), Object(Symfony\Component\Console\Output\ConsoleOutput))
#28 C:\Users\Thorn\Desktop\epq\vendor\laravel\framework\src\Illuminate\Foundation\Console\Kernel.php(122): Symfony\Component\Console\Application->run(Object(Symfony\Component\Console\Input\ArgvInput), Object(Symfony\Component\Console\Output\ConsoleOutput))
#29 C:\Users\Thorn\Desktop\epq\artisan(36): Illuminate\Foundation\Console\Kernel->handle(Object(Symfony\Component\Console\Input\ArgvInput), Object(Symfony\Component\Console\Output\ConsoleOutput))
#30 {main}

Next exception 'Illuminate\Database\QueryException' with message 'SQLSTATE[HY000] [1049] Unknown database 'epq' (SQL: select * from information_schema.tables where table_schema = epq and table_name = migrations)' in C:\Users\Thorn\Desktop\epq\vendor\laravel\framework\src\Illuminate\Database\Connection.php:647
Stack trace:
#0 C:\Users\Thorn\Desktop\epq\vendor\laravel\framework\src\Illuminate\Database\Connection.php(607): Illuminate\Database\Connection->runQueryCallback('select * from i...', Array, Object(Closure))
#1 C:\Users\Thorn\Desktop\epq\vendor\laravel\framework\src\Illuminate\Database\Connection.php(326): Illuminate\Database\Connection->run('select * from i...', Array, Object(Closure))
#2 C:\Users\Thorn\Desktop\epq\vendor\laravel\framework\src\Illuminate\Database\Schema\MySqlBuilder.php(19): Illuminate\Database\Connection->select('select * from i...', Array)
#3 C:\Users\Thorn\Desktop\epq\vendor\laravel\framework\src\Illuminate\Database\Migrations\DatabaseMigrationRepository.php(154): Illuminate\Database\Schema\MySqlBuilder->hasTable('migrations')
#4 C:\Users\Thorn\Desktop\epq\vendor\laravel\framework\src\Illuminate\Database\Migrations\Migrator.php(544): Illuminate\Database\Migrations\DatabaseMigrationRepository->repositoryExists()
#5 C:\Users\Thorn\Desktop\epq\vendor\laravel\framework\src\Illuminate\Database\Console\Migrations\MigrateCommand.php(96): Illuminate\Database\Migrations\Migrator->repositoryExists()
#6 C:\Users\Thorn\Desktop\epq\vendor\laravel\framework\src\Illuminate\Database\Console\Migrations\MigrateCommand.php(62): Illuminate\Database\Console\Migrations\MigrateCommand->prepareDatabase()
#7 [internal function]: Illuminate\Database\Console\Migrations\MigrateCommand->fire()
#8 C:\Users\Thorn\Desktop\epq\vendor\laravel\framework\src\Illuminate\Container\BoundMethod.php(30): call_user_func_array(Array, Array)
#9 C:\Users\Thorn\Desktop\epq\vendor\laravel\framework\src\Illuminate\Container\BoundMethod.php(87): Illuminate\Container\BoundMethod::Illuminate\Container\{closure}()
#10 C:\Users\Thorn\Desktop\epq\vendor\laravel\framework\src\Illuminate\Container\BoundMethod.php(31): Illuminate\Container\BoundMethod::callBoundMethod(Object(Illuminate\Foundation\Application), Array, Object(Closure))
#11 C:\Users\Thorn\Desktop\epq\vendor\laravel\framework\src\Illuminate\Container\Container.php(539): Illuminate\Container\BoundMethod::call(Object(Illuminate\Foundation\Application), Array, Array, NULL)
#12 C:\Users\Thorn\Desktop\epq\vendor\laravel\framework\src\Illuminate\Console\Command.php(182): Illuminate\Container\Container->call(Array)
#13 C:\Users\Thorn\Desktop\epq\vendor\symfony\console\Command\Command.php(240): Illuminate\Console\Command->execute(Object(Symfony\Component\Console\Input\ArgvInput), Object(Illuminate\Console\OutputStyle))
#14 C:\Users\Thorn\Desktop\epq\vendor\laravel\framework\src\Illuminate\Console\Command.php(168): Symfony\Component\Console\Command\Command->run(Object(Symfony\Component\Console\Input\ArgvInput), Object(Illuminate\Console\OutputStyle))
#15 C:\Users\Thorn\Desktop\epq\vendor\symfony\console\Application.php(860): Illuminate\Console\Command->run(Object(Symfony\Component\Console\Input\ArgvInput), Object(Symfony\Component\Console\Output\ConsoleOutput))
#16 C:\Users\Thorn\Desktop\epq\vendor\symfony\console\Application.php(218): Symfony\Component\Console\Application->doRunCommand(Object(Illuminate\Database\Console\Migrations\MigrateCommand), Object(Symfony\Component\Console\Input\ArgvInput), Object(Symfony\Component\Console\Output\ConsoleOutput))
#17 C:\Users\Thorn\Desktop\epq\vendor\symfony\console\Application.php(122): Symfony\Component\Console\Application->doRun(Object(Symfony\Component\Console\Input\ArgvInput), Object(Symfony\Component\Console\Output\ConsoleOutput))
#18 C:\Users\Thorn\Desktop\epq\vendor\laravel\framework\src\Illuminate\Foundation\Console\Kernel.php(122): Symfony\Component\Console\Application->run(Object(Symfony\Component\Console\Input\ArgvInput), Object(Symfony\Component\Console\Output\ConsoleOutput))
#19 C:\Users\Thorn\Desktop\epq\artisan(36): Illuminate\Foundation\Console\Kernel->handle(Object(Symfony\Component\Console\Input\ArgvInput), Object(Symfony\Component\Console\Output\ConsoleOutput))
#20 {main}  
[2017-12-24 01:57:51] local.ERROR: exception 'PDOException' with message 'SQLSTATE[22007]: Invalid datetime format: 1292 Incorrect date value: '20000-05-15' for column 'dob' at row 1' in C:\Users\Thorn\Desktop\epq\vendor\laravel\framework\src\Illuminate\Database\Connection.php:449
Stack trace:
#0 C:\Users\Thorn\Desktop\epq\vendor\laravel\framework\src\Illuminate\Database\Connection.php(449): PDOStatement->execute()
#1 C:\Users\Thorn\Desktop\epq\vendor\laravel\framework\src\Illuminate\Database\Connection.php(640): Illuminate\Database\Connection->Illuminate\Database\{closure}('insert into `us...', Array)
#2 C:\Users\Thorn\Desktop\epq\vendor\laravel\framework\src\Illuminate\Database\Connection.php(607): Illuminate\Database\Connection->runQueryCallback('insert into `us...', Array, Object(Closure))
#3 C:\Users\Thorn\Desktop\epq\vendor\laravel\framework\src\Illuminate\Database\Connection.php(450): Illuminate\Database\Connection->run('insert into `us...', Array, Object(Closure))
#4 C:\Users\Thorn\Desktop\epq\vendor\laravel\framework\src\Illuminate\Database\Connection.php(404): Illuminate\Database\Connection->statement('insert into `us...', Array)
#5 C:\Users\Thorn\Desktop\epq\vendor\laravel\framework\src\Illuminate\Database\Query\Processors\Processor.php(32): Illuminate\Database\Connection->insert('insert into `us...', Array)
#6 C:\Users\Thorn\Desktop\epq\vendor\laravel\framework\src\Illuminate\Database\Query\Builder.php(2133): Illuminate\Database\Query\Processors\Processor->processInsertGetId(Object(Illuminate\Database\Query\Builder), 'insert into `us...', Array, 'id')
#7 C:\Users\Thorn\Desktop\epq\vendor\laravel\framework\src\Illuminate\Database\Eloquent\Builder.php(1251): Illuminate\Database\Query\Builder->insertGetId(Array, 'id')
#8 C:\Users\Thorn\Desktop\epq\vendor\laravel\framework\src\Illuminate\Database\Eloquent\Model.php(688): Illuminate\Database\Eloquent\Builder->__call('insertGetId', Array)
#9 C:\Users\Thorn\Desktop\epq\vendor\laravel\framework\src\Illuminate\Database\Eloquent\Model.php(688): Illuminate\Database\Eloquent\Builder->insertGetId(Array, 'id')
#10 C:\Users\Thorn\Desktop\epq\vendor\laravel\framework\src\Illuminate\Database\Eloquent\Model.php(653): Illuminate\Database\Eloquent\Model->insertAndSetId(Object(Illuminate\Database\Eloquent\Builder), Array)
#11 C:\Users\Thorn\Desktop\epq\vendor\laravel\framework\src\Illuminate\Database\Eloquent\Model.php(522): Illuminate\Database\Eloquent\Model->performInsert(Object(Illuminate\Database\Eloquent\Builder))
#12 C:\Users\Thorn\Desktop\epq\vendor\laravel\framework\src\Illuminate\Database\Eloquent\Builder.php(734): Illuminate\Database\Eloquent\Model->save()
#13 C:\Users\Thorn\Desktop\epq\vendor\laravel\framework\src\Illuminate\Support\helpers.php(964): Illuminate\Database\Eloquent\Builder->Illuminate\Database\Eloquent\{closure}(Object(App\User))
#14 C:\Users\Thorn\Desktop\epq\vendor\laravel\framework\src\Illuminate\Database\Eloquent\Builder.php(735): tap(Object(App\User), Object(Closure))
#15 C:\Users\Thorn\Desktop\epq\vendor\laravel\framework\src\Illuminate\Database\Eloquent\Model.php(1374): Illuminate\Database\Eloquent\Builder->create(Array)
#16 C:\Users\Thorn\Desktop\epq\vendor\laravel\framework\src\Illuminate\Database\Eloquent\Model.php(1386): Illuminate\Database\Eloquent\Model->__call('create', Array)
#17 C:\Users\Thorn\Desktop\epq\vendor\laravel\framework\src\Illuminate\Database\Eloquent\Model.php(1386): App\User->create(Array)
#18 C:\Users\Thorn\Desktop\epq\app\Http\Controllers\Auth\RegisterController.php(71): Illuminate\Database\Eloquent\Model::__callStatic('create', Array)
#19 C:\Users\Thorn\Desktop\epq\app\Http\Controllers\Auth\RegisterController.php(71): App\User::create(Array)
#20 C:\Users\Thorn\Desktop\epq\vendor\laravel\framework\src\Illuminate\Foundation\Auth\RegistersUsers.php(33): App\Http\Controllers\Auth\RegisterController->create(Array)
#21 [internal function]: App\Http\Controllers\Auth\RegisterController->register(Object(Illuminate\Http\Request))
#22 C:\Users\Thorn\Desktop\epq\vendor\laravel\framework\src\Illuminate\Routing\Controller.php(55): call_user_func_array(Array, Array)
#23 C:\Users\Thorn\Desktop\epq\vendor\laravel\framework\src\Illuminate\Routing\ControllerDispatcher.php(44): Illuminate\Routing\Controller->callAction('register', Array)
#24 C:\Users\Thorn\Desktop\epq\vendor\laravel\framework\src\Illuminate\Routing\Route.php(204): Illuminate\Routing\ControllerDispatcher->dispatch(Object(Illuminate\Routing\Route), Object(App\Http\Controllers\Auth\RegisterController), 'register')
#25 C:\Users\Thorn\Desktop\epq\vendor\laravel\framework\src\Illuminate\Routing\Route.php(160): Illuminate\Routing\Route->runController()
#26 C:\Users\Thorn\Desktop\epq\vendor\laravel\framework\src\Illuminate\Routing\Router.php(572): Illuminate\Routing\Route->run()
#27 C:\Users\Thorn\Desktop\epq\vendor\laravel\framework\src\Illuminate\Routing\Pipeline.php(30): Illuminate\Routing\Router->Illuminate\Routing\{closure}(Object(Illuminate\Http\Request))
#28 C:\Users\Thorn\Desktop\epq\app\Http\Middleware\RedirectIfAuthenticated.php(24): Illuminate\Routing\Pipeline->Illuminate\Routing\{closure}(Object(Illuminate\Http\Request))
#29 C:\Users\Thorn\Desktop\epq\vendor\laravel\framework\src\Illuminate\Pipeline\Pipeline.php(148): App\Http\Middleware\RedirectIfAuthenticated->handle(Object(Illuminate\Http\Request), Object(Closure))
#30 C:\Users\Thorn\Desktop\epq\vendor\laravel\framework\src\Illuminate\Routing\Pipeline.php(53): Illuminate\Pipeline\Pipeline->Illuminate\Pipeline\{closure}(Object(Illuminate\Http\Request))
#31 C:\Users\Thorn\Desktop\epq\vendor\laravel\framework\src\Illuminate\Routing\Middleware\SubstituteBindings.php(41): Illuminate\Routing\Pipeline->Illuminate\Routing\{closure}(Object(Illuminate\Http\Request))
#32 C:\Users\Thorn\Desktop\epq\vendor\laravel\framework\src\Illuminate\Pipeline\Pipeline.php(148): Illuminate\Routing\Middleware\SubstituteBindings->handle(Object(Illuminate\Http\Request), Object(Closure))
#33 C:\Users\Thorn\Desktop\epq\vendor\laravel\framework\src\Illuminate\Routing\Pipeline.php(53): Illuminate\Pipeline\Pipeline->Illuminate\Pipeline\{closure}(Object(Illuminate\Http\Request))
#34 C:\Users\Thorn\Desktop\epq\vendor\laravel\framework\src\Illuminate\Foundation\Http\Middleware\VerifyCsrfToken.php(65): Illuminate\Routing\Pipeline->Illuminate\Routing\{closure}(Object(Illuminate\Http\Request))
#35 C:\Users\Thorn\Desktop\epq\vendor\laravel\framework\src\Illuminate\Pipeline\Pipeline.php(148): Illuminate\Foundation\Http\Middleware\VerifyCsrfToken->handle(Object(Illuminate\Http\Request), Object(Closure))
#36 C:\Users\Thorn\Desktop\epq\vendor\laravel\framework\src\Illuminate\Routing\Pipeline.php(53): Illuminate\Pipeline\Pipeline->Illuminate\Pipeline\{closure}(Object(Illuminate\Http\Request))
#37 C:\Users\Thorn\Desktop\epq\vendor\laravel\framework\src\Illuminate\View\Middleware\ShareErrorsFromSession.php(49): Illuminate\Routing\Pipeline->Illuminate\Routing\{closure}(Object(Illuminate\Http\Request))
#38 C:\Users\Thorn\Desktop\epq\vendor\laravel\framework\src\Illuminate\Pipeline\Pipeline.php(148): Illuminate\View\Middleware\ShareErrorsFromSession->handle(Object(Illuminate\Http\Request), Object(Closure))
#39 C:\Users\Thorn\Desktop\epq\vendor\laravel\framework\src\Illuminate\Routing\Pipeline.php(53): Illuminate\Pipeline\Pipeline->Illuminate\Pipeline\{closure}(Object(Illuminate\Http\Request))
#40 C:\Users\Thorn\Desktop\epq\vendor\laravel\framework\src\Illuminate\Session\Middleware\StartSession.php(64): Illuminate\Routing\Pipeline->Illuminate\Routing\{closure}(Object(Illuminate\Http\Request))
#41 C:\Users\Thorn\Desktop\epq\vendor\laravel\framework\src\Illuminate\Pipeline\Pipeline.php(148): Illuminate\Session\Middleware\StartSession->handle(Object(Illuminate\Http\Request), Object(Closure))
#42 C:\Users\Thorn\Desktop\epq\vendor\laravel\framework\src\Illuminate\Routing\Pipeline.php(53): Illuminate\Pipeline\Pipeline->Illuminate\Pipeline\{closure}(Object(Illuminate\Http\Request))
#43 C:\Users\Thorn\Desktop\epq\vendor\laravel\framework\src\Illuminate\Cookie\Middleware\AddQueuedCookiesToResponse.php(37): Illuminate\Routing\Pipeline->Illuminate\Routing\{closure}(Object(Illuminate\Http\Request))
#44 C:\Users\Thorn\Desktop\epq\vendor\laravel\framework\src\Illuminate\Pipeline\Pipeline.php(148): Illuminate\Cookie\Middleware\AddQueuedCookiesToResponse->handle(Object(Illuminate\Http\Request), Object(Closure))
#45 C:\Users\Thorn\Desktop\epq\vendor\laravel\framework\src\Illuminate\Routing\Pipeline.php(53): Illuminate\Pipeline\Pipeline->Illuminate\Pipeline\{closure}(Object(Illuminate\Http\Request))
#46 C:\Users\Thorn\Desktop\epq\vendor\laravel\framework\src\Illuminate\Cookie\Middleware\EncryptCookies.php(59): Illuminate\Routing\Pipeline->Illuminate\Routing\{closure}(Object(Illuminate\Http\Request))
#47 C:\Users\Thorn\Desktop\epq\vendor\laravel\framework\src\Illuminate\Pipeline\Pipeline.php(148): Illuminate\Cookie\Middleware\EncryptCookies->handle(Object(Illuminate\Http\Request), Object(Closure))
#48 C:\Users\Thorn\Desktop\epq\vendor\laravel\framework\src\Illuminate\Routing\Pipeline.php(53): Illuminate\Pipeline\Pipeline->Illuminate\Pipeline\{closure}(Object(Illuminate\Http\Request))
#49 C:\Users\Thorn\Desktop\epq\vendor\laravel\framework\src\Illuminate\Pipeline\Pipeline.php(102): Illuminate\Routing\Pipeline->Illuminate\Routing\{closure}(Object(Illuminate\Http\Request))
#50 C:\Users\Thorn\Desktop\epq\vendor\laravel\framework\src\Illuminate\Routing\Router.php(574): Illuminate\Pipeline\Pipeline->then(Object(Closure))
#51 C:\Users\Thorn\Desktop\epq\vendor\laravel\framework\src\Illuminate\Routing\Router.php(533): Illuminate\Routing\Router->runRouteWithinStack(Object(Illuminate\Routing\Route), Object(Illuminate\Http\Request))
#52 C:\Users\Thorn\Desktop\epq\vendor\laravel\framework\src\Illuminate\Routing\Router.php(511): Illuminate\Routing\Router->dispatchToRoute(Object(Illuminate\Http\Request))
#53 C:\Users\Thorn\Desktop\epq\vendor\laravel\framework\src\Illuminate\Foundation\Http\Kernel.php(176): Illuminate\Routing\Router->dispatch(Object(Illuminate\Http\Request))
#54 C:\Users\Thorn\Desktop\epq\vendor\laravel\framework\src\Illuminate\Routing\Pipeline.php(30): Illuminate\Foundation\Http\Kernel->Illuminate\Foundation\Http\{closure}(Object(Illuminate\Http\Request))
#55 C:\Users\Thorn\Desktop\epq\vendor\laravel\framework\src\Illuminate\Foundation\Http\Middleware\TransformsRequest.php(30): Illuminate\Routing\Pipeline->Illuminate\Routing\{closure}(Object(Illuminate\Http\Request))
#56 C:\Users\Thorn\Desktop\epq\vendor\laravel\framework\src\Illuminate\Pipeline\Pipeline.php(148): Illuminate\Foundation\Http\Middleware\TransformsRequest->handle(Object(Illuminate\Http\Request), Object(Closure))
#57 C:\Users\Thorn\Desktop\epq\vendor\laravel\framework\src\Illuminate\Routing\Pipeline.php(53): Illuminate\Pipeline\Pipeline->Illuminate\Pipeline\{closure}(Object(Illuminate\Http\Request))
#58 C:\Users\Thorn\Desktop\epq\vendor\laravel\framework\src\Illuminate\Foundation\Http\Middleware\TransformsRequest.php(30): Illuminate\Routing\Pipeline->Illuminate\Routing\{closure}(Object(Illuminate\Http\Request))
#59 C:\Users\Thorn\Desktop\epq\vendor\laravel\framework\src\Illuminate\Pipeline\Pipeline.php(148): Illuminate\Foundation\Http\Middleware\TransformsRequest->handle(Object(Illuminate\Http\Request), Object(Closure))
#60 C:\Users\Thorn\Desktop\epq\vendor\laravel\framework\src\Illuminate\Routing\Pipeline.php(53): Illuminate\Pipeline\Pipeline->Illuminate\Pipeline\{closure}(Object(Illuminate\Http\Request))
#61 C:\Users\Thorn\Desktop\epq\vendor\laravel\framework\src\Illuminate\Foundation\Http\Middleware\ValidatePostSize.php(27): Illuminate\Routing\Pipeline->Illuminate\Routing\{closure}(Object(Illuminate\Http\Request))
#62 C:\Users\Thorn\Desktop\epq\vendor\laravel\framework\src\Illuminate\Pipeline\Pipeline.php(148): Illuminate\Foundation\Http\Middleware\ValidatePostSize->handle(Object(Illuminate\Http\Request), Object(Closure))
#63 C:\Users\Thorn\Desktop\epq\vendor\laravel\framework\src\Illuminate\Routing\Pipeline.php(53): Illuminate\Pipeline\Pipeline->Illuminate\Pipeline\{closure}(Object(Illuminate\Http\Request))
#64 C:\Users\Thorn\Desktop\epq\vendor\laravel\framework\src\Illuminate\Foundation\Http\Middleware\CheckForMaintenanceMode.php(46): Illuminate\Routing\Pipeline->Illuminate\Routing\{closure}(Object(Illuminate\Http\Request))
#65 C:\Users\Thorn\Desktop\epq\vendor\laravel\framework\src\Illuminate\Pipeline\Pipeline.php(148): Illuminate\Foundation\Http\Middleware\CheckForMaintenanceMode->handle(Object(Illuminate\Http\Request), Object(Closure))
#66 C:\Users\Thorn\Desktop\epq\vendor\laravel\framework\src\Illuminate\Routing\Pipeline.php(53): Illuminate\Pipeline\Pipeline->Illuminate\Pipeline\{closure}(Object(Illuminate\Http\Request))
#67 C:\Users\Thorn\Desktop\epq\vendor\laravel\framework\src\Illuminate\Pipeline\Pipeline.php(102): Illuminate\Routing\Pipeline->Illuminate\Routing\{closure}(Object(Illuminate\Http\Request))
#68 C:\Users\Thorn\Desktop\epq\vendor\laravel\framework\src\Illuminate\Foundation\Http\Kernel.php(151): Illuminate\Pipeline\Pipeline->then(Object(Closure))
#69 C:\Users\Thorn\Desktop\epq\vendor\laravel\framework\src\Illuminate\Foundation\Http\Kernel.php(116): Illuminate\Foundation\Http\Kernel->sendRequestThroughRouter(Object(Illuminate\Http\Request))
#70 C:\Users\Thorn\Desktop\epq\public\index.php(54): Illuminate\Foundation\Http\Kernel->handle(Object(Illuminate\Http\Request))
#71 C:\Users\Thorn\Desktop\epq\server.php(21): require_once('C:\\Users\\Thorn\\...')
#72 {main}

Next exception 'Illuminate\Database\QueryException' with message 'SQLSTATE[22007]: Invalid datetime format: 1292 Incorrect date value: '20000-05-15' for column 'dob' at row 1 (SQL: insert into `users` (`name`, `email`, `password`, `dob`, `gender`, `updated_at`, `created_at`) values (Ben, 11bthornton@gmail.com, $2y$10$z/C/2Prl67jSAqcfesu9Ge4JfFvzxvtsFygsqW3DUO1xx1P1hQHxO, 20000-05-15, Male, 2017-12-24 01:57:51, 2017-12-24 01:57:51))' in C:\Users\Thorn\Desktop\epq\vendor\laravel\framework\src\Illuminate\Database\Connection.php:647
Stack trace:
#0 C:\Users\Thorn\Desktop\epq\vendor\laravel\framework\src\Illuminate\Database\Connection.php(607): Illuminate\Database\Connection->runQueryCallback('insert into `us...', Array, Object(Closure))
#1 C:\Users\Thorn\Desktop\epq\vendor\laravel\framework\src\Illuminate\Database\Connection.php(450): Illuminate\Database\Connection->run('insert into `us...', Array, Object(Closure))
#2 C:\Users\Thorn\Desktop\epq\vendor\laravel\framework\src\Illuminate\Database\Connection.php(404): Illuminate\Database\Connection->statement('insert into `us...', Array)
#3 C:\Users\Thorn\Desktop\epq\vendor\laravel\framework\src\Illuminate\Database\Query\Processors\Processor.php(32): Illuminate\Database\Connection->insert('insert into `us...', Array)
#4 C:\Users\Thorn\Desktop\epq\vendor\laravel\framework\src\Illuminate\Database\Query\Builder.php(2133): Illuminate\Database\Query\Processors\Processor->processInsertGetId(Object(Illuminate\Database\Query\Builder), 'insert into `us...', Array, 'id')
#5 C:\Users\Thorn\Desktop\epq\vendor\laravel\framework\src\Illuminate\Database\Eloquent\Builder.php(1251): Illuminate\Database\Query\Builder->insertGetId(Array, 'id')
#6 C:\Users\Thorn\Desktop\epq\vendor\laravel\framework\src\Illuminate\Database\Eloquent\Model.php(688): Illuminate\Database\Eloquent\Builder->__call('insertGetId', Array)
#7 C:\Users\Thorn\Desktop\epq\vendor\laravel\framework\src\Illuminate\Database\Eloquent\Model.php(688): Illuminate\Database\Eloquent\Builder->insertGetId(Array, 'id')
#8 C:\Users\Thorn\Desktop\epq\vendor\laravel\framework\src\Illuminate\Database\Eloquent\Model.php(653): Illuminate\Database\Eloquent\Model->insertAndSetId(Object(Illuminate\Database\Eloquent\Builder), Array)
#9 C:\Users\Thorn\Desktop\epq\vendor\laravel\framework\src\Illuminate\Database\Eloquent\Model.php(522): Illuminate\Database\Eloquent\Model->performInsert(Object(Illuminate\Database\Eloquent\Builder))
#10 C:\Users\Thorn\Desktop\epq\vendor\laravel\framework\src\Illuminate\Database\Eloquent\Builder.php(734): Illuminate\Database\Eloquent\Model->save()
#11 C:\Users\Thorn\Desktop\epq\vendor\laravel\framework\src\Illuminate\Support\helpers.php(964): Illuminate\Database\Eloquent\Builder->Illuminate\Database\Eloquent\{closure}(Object(App\User))
#12 C:\Users\Thorn\Desktop\epq\vendor\laravel\framework\src\Illuminate\Database\Eloquent\Builder.php(735): tap(Object(App\User), Object(Closure))
#13 C:\Users\Thorn\Desktop\epq\vendor\laravel\framework\src\Illuminate\Database\Eloquent\Model.php(1374): Illuminate\Database\Eloquent\Builder->create(Array)
#14 C:\Users\Thorn\Desktop\epq\vendor\laravel\framework\src\Illuminate\Database\Eloquent\Model.php(1386): Illuminate\Database\Eloquent\Model->__call('create', Array)
#15 C:\Users\Thorn\Desktop\epq\vendor\laravel\framework\src\Illuminate\Database\Eloquent\Model.php(1386): App\User->create(Array)
#16 C:\Users\Thorn\Desktop\epq\app\Http\Controllers\Auth\RegisterController.php(71): Illuminate\Database\Eloquent\Model::__callStatic('create', Array)
#17 C:\Users\Thorn\Desktop\epq\app\Http\Controllers\Auth\RegisterController.php(71): App\User::create(Array)
#18 C:\Users\Thorn\Desktop\epq\vendor\laravel\framework\src\Illuminate\Foundation\Auth\RegistersUsers.php(33): App\Http\Controllers\Auth\RegisterController->create(Array)
#19 [internal function]: App\Http\Controllers\Auth\RegisterController->register(Object(Illuminate\Http\Request))
#20 C:\Users\Thorn\Desktop\epq\vendor\laravel\framework\src\Illuminate\Routing\Controller.php(55): call_user_func_array(Array, Array)
#21 C:\Users\Thorn\Desktop\epq\vendor\laravel\framework\src\Illuminate\Routing\ControllerDispatcher.php(44): Illuminate\Routing\Controller->callAction('register', Array)
#22 C:\Users\Thorn\Desktop\epq\vendor\laravel\framework\src\Illuminate\Routing\Route.php(204): Illuminate\Routing\ControllerDispatcher->dispatch(Object(Illuminate\Routing\Route), Object(App\Http\Controllers\Auth\RegisterController), 'register')
#23 C:\Users\Thorn\Desktop\epq\vendor\laravel\framework\src\Illuminate\Routing\Route.php(160): Illuminate\Routing\Route->runController()
#24 C:\Users\Thorn\Desktop\epq\vendor\laravel\framework\src\Illuminate\Routing\Router.php(572): Illuminate\Routing\Route->run()
#25 C:\Users\Thorn\Desktop\epq\vendor\laravel\framework\src\Illuminate\Routing\Pipeline.php(30): Illuminate\Routing\Router->Illuminate\Routing\{closure}(Object(Illuminate\Http\Request))
#26 C:\Users\Thorn\Desktop\epq\app\Http\Middleware\RedirectIfAuthenticated.php(24): Illuminate\Routing\Pipeline->Illuminate\Routing\{closure}(Object(Illuminate\Http\Request))
#27 C:\Users\Thorn\Desktop\epq\vendor\laravel\framework\src\Illuminate\Pipeline\Pipeline.php(148): App\Http\Middleware\RedirectIfAuthenticated->handle(Object(Illuminate\Http\Request), Object(Closure))
#28 C:\Users\Thorn\Desktop\epq\vendor\laravel\framework\src\Illuminate\Routing\Pipeline.php(53): Illuminate\Pipeline\Pipeline->Illuminate\Pipeline\{closure}(Object(Illuminate\Http\Request))
#29 C:\Users\Thorn\Desktop\epq\vendor\laravel\framework\src\Illuminate\Routing\Middleware\SubstituteBindings.php(41): Illuminate\Routing\Pipeline->Illuminate\Routing\{closure}(Object(Illuminate\Http\Request))
#30 C:\Users\Thorn\Desktop\epq\vendor\laravel\framework\src\Illuminate\Pipeline\Pipeline.php(148): Illuminate\Routing\Middleware\SubstituteBindings->handle(Object(Illuminate\Http\Request), Object(Closure))
#31 C:\Users\Thorn\Desktop\epq\vendor\laravel\framework\src\Illuminate\Routing\Pipeline.php(53): Illuminate\Pipeline\Pipeline->Illuminate\Pipeline\{closure}(Object(Illuminate\Http\Request))
#32 C:\Users\Thorn\Desktop\epq\vendor\laravel\framework\src\Illuminate\Foundation\Http\Middleware\VerifyCsrfToken.php(65): Illuminate\Routing\Pipeline->Illuminate\Routing\{closure}(Object(Illuminate\Http\Request))
#33 C:\Users\Thorn\Desktop\epq\vendor\laravel\framework\src\Illuminate\Pipeline\Pipeline.php(148): Illuminate\Foundation\Http\Middleware\VerifyCsrfToken->handle(Object(Illuminate\Http\Request), Object(Closure))
#34 C:\Users\Thorn\Desktop\epq\vendor\laravel\framework\src\Illuminate\Routing\Pipeline.php(53): Illuminate\Pipeline\Pipeline->Illuminate\Pipeline\{closure}(Object(Illuminate\Http\Request))
#35 C:\Users\Thorn\Desktop\epq\vendor\laravel\framework\src\Illuminate\View\Middleware\ShareErrorsFromSession.php(49): Illuminate\Routing\Pipeline->Illuminate\Routing\{closure}(Object(Illuminate\Http\Request))
#36 C:\Users\Thorn\Desktop\epq\vendor\laravel\framework\src\Illuminate\Pipeline\Pipeline.php(148): Illuminate\View\Middleware\ShareErrorsFromSession->handle(Object(Illuminate\Http\Request), Object(Closure))
#37 C:\Users\Thorn\Desktop\epq\vendor\laravel\framework\src\Illuminate\Routing\Pipeline.php(53): Illuminate\Pipeline\Pipeline->Illuminate\Pipeline\{closure}(Object(Illuminate\Http\Request))
#38 C:\Users\Thorn\Desktop\epq\vendor\laravel\framework\src\Illuminate\Session\Middleware\StartSession.php(64): Illuminate\Routing\Pipeline->Illuminate\Routing\{closure}(Object(Illuminate\Http\Request))
#39 C:\Users\Thorn\Desktop\epq\vendor\laravel\framework\src\Illuminate\Pipeline\Pipeline.php(148): Illuminate\Session\Middleware\StartSession->handle(Object(Illuminate\Http\Request), Object(Closure))
#40 C:\Users\Thorn\Desktop\epq\vendor\laravel\framework\src\Illuminate\Routing\Pipeline.php(53): Illuminate\Pipeline\Pipeline->Illuminate\Pipeline\{closure}(Object(Illuminate\Http\Request))
#41 C:\Users\Thorn\Desktop\epq\vendor\laravel\framework\src\Illuminate\Cookie\Middleware\AddQueuedCookiesToResponse.php(37): Illuminate\Routing\Pipeline->Illuminate\Routing\{closure}(Object(Illuminate\Http\Request))
#42 C:\Users\Thorn\Desktop\epq\vendor\laravel\framework\src\Illuminate\Pipeline\Pipeline.php(148): Illuminate\Cookie\Middleware\AddQueuedCookiesToResponse->handle(Object(Illuminate\Http\Request), Object(Closure))
#43 C:\Users\Thorn\Desktop\epq\vendor\laravel\framework\src\Illuminate\Routing\Pipeline.php(53): Illuminate\Pipeline\Pipeline->Illuminate\Pipeline\{closure}(Object(Illuminate\Http\Request))
#44 C:\Users\Thorn\Desktop\epq\vendor\laravel\framework\src\Illuminate\Cookie\Middleware\EncryptCookies.php(59): Illuminate\Routing\Pipeline->Illuminate\Routing\{closure}(Object(Illuminate\Http\Request))
#45 C:\Users\Thorn\Desktop\epq\vendor\laravel\framework\src\Illuminate\Pipeline\Pipeline.php(148): Illuminate\Cookie\Middleware\EncryptCookies->handle(Object(Illuminate\Http\Request), Object(Closure))
#46 C:\Users\Thorn\Desktop\epq\vendor\laravel\framework\src\Illuminate\Routing\Pipeline.php(53): Illuminate\Pipeline\Pipeline->Illuminate\Pipeline\{closure}(Object(Illuminate\Http\Request))
#47 C:\Users\Thorn\Desktop\epq\vendor\laravel\framework\src\Illuminate\Pipeline\Pipeline.php(102): Illuminate\Routing\Pipeline->Illuminate\Routing\{closure}(Object(Illuminate\Http\Request))
#48 C:\Users\Thorn\Desktop\epq\vendor\laravel\framework\src\Illuminate\Routing\Router.php(574): Illuminate\Pipeline\Pipeline->then(Object(Closure))
#49 C:\Users\Thorn\Desktop\epq\vendor\laravel\framework\src\Illuminate\Routing\Router.php(533): Illuminate\Routing\Router->runRouteWithinStack(Object(Illuminate\Routing\Route), Object(Illuminate\Http\Request))
#50 C:\Users\Thorn\Desktop\epq\vendor\laravel\framework\src\Illuminate\Routing\Router.php(511): Illuminate\Routing\Router->dispatchToRoute(Object(Illuminate\Http\Request))
#51 C:\Users\Thorn\Desktop\epq\vendor\laravel\framework\src\Illuminate\Foundation\Http\Kernel.php(176): Illuminate\Routing\Router->dispatch(Object(Illuminate\Http\Request))
#52 C:\Users\Thorn\Desktop\epq\vendor\laravel\framework\src\Illuminate\Routing\Pipeline.php(30): Illuminate\Foundation\Http\Kernel->Illuminate\Foundation\Http\{closure}(Object(Illuminate\Http\Request))
#53 C:\Users\Thorn\Desktop\epq\vendor\laravel\framework\src\Illuminate\Foundation\Http\Middleware\TransformsRequest.php(30): Illuminate\Routing\Pipeline->Illuminate\Routing\{closure}(Object(Illuminate\Http\Request))
#54 C:\Users\Thorn\Desktop\epq\vendor\laravel\framework\src\Illuminate\Pipeline\Pipeline.php(148): Illuminate\Foundation\Http\Middleware\TransformsRequest->handle(Object(Illuminate\Http\Request), Object(Closure))
#55 C:\Users\Thorn\Desktop\epq\vendor\laravel\framework\src\Illuminate\Routing\Pipeline.php(53): Illuminate\Pipeline\Pipeline->Illuminate\Pipeline\{closure}(Object(Illuminate\Http\Request))
#56 C:\Users\Thorn\Desktop\epq\vendor\laravel\framework\src\Illuminate\Foundation\Http\Middleware\TransformsRequest.php(30): Illuminate\Routing\Pipeline->Illuminate\Routing\{closure}(Object(Illuminate\Http\Request))
#57 C:\Users\Thorn\Desktop\epq\vendor\laravel\framework\src\Illuminate\Pipeline\Pipeline.php(148): Illuminate\Foundation\Http\Middleware\TransformsRequest->handle(Object(Illuminate\Http\Request), Object(Closure))
#58 C:\Users\Thorn\Desktop\epq\vendor\laravel\framework\src\Illuminate\Routing\Pipeline.php(53): Illuminate\Pipeline\Pipeline->Illuminate\Pipeline\{closure}(Object(Illuminate\Http\Request))
#59 C:\Users\Thorn\Desktop\epq\vendor\laravel\framework\src\Illuminate\Foundation\Http\Middleware\ValidatePostSize.php(27): Illuminate\Routing\Pipeline->Illuminate\Routing\{closure}(Object(Illuminate\Http\Request))
#60 C:\Users\Thorn\Desktop\epq\vendor\laravel\framework\src\Illuminate\Pipeline\Pipeline.php(148): Illuminate\Foundation\Http\Middleware\ValidatePostSize->handle(Object(Illuminate\Http\Request), Object(Closure))
#61 C:\Users\Thorn\Desktop\epq\vendor\laravel\framework\src\Illuminate\Routing\Pipeline.php(53): Illuminate\Pipeline\Pipeline->Illuminate\Pipeline\{closure}(Object(Illuminate\Http\Request))
#62 C:\Users\Thorn\Desktop\epq\vendor\laravel\framework\src\Illuminate\Foundation\Http\Middleware\CheckForMaintenanceMode.php(46): Illuminate\Routing\Pipeline->Illuminate\Routing\{closure}(Object(Illuminate\Http\Request))
#63 C:\Users\Thorn\Desktop\epq\vendor\laravel\framework\src\Illuminate\Pipeline\Pipeline.php(148): Illuminate\Foundation\Http\Middleware\CheckForMaintenanceMode->handle(Object(Illuminate\Http\Request), Object(Closure))
#64 C:\Users\Thorn\Desktop\epq\vendor\laravel\framework\src\Illuminate\Routing\Pipeline.php(53): Illuminate\Pipeline\Pipeline->Illuminate\Pipeline\{closure}(Object(Illuminate\Http\Request))
#65 C:\Users\Thorn\Desktop\epq\vendor\laravel\framework\src\Illuminate\Pipeline\Pipeline.php(102): Illuminate\Routing\Pipeline->Illuminate\Routing\{closure}(Object(Illuminate\Http\Request))
#66 C:\Users\Thorn\Desktop\epq\vendor\laravel\framework\src\Illuminate\Foundation\Http\Kernel.php(151): Illuminate\Pipeline\Pipeline->then(Object(Closure))
#67 C:\Users\Thorn\Desktop\epq\vendor\laravel\framework\src\Illuminate\Foundation\Http\Kernel.php(116): Illuminate\Foundation\Http\Kernel->sendRequestThroughRouter(Object(Illuminate\Http\Request))
#68 C:\Users\Thorn\Desktop\epq\public\index.php(54): Illuminate\Foundation\Http\Kernel->handle(Object(Illuminate\Http\Request))
#69 C:\Users\Thorn\Desktop\epq\server.php(21): require_once('C:\\Users\\Thorn\\...')
#70 {main}  
[2017-12-24 14:23:02] local.ERROR: exception 'Symfony\Component\Debug\Exception\FatalErrorException' with message 'syntax error, unexpected '->' (T_OBJECT_OPERATOR)' in C:\Users\Thorn\Desktop\epq\app\Http\Controllers\HomeController.php:26
Stack trace:
#0 {main}  
[2017-12-24 14:23:14] local.ERROR: exception 'Symfony\Component\Debug\Exception\FatalErrorException' with message 'syntax error, unexpected 'return' (T_RETURN)' in C:\Users\Thorn\Desktop\epq\app\Http\Controllers\HomeController.php:27
Stack trace:
#0 {main}  
